id	date	likes	comments	views	title	author
46747	2026-09-27	0	0	0	[IN 40 / Lv. 13 / 330G++] [ 같이성장하고 오래게임하실 1분 구인 ]	POPOE
46745	2026-09-27	0	1	6	길드 구합니다 ㅠ	레이
46743	2026-09-27	0	1	29	길드 들어가여 토벌 열시미 침	쓰로잉 인대
46738	2026-09-27	0	0	7	[in90] Sing 상위권 지향 길드원모집 합니다. [26/30]	넥스터
46735	2026-09-27	0	0	13	레벨13 &lt;빌런&gt; 길드원 1명구합니다	매일
46729	2026-09-27	0	0	14	[lv12 켄지] 길드원 모집합니다~	포치2
46725	2026-09-27	0	0	38	좋은 길드 찾습니다!	가을맛쿠키
46724	2026-09-27	0	0	28	13렙 토벌 현 60등)) 6G 이상 길드원 한 분 모십니다	청개
46723	2026-09-27	0	0	11	🍪✨️ [크럼블 하루დ] 신생 길드 길드원 모집	하루haru
46720	2026-09-27	0	3	51	길드 구합니다	Luna82
46718	2026-09-27	0	0	24	Lv13 초월길드 길원모집합니다~	피기사
46713	2026-09-27	0	2	76	좋은 길드 구해요	밥고양이
46711	2026-09-27	0	1	22	Lv12 [ 리본 ] 자유롭고 편안한 길드입니다 [마감]	미미
46709	2026-09-27	0	0	116	10만 유튜버가 운영하는 13렙 길드! 상시 모집	Chacha
46705	2026-09-27	0	0	50	총투 224G 길드에서 길드원 모집합니다	길드장
46704	2026-09-27	0	7	97	총투 6.7g, 토벌전 239g 길드구합니다	한잔
46703	2026-09-27	0	1	32	12렙길드 [유성] 길드에서 빠르게 2분 모집합니다!!	김고은닮은꼴
46696	2026-09-27	3	1	73	[14렙 '랭커' 길드원 한분 모십니다]	질투
46690	2026-09-27	0	1	69	눈꽃 전원 토벌전 100g이상 100위권길드	문법
46689	2026-09-27	0	4	105	길드 찾습니다 	빨깅
46687	2026-09-27	0	0	107	[14렙, 토벌 in 10] "킹덤" 2분 구인합니다.	큰고양이
46686	2026-09-27	0	0	19	LV.11 [침대로] 길드원 모집! 완료!!! (30/30)	수노
46685	2026-09-27	0	0	41	[in93] Sing 상위권 지향 길드원모집 [26/30]	넥스터
46683	2026-09-27	0	2	39	'''몽키는원숭이''' 13LV 길드에서 총투 2G 이상의 동료들을 모집합니다! 한자리..!!! 다들 토벌전에 진심	누쿠누구
46680	2026-09-27	1	7	94	14렙 [공주] 공주님들 모십니다 (27/30)	노쇳물강화마스터
46679	2026-09-27	0	0	23	신생길드 [솜털]에서 초보 뉴비분들을 모셔요	시우
46678	2026-09-27	0	0	12	Lv.10 🔰'타마마' 길드원 모집 (15/29)	타마타마
46668	2026-09-27	0	1	44	Lv.13 밤낮 길드 총투 5G 이상 모집합니다!	나닛
46665	2026-09-27	0	0	18	Lv.11 "다이소"길드 총투력 200M이상 모집중🍡	귀여운무앵
46664	2026-09-27	0	0	40	4EVER 길드 모집 (길드 레벨 13.9, 연구 12-3)	sselrats
46661	2026-09-27	0	3	48	(완료) Lv.13 "나태“길드원 모집합니다.	정병멘헤라미소녀
46658	2026-09-27	0	0	102	관리 잘 되는 성인 길드 Lv.14 "카페모카"에서 토벌 다 뿌술 길드원 모십니다. (29/30)	김홍딴
46656	2026-09-27	1	0	42	Lv12 [ 리본 ] 자유롭고 편안한 길드입니다 [28/30]	미미
46648	2026-09-27	0	1	60	[13레벨] "쿠키런" 길드 모집합니다 29/30	뿌라
46646	2026-09-27	0	0	25	Lv.9 단결! 육군 특수전 사령부에서 길드원 모집합니다.	단결
46638	2026-09-27	1	0	57	[Lv.13 / 142G / 11-2] 머저리들에서 1분 모십니다	당첨되면소고기
46636	2026-09-27	1	7	137	길드구해요	나나나나나
46630	2026-09-27	0	0	54	14렙 13-3진행중	준이s088
46628	2026-09-27	0	3	115	좋은길드 구해요	dhxn
46627	2026-09-27	0	0	30	레벨 11 명예 길드 가족 2분 모십니다.	지옥절단스윙
46626	2026-09-27	0	7	134	총투 8.7G 토벌 240G 길드구해요	죠이
46624	2026-09-27	0	0	20	Lv.10 🔰'타마마' 길드원 모집 (14/29)	타마타마
46622	2026-09-27	0	10	85	Lv14 APEX (28/30) 길드원구합니다 / 연구 13-2 / 길드연구 300다이아소모까지 필수 / 오픈채팅 X / 전시즌 토벌 IN75 현시즌 70위 / 토벌 150G 이상 댓글주세요	Linbbbbb
46620	2026-09-27	1	0	90	총투 214G 길드에서 길드원 모집합니다	길드장
46616	2026-09-27	0	0	7	동글뱅이 자유가입	국키
46614	2026-09-27	1	2	46	급구! DScrumble 14렙, 연구소 13-3 마지막 한 분 모집합니다	전갈1
46609	2026-09-27	0	0	11	Lv5 불량쿠키군단 길드원 모집	방우뤼
46606	2026-09-27	0	2	30	11랩 오픈런길드 한분 자유모집	오픈런쿠키
46605	2026-09-27	0	5	123	총투 3.3G 토벌 90G 실론2장 살수있는 길드 구해요	산지직송사과
46595	2026-09-27	0	1	67	마감(길드렙14) 천지창조 길원모집	송정동패밀리
46585	2026-09-26	0	4	147	토발 최소 500g / 길드 구합니다	나나요
46579	2026-09-26	0	0	86	12렙 길드 버터쿠키바구니 1명 구인 ☆토벌전만 제대로 치면 나머지는 프리☆	마늘버터맛쿠키
46574	2026-09-26	0	0	119	14렙 모험 길드 길드원 모집합니다	이상민
46567	2026-09-26	0	0	36	[킬러들의쿠키런] 길드원 모집 합니다. ʕ•̫͡•ʕ•̫͡•ʔ•̫͡•ʔ•̫͡•ʕ•̫͡•ʔ•̫͡•ʔ	이즈토리
46566	2026-09-26	0	0	67	[in87] Sing 상위권 지향 길드원모집 합니다. [26/30]	넥스터
46562	2026-09-26	0	0	33	🙉레츠끼끼🙉 길드원 모집합니다 !! 17/29	태구
46557	2026-09-26	0	0	28	Lv.10 🔰'타마마' 길드원 모집 (13/29)	타마타마
46551	2026-09-26	0	0	52	길드원 모집중 	서울 구막
46549	2026-09-26	0	2	60	❤️  소통 길드 구해요	빛검천검
46545	2026-09-26	0	0	23	신길드 로떼부캉이 길원모집~	woojh0221
46542	2026-09-26	1	3	21	Lv5  불량쿠키군단 길드원 모집	방우뤼
46537	2026-09-26	0	1	80	12렙길드 [유성] 길드에서 빠르게 3분 모집합니다!!	김고은닮은꼴
46527	2026-09-26	1	0	40	밀영단 길드원 구합니다	glapple
46525	2026-09-26	0	0	44	12렙길드 &lt;쿠키조아&gt; 길드원 모집합니당!	마카홍
46524	2026-09-26	0	0	110	Lv14 길드원 모집	초보길드
46523	2026-09-26	0	0	30	Lv12 C3IS 길드원 모집 (29/30) - 현 토벌 2T, 길드전투력 96G	C3IS
46522	2026-09-26	0	0	32	레벨13 &lt;빌런&gt; 길드원 1명구합니다(마감)	매일
46521	2026-09-26	0	0	42	[in87] Sing 상위권 지향 길드원모집 합니다 [26/30]	넥스터
46514	2026-09-26	0	0	97	Lv.13 현재토벌 61위 멍꿀에서 길드원 한분 모집합니다.	델몬트S007
46512	2026-09-26	0	1	121	14레벨 바사삭 길드에서 길드원 모집합니다	안녕12
46511	2026-09-26	0	0	61	[untitled] Lv.12 · 총투 114G · 토벌전 1.9T 길드원 모집합니다	코로로
46505	2026-09-26	0	0	56	[회사탈출] lv14 레벨 길드원 한분 모십니다	화가잔뜩나는뱃살
46502	2026-09-26	0	1	76	(길드노벞기준) 총투 9g, 실론 4성(4/5), 축복8렙, 토벌 500g이상  in20 길드구합니다	나나요
46501	2026-09-26	0	0	79	[곧 Lv.14 / 토벌전 76위] 이무 길드에서 함께 성장하실 길드원 구합니다.	TheCross
46498	2026-09-26	1	7	160	14렙 [공주] 공주님들 와주세용 (27/30)	노쇳물강화마스터
46495	2026-09-26	0	2	34	Lv.9 🔰'타마마' 길드원 모집 (13/28)	타마타마
46493	2026-09-26	0	0	29	레벨13 &lt;빌런&gt; 길드원 1명구합니다	매일
46491	2026-09-26	1	0	79	14레벨(연구소 13-3 진행중) 길드 DScrumble 길드원 2분 모집	전갈1
46489	2026-09-26	1	2	56	LV13 유니세프 in250 길원 모집 연구 12-1 (마감)	유니세프
46487	2026-09-26	0	0	64	마감	해머 사랑
46482	2026-09-26	0	0	27	[lv12 켄지]  길드원 모집합니다~	포치2
46478	2026-09-26	0	2	44	LV12 길드 [명왕]에서 활발하게 활동해주실 길드원 1명 모집합니다!	1패왕
46476	2026-09-26	0	0	43	[in88] Sing 상위권 지형 길드원모집 합니다. [26/30]	넥스터
46472	2026-09-26	0	7	78	13레벨 진동길드에서 인원 모집합니다 28/30	진동구리
46471	2026-09-26	0	0	26	레벨13 &lt;빌런&gt; 길드원 1명구합니다	매일
46468	2026-09-26	0	9	157	3명 받아줄 길드 구합니다!!!	이안이파파
46465	2026-09-26	0	1	79	토벌 in75 ) 소금노움 길드원 모집 	리센느54
46462	2026-09-26	0	0	38	Lv.11 [창천] 토벌전 105G 길드원 모집 (자유가입)	조덕장
46459	2026-09-26	0	0	45	[회사탈출] Lv14 길드원 한분 모십니다	화가잔뜩나는뱃살
46455	2026-09-26	0	0	38	Lv.11 [잠꼬대] 길드에서 오랫동안 함께하실 길드원 모집합니다. (29/30)	타판
46451	2026-09-26	0	0	33	Lv12 [ 리본 ] 자유롭고 편안한 길드입니다 [27/30]	미미
46450	2026-09-26	0	0	34	🔥🔥LV.12 [산딸기] 길드원 모집🔥🔥(28/30)	shyoo8248
46447	2026-09-26	0	0	52	14렙/연구13-2/토벌 in100 [BunZ] 길드원구합니다	뭉게구름먼지
46446	2026-09-26	0	0	89	🔥 Lv.14 뽀시래기ㅣ토벌 in10목표 길드원모집 (마감)	설쨩
46441	2026-09-26	1	0	35	Lv13 초월길드 길원모집합니다~	피기사
46440	2026-09-26	0	0	75	🧣[Lv14, 13-3연구중, 현in75] 온돌 길드원 1분 모십니다.🧣 [총투5G이상, 축복 5이상]	daeleyun
46438	2026-09-26	0	0	87	[14렙] 텐프로 길원모집	ㅋㅋㅎㅎㅋ
46436	2026-09-26	0	2	34	12렙길드 [권력]길드원모집중 라스트1명	오
46434	2026-09-26	0	0	60	4EVER 길드 모집 (길드 레벨 13.9, 연구 12-3)	sselrats
46429	2026-09-26	0	0	11	Benscookies  길드모집	그루아흐
46428	2026-09-26	0	0	13	모집) 7레벨 짭쪼름한 쿠키에서 길드원 구합니다	용식쨩
46427	2026-09-26	1	0	62	14렙 길드(연구소 13-3진행중) DScrumble 2명 모집해요	전갈1
46424	2026-09-26	2	2	31	🍀Lv.9 [쿠키아일랜드] 길드원 모집합니다! (무과금, 소과금 유저 대환영🫶/현재그룹내1등)	소무민
46416	2026-09-26	0	0	43	레벨13 &lt;빌런&gt; 길드원 1명구합니다	매일
46414	2026-09-26	0	0	28	Lv13 초월길드 길원모집합니다	피기사
46405	2026-09-26	0	0	58	총투 205G 길드에서 길드원 모집합니다	길드장
46401	2026-09-26	0	0	20	뉴비분들 주목‼️‼️‼️ LV.9 [부유한길드]에서 길드원 모집합니다!	하달
46397	2026-09-26	0	0	18	Lv.9 🔰'타마마' 길드원 모집 (13/28)	타마타마
46396	2026-09-26	0	8	153	총투 6G 길드구합니다	wefwef0
46393	2026-09-26	0	0	37	100등 이내 길드 구해요	cwscws4045
46391	2026-09-26	1	6	109	총투3.2G,2.2G 2명이 들어갈 길드 구합니다.	월하율
46390	2026-09-26	0	0	12	LV.11 원츄 길드원 모집중~ 오픈톡o	츄츄2
46389	2026-09-26	0	1	68	[모집] Lv.13 '조각'길드에서 1G 이상 한분 모셔요	코노
46385	2026-09-26	0	2	88	14렙 길드 고정 길드원 모집	준이s088
46384	2026-09-26	0	0	87	🏆전시즌 토벌전 in20 14렙 랭커길드 길드원 모집합니다🏆	랭커주인
46381	2026-09-26	0	0	24	신생길드 [솜털]에서 초보 뉴비분들을 모셔요	시우
46379	2026-09-26	0	0	21	Lv12 C3IS 길드원 모집 (29/30) - 현 토벌 234등, 길드전투력 96G	C3IS
46376	2026-09-26	0	2	71	눈꽃 토벌전 진심인분 모심 길연10 100위권	문법
46374	2026-09-26	0	4	44	LV12 길드 [명왕]에서 활발하게 활동해주실 길드원 1명 모집합니다!	1패왕
46373	2026-09-26	0	0	58	(마감) Lv.13 에스페라 길드에서 길드원 1분을 모집합니다	도미
46368	2026-09-26	0	2	64	Lv14 길드원 모집	초보길드
46366	2026-09-26	1	2	78	13렙 [회사] 길드 신입사원 모집 중 🎶 (26/30)	옥순
46364	2026-09-26	0	0	31	라면 길드에서 길드원 모집합니다	Blueming
46356	2026-09-26	0	0	43	총투 202G 길드에서 길드원 모집합니다	길드장
46355	2026-09-26	0	0	27	12렙길드 &lt;쿠키조아&gt; 길드원 모집합니다!!	마카홍
46352	2026-09-26	0	0	39	토벌전서버 1위 lv.4 [하츠칸덴] 길드에서 길드원분들을 모십니다	방구아저씨
46351	2026-09-26	1	10	63	Lv14 APEX (28/30) 길드원구합니다 / 연구 13-2 / 길드연구 300다이아소모까지 필수 / 오픈채팅 X / 전시즌 토벌 IN75 현시즌 67위 / 토벌 150G 이상 댓글주세요	Linbbbbb
46346	2026-09-26	0	0	47	12렙 길드 달빛🌛 길드원 모집중 [29/30]	눈누난나카므
46345	2026-09-26	0	2	46	in88) Sing 상위권 지향 길드원 모집합니다. [26/30]	넥스터
46343	2026-09-26	0	0	22	★개추★ 길드원 구합니다!! 즐길분 아무나 오세영	가시
46341	2026-09-26	0	5	46	13렙 연구12-2 사망길드에서 총투2.5G이상 길원모집합니다.(29/30)	카리카리
46335	2026-09-26	1	0	78	[마감] ✨️황금✨️렙 14, 연구 13-3 길드원 1분 모십니다.	춘삼이집사
46328	2026-09-26	0	0	46	13렙 모험 길드 길드원 모집합니다	이상민
46325	2026-09-26	0	13	112	13렙 푸딩보호협회 길드원 모집	푸딩유괴범
46324	2026-09-26	0	4	20	LV.11 원츄 길드원 모집중! 20/30	츄츄2
46321	2026-09-26	0	0	6	Lv.10 달달한축복 길드에서 길드원 구합니다.	부산메로너
46316	2026-09-26	2	12	112	lv14 데자와좋아단 길드에서 길드원 모집합니다 (모집마감)	데자와
46313	2026-09-26	1	0	33	Lv.11 "다이소"길드 총투력 200M이상 모집중🍡🍡	귀여운무앵
46311	2026-09-26	0	0	71	총투 202G 길드에서 길드원 모집합니다	길드장
46310	2026-09-26	0	0	32	길드원 구해요~ 자유	쿠키쿠키고고
46305	2026-09-26	0	0	33	오픈런길드 자유모집 1분	오픈런쿠키
46304	2026-09-26	0	0	60	lv14 토벌 in30 “ 지배자 “ 토벌 400G 이상 구합니다	62
46303	2026-09-26	0	1	96	현 21위 / 14렙 / 길드연구14-1	설아0
46297	2026-09-26	0	0	59	전시즌 토벌 27등 14렙 길원구해요	슈크림뿡
46296	2026-09-26	0	0	9	8레벨 동글뱅이 길드 자유가입 [뉴비 오세요]	국키
46293	2026-09-26	0	0	54	[회사탈출] Lv14 길드원 1명 모십니다!	화가잔뜩나는뱃살
46291	2026-09-26	0	0	26	외계침공길드원모집Lv.13👽👽	Hayoon
46286	2026-09-26	0	0	61	전시즌 토벌전 in20 14렙 랭커길드 길드원 구합니다.	랭커주인
46276	2026-09-25	0	6	311	현재 이스펙에 가입가능한 길드 있을까요?	행아
46272	2026-09-25	0	0	41	LV12 길드 [명왕]에서 활발하게 활동해주실 길드원 1명 모집합니다!	1패왕
46269	2026-09-25	0	0	41	🔥🔥LV.12 [산딸기] 길드원 모집🔥🔥(26/30)	shyoo8248
46268	2026-09-25	0	0	73	in88] Sing 상위권지향 길드원 모집 합니다 [26/30]	넥스터
46265	2026-09-25	0	0	39	Lv12 C3IS 길드원 모집 (29/30) - 현 토벌 234등, 길드전투력 96G	C3IS
46256	2026-09-25	0	0	14	Lv.9 🔰'타마마' 길드원 모집 (13/28)	타마타마
46252	2026-09-25	0	0	71	길원 모집중입니다!!(마감)	흐물땡벌
46247	2026-09-25	0	0	42	🔥🔥LV.12 [산딸기] 길드원 모집🔥🔥(26/30)	shyoo8248
46246	2026-09-25	0	0	25	HttpOnlyCookies 길드원 모집	유 월
46242	2026-09-25	0	0	81	13Lv ⭐[스스]⭐ 길드원 모집합니다	히주얍
46238	2026-09-25	0	2	76	🛡️ 14Lv 카페인한스푼 119G 연구소13-1! 길드원 마지막 1분 모집합니다! (총투1.5g이상)	뭔디
46235	2026-09-25	2	1	72	Lv.12 산리오 / 길드분위기 👍	밍잉
46232	2026-09-25	2	2	20	❤️[Lv.7 점오] 길드원 모집합니다!	67855
46231	2026-09-25	0	0	41	[회사탈출] 에서 길드원 한분 모십니다 Lv14 길드	화가잔뜩나는뱃살
46229	2026-09-25	0	0	27	lv 12길드 냠냠냠에서 길드원을 모집합니다!	에헤라이디아
46227	2026-09-25	0	0	53	Lv14 길드원 모집	초보길드
46221	2026-09-25	0	0	60	14렙 길드 BunZ 길드원 2명 구합니다	뭉게구름먼지
46218	2026-09-25	0	0	39	길드 13레벨 길원모집중	zipoo88
46214	2026-09-25	0	1	107	2명 길드 구합니다	주샤샤
46211	2026-09-25	0	1	160	진호정 길드	스지드
46208	2026-09-25	0	0	48	&lt;마감&gt; Lv.13 ☆츄르도적단☆에서 길드원을 모집하고 있습니다! (29/30)	햄쓰
46204	2026-09-25	0	0	16	9렙길드 Hypoglycemia 에서 천천히 오래 함께할 분을 모십니다! (16/28) 친목x 무소과금 환영!	됴아여
46200	2026-09-25	0	0	14	Lv.10(진) 🔰'타마마' 길드원 모집 (13/28)	타마타마
46198	2026-09-25	0	0	15	LV.7 뭉티기 길드원 모집중!! 자유길드	봄누
46196	2026-09-25	0	0	73	(모집중) Lv.13 에스페라 길드에서 길드원 1분을 모집합니다.	도미
46191	2026-09-25	0	0	33	Lv.8 길드 들어오실 다섯 분 구함! (부스러기용병단)	밀크푸딩
46189	2026-09-25	0	0	53	토벌전 전시즌1위 lv12 무소과금길드 "쿠키베이커리" 길드원 4분 모집합니다.	홋떡맛쿠키
46184	2026-09-25	0	0	28	[Lv12 켄지] 길드원 모집합니다~	포치2
46183	2026-09-25	0	0	38	무소과금 12렙 '암흑'길드에서 1분 구합니다 (마감)	뱅국
46182	2026-09-25	0	0	27	🌕🌕풍성한 한가위, 함께할 화합 길드원을 찾습니다🌕🌕	화합
46177	2026-09-25	0	0	52	13렙 모험 길드 길드원 모집합니다	이상민
46176	2026-09-25	0	0	42	𝐃𝐫𝐚𝐠𝐨𝐧｜길드원 모집	dragon길마
46175	2026-09-25	0	11	92	LV14 데자와좋아단 길드에서 길드원 모집합니다	데자와
46173	2026-09-25	0	0	67	[141G] 급성장 Sing 상위권지향 길드원모집 합니다. [26/30]	넥스터
46172	2026-09-25	0	0	48	LV. 13 천둥 길드에서 길드원 모집 합니다.(28/30)	건이
46166	2026-09-25	0	0	36	Lv14 길드원 모집	초보길드
46165	2026-09-25	0	0	64	총투 194G 길드에서 길드원 모집합니다	길드장
46164	2026-09-25	0	0	49	13Lv ⭐[스스]⭐ 길드원 모집합니다	히주얍
46161	2026-09-25	0	0	31	🍪 Lv.11 룰루랄라쿠키들 길드원 모집합니다 🍪	룰루랄라유미
46158	2026-09-25	1	2	36	LV11 원츄 길드원 모집합니당~~오픈톡O	츄츄2
46155	2026-09-25	1	0	66	🛡️ 14Lv 카페인한스푼 122G 연구소13-1! 길드원 마지막 1분 모집합니다! (총투1.5g이상)	뭔디
46153	2026-09-25	1	0	87	전시즌 토벌 27등 14렙 길원구해요	슈크림뿡
46151	2026-09-25	0	0	35	🫶 [밀탱크] 길드원 모집합니다!
⚔️ 전투력 상관없이 누구나 환영!	정크랫
46150	2026-09-25	0	0	29	유니클로에서 길드원 모집합니다.	재히
46148	2026-09-25	0	0	47	길드원 모집	빽빽
46145	2026-09-25	0	0	93	개쎈 길드원 구해요	준이s088
46144	2026-09-25	0	0	40	13렙 “TIGERS" 길드 1분 모집중~	옥슈
46142	2026-09-25	0	3	121	14렙 천하길드 길드원 4분 모십니다!	하이브로
46138	2026-09-25	0	2	77	Lv 13 REDJAM 길원 한분만! 모집합니다(마감)	띨랏
46137	2026-09-25	0	0	59	14렙 길드 BunZ 길드원 모집 연구 13-1	뭉게구름먼지
46136	2026-09-25	0	0	26	Lv.11 &lt;코스트코공세점&gt; 길드에서 길드원을 모집합니다	YRR
46134	2026-09-25	0	0	36	Lv.11 토벌전 열심히 하는 "다이소"길드 총투력 200M이상 모집중🍡🍡🍡	귀여운무앵
46129	2026-09-25	1	0	73	전시즌 토벌전 in20 14렙 랭커길드 길드원 구합니다.	랭커주인
46127	2026-09-25	0	0	25	[애옹이에옹]🐱 12렙	김필수
46125	2026-09-25	0	0	34	자유길드 와주세용	웅냥
46123	2026-09-25	0	0	10	'라면은역시신라면' 길드원 모집. 조건없이 아무나 환영합니다.	가지밥
46119	2026-09-25	0	0	60	Lv14 길드원 모집	초보길드
46117	2026-09-25	0	0	22	프리한 '협객' 길드원 모집	류으으
46116	2026-09-25	0	0	43	12렙 길드 킴쿠키에서 5명 모집중!	은미음
46114	2026-09-25	1	5	31	LV.11 원츄 길드원 모집!!	츄츄2
46111	2026-09-25	0	0	7	Lv.10(진) 🔰'타마마' 길드원 모집 (13/28)	타마타마
46110	2026-09-25	0	0	37	&lt;마감&gt;Lv.13 ☆츄르도적단☆에서 길드원을 모집하고 있습니다! (29/30)	햄쓰
46109	2026-09-25	0	0	50	전시즌 토벌전 in20 14렙 랭커길드 길드원 두분 구합니다.	랭커주인
46106	2026-09-25	0	0	29	12렙 언빌리버블 길드에서 추석에도 길드홍보 올리는 영미 길마가 있는곳으로..	영미
46103	2026-09-25	0	0	28	LV12 길드 [명왕]에서 활발하게 활동해주실 길드원 1명 모집합니다!	1패왕
46099	2026-09-25	0	0	53	[마감] ✨️황금✨️렙 14, 연구 13-3 길드원 1분 모십니다.	춘삼이집사
46097	2026-09-25	0	0	113	👑 [14렙 쿠키왕국] 길드원 모집합니다! (28/30)	꿀빵
46094	2026-09-25	0	0	16	LOVE초코 길드원모집합니둥	dnj
46093	2026-09-25	0	0	81	14렙 길드에서 길드원 모집합니다	샤인짱
46091	2026-09-25	0	1	74	현 24th 전 29th 사과별 길드원 모집합니다	푸르내
46080	2026-09-25	0	0	69	모집완	질투
46077	2026-09-25	0	6	212	길드 들어가고 싶은데용	큐리팬
46073	2026-09-25	0	0	33	길드13렙 길드원 구해요 토벌 100G이상	노뱅님
46072	2026-09-25	0	5	390	길드들어가기 너무 힘드네요..	피츄
46069	2026-09-25	0	0	30	LV12 길드 [명왕]에서 활발하게 활동해주실 길드원 1명 모집합니다!	1패왕
46067	2026-09-25	0	0	87	마감	애수
46057	2026-09-25	0	0	24	🍪 Lv.11 룰루랄라쿠키들 길드원 모집합니다 🍪	룰루랄라유미
46048	2026-09-25	0	0	101	🔥 Lv.14 뽀시래기ㅣ토벌in10 길드원모집합니다 언능오세요!!!!!!! (마감)	설쨩
46047	2026-09-25	0	0	68	🍪길드 [짱쿠]에서 당신을 저점매수 합니다.🍪	쮸롱뿌
46045	2026-09-25	2	0	80	모집완	질투
46044	2026-09-25	0	2	63	길드원 구합니다	완두완두키
46040	2026-09-25	0	0	59	현 24th 전 29th 사과별 길드원 모집합니다	푸르내
46037	2026-09-25	0	0	25	KNOCKDOWN 길드원 구합니다	해무기
46035	2026-09-25	0	6	38	Lv.12 둥심당 길드원 모집_완료	연둥이
46032	2026-09-25	0	0	10	길드레벨9 가입제한 없어요 부담없이 같이 할수있는 길원 모집합니다~ KOREAGANG	쿠키런키우쟝
46030	2026-09-25	0	2	81	13렙 퍼스트 길드원 모집 (29/30)	새우튀이이김
46026	2026-09-25	0	1	96	[14Lv] 연구 13-2 ✨️Only✨️ 길드에서 함께하실 분을 구합니다🩷 [30/18]	농밀거봉
46023	2026-09-25	0	0	18	안녕하세요, 11레벨 GDXWEB 길드원 모집중/2자리/길투 51G+/토벌전 700등대	비유명
46020	2026-09-25	0	0	25	✨ Lv10 길드 "철야" 함께 할 길드원 모집합니다 ✨	dbcks12325
46016	2026-09-25	0	0	13	Lv.10(진) 🔰'타마마' 길드원 모집 (12/28)	타마타마
46013	2026-09-25	0	0	35	즐거운 추석 연휴 되세요~ Lv11 "다이소" 길드원 총투력 200M 이상 구합니다	귀여운무앵
46010	2026-09-25	0	1	65	lv13 궁전제과에서 함께하실분모집합니다	튀김소보로
46009	2026-09-25	0	0	34	LV12 길드 [명왕]에서 활발하게 활동해주실 길드원 1명 모집합니다!	1패왕
46007	2026-09-25	0	0	35	Lv14길드원 모집	초보길드
46005	2026-09-25	0	0	51	현재 In40 고정 길드원 모집	준이s088
46002	2026-09-25	0	0	46	전시즌 토벌전 in20 14렙 랭커길드 길드원 두분 구합니다.	랭커주인
46001	2026-09-25	0	0	78	14렙 길드 [BunZ]에서 길드원 모집합니다	뭉게구름먼지
46000	2026-09-25	0	0	51	14렙 천하 길드에서 즐겜하실분 모집합니다~	하이브로
45999	2026-09-25	0	0	66	14렙 “1TOP" 함께할붐 모셔요 토벌400G or 총투6g 에눌가능!	쿠키런좋앙
45998	2026-09-25	0	2	88	길드 구합니다	푸르르21
45997	2026-09-25	1	8	81	레벨12 컴포즈커피 길드원 구합니다	바비노
45996	2026-09-25	0	0	12	LV10 짤쓸사람 길드에서 길드원 구합니다 17/29	냐니꺼
45994	2026-09-25	0	0	16	8.9렙 길드 '누룽이' 길드원 모집합니다 (누구나 가입 가능)	KCWTG
45988	2026-09-25	1	0	34	13렙 길드 TIGERS 2분 모집중입니다!	옥슈
45986	2026-09-25	1	0	37	☠️도둑단☠️ 토벌 IN 30등 / 토벌 열정러 한 명 모집중	쿠키도둑
45985	2026-09-25	0	0	43	In75 길드 14렙 토벌에 진심인분 두분 모집합니다.	어퍼컷
45983	2026-09-25	1	3	69	길드구합니다!	흑설표
45976	2026-09-25	6	0	67	전시즌 토벌전 in20 14렙 랭커길드 길드원 두분 구합니다.	곰팡이
45974	2026-09-25	0	0	47	☠️도둑단☠️ 14렙 길드에서 열정러 한 분 모집중	쿠키도둑
45972	2026-09-25	0	0	50	14렙 1top에서 한분모셔요 토벌400g이상or총투6g	쿠키런좋앙
45971	2026-09-25	0	0	31	13레벨 연구소 11-1 길드원 모집합니다	씨나인
45968	2026-09-25	0	0	44	13렙 연구12-2 사망길드에서 길원 모집합니다	카리카리
45962	2026-09-25	0	0	27	Lv11 꾸준하고 길게 하실분 길드 스윗홈 모집합니다	비피더스사과맛
45959	2026-09-25	1	0	57	14렙 길드 DScrumble 마지막 한 분 모집	전갈1
45958	2026-09-25	0	2	60	13렙 오븐브레이커 길드원모집합니다	용22222
45957	2026-09-25	0	0	21	신생 길드 ♨대한참치폭식협회♨ 길드원 대(大)모집	연어구이123123
45948	2026-09-24	0	0	37	LV12 길드 [명왕]에서 활발하게 활동해주실 길드원 1명 모집합니다!	1패왕
45939	2026-09-24	0	0	38	🔥🔥LV.11 [산딸기] 길드원 모집🔥🔥(27/30)	shyoo8248
45936	2026-09-24	0	1	92	연구12이상길드 가입원합니다	버터드
45935	2026-09-24	0	1	51	Lv11 찌뽀 길드에서 가늘고길게 겜하실분 모집합니다	궁긍
45934	2026-09-24	0	0	51	[회사탈출] 에서 길드원 한분 모십니다 Lv14 길드	화가잔뜩나는뱃살
45927	2026-09-24	0	0	37	LV12 길드 [명왕]에서 활발하게 활동해주실 길드원 1명 모집합니다!	1패왕
45926	2026-09-24	1	0	13	Lv.10(진) 🔰'타마마' 길드원 모집 (12/28)	타마타마
45922	2026-09-24	0	0	23	Lv.10 🎸[락엔롤] 레스고할 길드원 모집 ⭐️ (28/29)	쿠키런 조아요
45921	2026-09-24	1	9	384	.	류으으
45914	2026-09-24	0	0	85	[Lv.13 / 토벌전 61위] 이무 길드에서 함께 성장하실 길드원 구합니다.	TheCross
45913	2026-09-24	0	0	16	안녕하세요, 11레벨 GDXWEB 길드원 모집중, 길투 47G+/토벌전 700등대	비유명
45907	2026-09-24	1	0	50	Lv13 초월길드 길원모집합니다	피기사
45906	2026-09-24	0	0	44	13렙 TIGERS길드 2명 모집합니다!	옥슈
45900	2026-09-24	0	0	96	14렙 길드 고정 길드원 모집	준이s088
45899	2026-09-24	0	3	132	7g투력 in 80 길드가입 원합니다(열심히하고 중과금) 	도로록
45896	2026-09-24	0	0	94	★★[Lv13/토벌32위] 아재 다수 보유, 편안한 분위기★★	린가드응
45892	2026-09-24	1	0	51	☠️도둑단☠️ 토벌 30등 길드에서 열정러 1명 모집중	쿠키도둑
45891	2026-09-24	0	0	28	외계침공길드원모집Lv.13👽👽	Hayoon
45888	2026-09-24	0	1	34	레벨12 컴포즈커피 2분모십니다	바비노
45883	2026-09-24	0	0	69	🌟현 20th 전 29th 사과별 길드원 모집합니다🌟	푸르내
45880	2026-09-24	0	1	49	13렙 퍼스트 길드 길드원 모집!! (29/30)	새우튀이이김
45879	2026-09-24	1	4	221	Lv.14 “진호정“ 에서 길드원 모집합니다.	정예원
45874	2026-09-24	0	1	41	'''몽키는원숭이''' 13LV 길드에서 총투 1G 이상의 동료들을 모집합니다! 한자리..!!! 다들 토벌전에 진심	누쿠누구
45871	2026-09-24	0	0	18	Lv.10 달달한축복 길드원구합니다	부산메로너
45870	2026-09-24	0	1	45	길드레벨 13 모집중!	zipoo88
45864	2026-09-24	0	0	31	lv12길드 냠냠냠에서 길드원을 모집합니다!	에헤라이디아
45860	2026-09-24	0	0	41	Sing 상위권지향 길드원모집 합니다.	넥스터
45855	2026-09-24	0	4	49	2명 같이들어갈수있는 길드 구해요!(1.8g 1.7g)	달이안이
45853	2026-09-24	0	8	66	Lv.13 쿠키는임포스터 길드원 모집(마감)	숭덩숭덩
45851	2026-09-24	0	4	114	나 댓고가	으나
45849	2026-09-24	0	6	43	11렙 현생위주의 찌뽀길드 길드원모집합니다!!	궁긍
45844	2026-09-24	0	0	15	Lv.10(진) 🔰'타마마' 길드원 모집 (12/28)	타마타마
45843	2026-09-24	0	2	121	[마감]LV14 "가을" 길드 길드원 모집합니다 (29/30)	가을쿠키
45841	2026-09-24	0	0	33	13렙 오븐브레이커 길드원 모집합니다	용22222
45840	2026-09-24	0	0	42	레벨13 &lt;빌런&gt; 길드원 1명구합니다(마감)	매일
45839	2026-09-24	0	0	36	전 29th 현 20th 사과별 길드원 모집합니다	푸르내
45837	2026-09-24	0	0	51	☠️도둑단☠️ 토벌전 30등 길드에서 1명 모집중	쿠키도둑
45835	2026-09-24	0	0	13	11레벨 길드 GDXWEB 길원 모집중/3자리 남았습니다./길드투력47G/토벌전700등대	비유명
45828	2026-09-24	0	0	26	[12렙 안경만두] 길드원 구인 중 :3 (마감)	살쿠
45827	2026-09-24	0	0	32	❗️전 시즌 29th 사과별 길드원 모집❗️	푸르내
45821	2026-09-24	0	0	16	Lv.10 🎸[락엔롤] 레스고할 길드원 모집 ⭐️ (27/29)	쿠키런 조아요
45820	2026-09-24	0	0	38	13렙 길드 오븐브레이커 길드원 모집합니다	용22222
45819	2026-09-24	2	0	36	🍪 Lv.11 룰루랄라쿠키들 길드원 모집합니다 🍪	룰루랄라유미
45815	2026-09-24	0	0	26	Sing 상위권 지향 길드원모집 합니다.	넥스터
45812	2026-09-24	0	0	17	12렙 크렘블즐겜러 길원모십니다	웅웅이이이
45810	2026-09-24	1	0	50	14렙 DScrumble 길드원 1명 모집합니다!	전갈1
45808	2026-09-24	0	0	41	[회사탈출] 에서 길드원 한분 모십니다 Lv14 길드	화가잔뜩나는뱃살
45803	2026-09-24	0	0	45	Lv14 길드원 모집	초보길드
45802	2026-09-24	0	0	18	LV10 길드 웰치스에서 함께 크럼블 하실 길드원 모집합니다.	영영
45798	2026-09-24	0	0	28	Lv.11 라이트와 헤비사이 어딘가 "다이소"길드 총투력 200M이상 모집중	귀여운무앵
45795	2026-09-24	0	1	89	[14Lv] 연구 13-2 ✨️Only✨️ 길드에서 함께하실 분을 구합니다🩷 [30/13]	농밀거봉
45791	2026-09-24	1	7	52	13lv 해랑달에서 한분 구합니다!	어텀
45782	2026-09-24	0	0	24	🔥🔥LV.11 [산딸기] 길드원 모집🔥🔥(26/30)	shyoo8248
45781	2026-09-24	0	2	48	13렙 퍼스트 길드 길드원 모집합니다 ( 29/30 )	새우튀이이김
45779	2026-09-24	0	0	17	Lv.10 🎸[락엔롤] 레스고할 길드원 모집 ⭐️ (28/29)	쿠키런 조아요
45773	2026-09-24	0	0	31	Lv 11 쿠키빠사삭 길드원 모집	돌맞고돌았음
45770	2026-09-24	0	0	92	14렙 길드에서 길드원 모집합니다	샤인짱
45768	2026-09-24	2	0	72	Lv.14 Only 길드(라이트 길드)에서 길드원을 모집합니다. (연구 13-2)(토벌 필참)	땃쥐땃쥐
45766	2026-09-24	0	0	19	11레벨 길드 GDXWEB 길원 모집중/3자리 남았습니다./길드투력45G/토벌전700등대	비유명
45765	2026-09-24	0	3	60	13렙 연구 12-2 사망길드에서 함께하실 길원 모집합니다.	카리카리
45759	2026-09-24	0	0	20	10렙 [지금은쿠키타임] 길드원 모집중! [14/29]	거인왕
45758	2026-09-24	0	0	52	⚔️토벌 29th 사과별 길드원 모집⚔️	푸르내
45757	2026-09-24	0	0	43	🍪 Lv.11 룰루랄라쿠키들 길드원 모집합니다 🍪	룰루랄라유미
45756	2026-09-24	0	2	88	전시즌 토벌전 in20 14렙 랭커길드 길드원 한분 구합니다.	질투
45753	2026-09-24	2	5	87	LV.12 산리오 / 길드분위기 👍	밍잉
45752	2026-09-24	0	0	26	13렙 오븐브레이커 길드원 모집합니다	용22222
45749	2026-09-24	1	0	56	☠️도둑단☠️ 내일 14렙 달성 / 열정러 1명 긴급 모집	쿠키도둑
45741	2026-09-24	1	4	72	길드 구합니다!	시테루
45740	2026-09-24	0	0	33	Lv12 [출근단] 길드원 모집합니다. 총투 200M+ 꾸준히 하실 분	888833
45739	2026-09-24	0	0	32	[회사탈출] 에서 길드원 한분 모십니다 Lv14 길드	화가잔뜩나는뱃살
45736	2026-09-24	0	1	46	[모집] Lv.13 '조각'길드에서 1G 이상 한분 모셔요	코노
45732	2026-09-24	0	3	34	lv.13 길드 길드원 구합니다. (29/30, 총투 1.5g 이상이신분)	여우464
45724	2026-09-24	0	0	22	신생길드 [솜털]에서 초보 뉴비분들을 모셔요	시우
45723	2026-09-24	0	0	26	초보,고수 아무나 환영 길드 함께 키워나가실분 모십니다!!	오덕배
45722	2026-09-24	0	0	9	[10렙][투력컷 X] 꼼짝마라에일리언! 길드원 모집	화난에그타르트
45720	2026-09-24	0	0	87	[14렙] 텐프로에서 길원모집 합니다. 27/30	ㅋㅋㅎㅎㅋ
45716	2026-09-24	0	0	27	킴쿠키 길드에서 5명 모집중이에오	은미음
45711	2026-09-24	0	0	29	Lv.11 라이트와 헤비사이 어딘가 "다이소"길드 총투력 200M이상 모집중	귀여운무앵
45700	2026-09-24	0	0	33	13렙 오븐브레이커 길드원 모집합니다	용22222
45699	2026-09-24	0	0	14	🍪 곧 Lv.10 '타마마' 길드원 모집중	타마타마
45697	2026-09-24	0	0	42	[🔥히어로🔥] 곧13레벨 길드원 모집중!!	베베베베
45695	2026-09-24	0	0	49	Lv14 길드원 모집	초보길드
45693	2026-09-24	10	20	358	Lv.14 “진호정“ 에서 길드원 모집합니다.	정예원
45691	2026-09-24	0	0	14	10렙길드에서 함께하실 여러명 모십니다!	최강
45690	2026-09-24	0	0	59	[카리나 길드원 모집] 길드 Lv.14 · 총투력 4G↑ · 함께 오래 즐기실분 구합니다! (마감)	카리나길드
45687	2026-09-24	0	1	94	미르길드 한자리 급구지만 야무지게받습니당	의리
45678	2026-09-24	0	0	30	13렙 오븐브레이커 길드원 모집함니다	용22222
45666	2026-09-24	0	0	11	Lv.10 한국자유 길드원 구해요.	신성
45655	2026-09-24	0	0	39	초보,고수 환영 길드 들어오실 분 아무나 구합니다 (0/6)	밀크푸딩
45654	2026-09-24	1	0	33	Lv.11 [창천] 자유가입 길드원 모집합니다	조덕장
45653	2026-09-24	0	0	33	&lt;성인 라이트 길드&gt; 11랩 ❝ 윈드 ❞ 길드원 구해요 (28/30)	메리
45648	2026-09-24	0	0	58	[120G] Sing 상위권 지향 길드원모집 합니다. [25/30]	넥스터
45646	2026-09-24	0	2	31	LV11 원츄 길드원 모집중!! 오픈톡~	츄츄2
45645	2026-09-24	0	0	67	[다크] 길드원 구합니다 (29/30)	매원
45642	2026-09-24	0	0	37	🔥🔥LV.11 [산딸기] 길드원 모집🔥🔥(26/30)	shyoo8248
45632	2026-09-24	0	5	75	총투4G 길드 구합니다	감자다
45629	2026-09-24	1	0	22	Lv.10 노움작업소 길드원 모집합니다!	소금노움
45626	2026-09-24	0	0	47	Lv.13 토벌전 65위 Travis 길드에서 길드원 모집합니다! (마감)	판다선
45623	2026-09-24	0	5	139	총투 6G 800m 길드 구해봄미다...	쁘띠갸또
45621	2026-09-24	0	0	62	☠️도둑단☠️ 토벌전 진심이신 분 1명 모집중	쿠키도둑
45617	2026-09-24	0	0	15	🍪 곧 Lv.10 '타마마' 길드원 모집중	타마타마
45613	2026-09-24	0	0	35	Lv13 초월길드 길원모집합니다	피기사
45612	2026-09-24	0	6	87	길드 구해요 ( 총투력 4.4g )	신드
45608	2026-09-24	0	0	17	10렙 길드 초보환영	znznnzzl
45605	2026-09-24	0	0	72	신경1도 안써도 됩니다 오픈런길드	오픈런쿠키
45604	2026-09-24	0	0	9	로떼부캉이 모집~ 뉴비환영	woojh0221
45603	2026-09-24	1	0	54	길드 구해요 ( 총투력 4.4g )	신드
45601	2026-09-24	0	2	53	Lv.12 씬쿠키 길원모집	부들부들매미
45598	2026-09-24	0	4	54	Lv.13 쿠키는임포스터 길드원 모집(마감)	숭덩숭덩
45589	2026-09-24	0	0	7	8레벨 동글뱅이 길드 자유가입 (10/26)	국키
45586	2026-09-24	1	0	47	12렙 [꿀꿀] 길드원 모집합니다 !!	GGHH
45585	2026-09-24	0	0	14	길드 웰치스에서 자유 길원 모집합니다.	영영
45583	2026-09-24	0	0	80	[회사탈출] 14레벨 길드연구 13-1 한분 모십니다	화가잔뜩나는뱃살
45582	2026-09-24	0	0	37	11랩 오픈런길드 자유가입 	오픈런쿠키
45577	2026-09-24	0	2	81	(29/30)13렙 오븐브레이커 길드원 모집합니다	용22222
45576	2026-09-24	0	0	75	Lv12 떡튀순, 토벌 71위, 204G 에서 6G이상 길드원구합니당	지안나라철이왕국
45575	2026-09-24	0	4	96	2명 들어갈수있는 길드 구합니다.	뭉치맨
45573	2026-09-24	0	0	26	11렙 땅땅길드  한명 모집합니다 곧 12렙	약속11
45572	2026-09-24	1	0	87	14렙 길드 DScrumble 길드원 1명 모집	전갈1
45571	2026-09-23	0	8	277	14렙 부스러기단 길드원모집 사진참고	설아0
45568	2026-09-23	0	0	60	Lv.13 토벌전 65위 Travis 길드에서 길드원 모집합니다!	판다선
45567	2026-09-23	0	0	31	LV.11 원츄 길드원 모집합니다!! 오픈톡!	츄츄2
45565	2026-09-23	0	0	51	13렙 오븐브레이커 길드원 모집합니다 마지막1자리	용22222
45563	2026-09-23	0	0	117	[14렙] 연구 14-1 텐프로 길원모집	ㅋㅋㅎㅎㅋ
45561	2026-09-23	0	0	25	&gt;&gt; 11렙 쓰레기 길드에서 길드원 모집합니다! 투력 상관없음 그냥 즐기실분 들어오세요 (17/30) &lt;&lt;	윤달달이
45553	2026-09-23	0	2	60	13렙 오븐브레이커 길드원 모집합니다 2분	용22222
45546	2026-09-23	0	0	41	13렙 오븐브레이커 길드원 모집합니다	용22222
45543	2026-09-23	0	0	44	🔥🔥LV.11 [산딸기] 길드원 모집🔥🔥(25/30)	shyoo8248
45538	2026-09-23	0	0	26	Lv.10 🎸[락엔롤] 레스고할 길드원 모집 ⭐️ (28/29)	쿠키런 조아요
45536	2026-09-23	0	8	122	13렙 '수레기봉투'에서 날먹보상 받으실 길드원 모집합니다~	라쿤
45534	2026-09-23	1	0	136	Lv14 토벌8위 '' 각성 '' 한분 모집합니다. / 조건필독	현란
45520	2026-09-23	0	0	72	길원 모집중!!(29/30)	흐물땡벌
45519	2026-09-23	0	0	51	[102G] Sing 상위권 지향 길드원모집 [23/30]	넥스터
45510	2026-09-23	0	0	42	🔥🔥LV.11 [산딸기] 길드원 모집🔥🔥(25/30)	shyoo8248
45508	2026-09-23	0	0	33	★개추★ 길드에서 길드원 모십니다.	가시
45507	2026-09-23	0	0	16	🍪 Lv.9 '타마마' 길드원 모집중 [토벌전 4회 중 그룹1위 3회/전체 1700등대]	타마타마
45505	2026-09-23	0	3	88	[회사탈출]14레벨 길드2명 공석 자리 길드원 구합니다	화가잔뜩나는뱃살
45495	2026-09-23	0	0	23	Lv10 원츄 길드원 모집중!! 오픈톡~	츄츄2
45491	2026-09-23	0	7	117	총투 1G 이상 길드 들어가요	조밥잉
45482	2026-09-23	0	6	59	13레벨 Physical 길드원 1명 구합니다. (마감)	유나
45473	2026-09-23	0	2	34	(마감)LV11 길드 [명왕]에서 활발하게 활동해주실 길드원 1명 모집합니다!	1패왕
45472	2026-09-23	0	0	37	&lt;성인 라이트 길드&gt; 11랩 ❝ 윈드 ❞ 길드원 구해요 (28/30)	메리
45470	2026-09-23	0	0	20	👉11렙 @즐겜길드@ [이상해씨] 길원모집합니다!	주황커비
45467	2026-09-23	0	0	37	(13LV /연구 12-1 진행중/토벌전122등) 헤라 길드에서 마지막 한 분 모집합니다!	고감호닉
45466	2026-09-23	0	0	37	Lv.13 토벌전 65위 Travis 길드에서 길드원 모집합니다!	판다선
45463	2026-09-23	0	0	32	[애옹이에옹]🐱 12렙 길드 모집중	김필수
45460	2026-09-23	0	0	38	[101G] Sing 상위권지향 길드원모집 합니다. [23/30]	넥스터
45454	2026-09-23	0	0	46	[회사탈출] 내일 14레벨 되는 길드 길드원 2명 모집	화가잔뜩나는뱃살
45453	2026-09-23	0	0	23	12렙 오븐브레이커 길드원 모집합니다	용22222
45450	2026-09-23	2	0	28	🔥🔥LV.11 [산딸기] 길드원 모집🔥🔥(25/30) 고투력분들 모집중입니다~	shyoo8248
45444	2026-09-23	0	0	48	길드레벨13렙	마카롱
45437	2026-09-23	0	0	56	Lv14길드원 모집	초보길드
45433	2026-09-23	0	0	23	400대섭 "분포"에서 길원모집! (29/30)	욱쓰
45431	2026-09-23	1	1	74	Lv.12 광고스킵단에서 라이트하고 꾸준하신분 모십니다!	응구단
45427	2026-09-23	0	0	87	Lv14 토벌8위 '' 각성 '' 마지막 한분 모십니다. / 조건필독	현란
45423	2026-09-23	0	0	107	14렙길드 텐프로 길원모집	ㅋㅋㅎㅎㅋ
45422	2026-09-23	0	13	136	LV13 행복쿠키센터 길드원 모집합니다🌈💗	또띠
45419	2026-09-23	0	0	19	부담없이 하실분들 &gt;친칠라보호소&lt;로 오세용	43651897240856732598
45418	2026-09-23	0	5	122	총투 11.9g 마지막 토벌 320g 축9 길드 구합니다!	떤녕
45404	2026-09-23	1	0	36	11렙 [이상해씨] 즐겜길드 길원모집합니다!	주황커비
45399	2026-09-23	0	0	11	길드명 오늘도 굽는다 Lv3 길드원 구합니다~~	젤리코코넛
45397	2026-09-23	0	5	101	총투 3G 길드 구합니다	SEA
45395	2026-09-23	0	0	26	곧 11렙 극의 길드원 구합니다(27/29)	채멍구
45393	2026-09-23	0	0	49	Lv14 길드원모집	초보길드
45390	2026-09-23	0	0	55	13렙 koreanclub에서 길드원 한 분 모집합니다!(마감)	212233
45388	2026-09-23	0	0	86	꾸준히 적당히 하실 분들 &gt; 양파	말차단
45374	2026-09-23	0	0	48	12렙 길드 길드원 구해요~~	두두두22
45367	2026-09-23	0	0	41	즐겜길드에서 길드원 한분 모십니다~ (14렙)	하이브로
45364	2026-09-23	0	0	44	Lv.11 🩷욕심🩷 길드원 모집합니다	네네
45361	2026-09-23	1	0	40	햄햄 길드 11lv 모집합니다!! 	이해덕
45349	2026-09-23	0	0	40	12렙 오븐브레이커 길드원 모집중입니다 2분!!	용22222
45340	2026-09-23	0	0	34	lv.12 똘핑뚱 길드에서 길드원 1명 구합니다	스근하네
45338	2026-09-23	0	2	48	&lt;시나몬피던시절&gt;을 만나고 내 쿠생이 달라졌다 [상시모집 중]	신오
45335	2026-09-23	0	0	38	👉 마감 👈	김차차
45324	2026-09-23	0	0	20	11렙 길드 GDXWEB 길드원 모집중 / 3자리 남았습니다/총투 39G/토벌전 700등대	비유명
45323	2026-09-23	0	1	91	[13레벨] "쿠키런" 길드 모집합니다 29/30	뿌라
45318	2026-09-23	0	0	26	12렙 오븐브레이커 길드에서길드원구합니다 2분!!	용22222
45316	2026-09-23	0	1	53	12렙길드 [유성] 길드에서 빠르게 3분 모집합니다!!	김고은닮은꼴
45314	2026-09-23	0	0	30	LV11 길드 '리마인' 같이 하실분	쪼랭
45311	2026-09-23	0	0	4	LV8.자유로운 길드 '할머니의쿠키상자'	빛랑
45310	2026-09-23	0	0	54	[카리나 길드원 모집] 길드 Lv.14 · 총투력 3.5G↑ · 함께 오래 즐기실분 구합니다! (마감)	카리나길드
45306	2026-09-23	0	0	35	𝐃𝐫𝐚𝐠𝐨𝐧｜길드원 모집	dragon길마
45292	2026-09-23	0	6	71	두명 자리 있는 길드 구합니다	IIIAndbsbsbsj
45284	2026-09-23	1	6	83	[모집/마감] 13렙 숨결 길드원 모집! (29/30)	사계
45277	2026-09-23	1	8	149	길드를 구하고 싶습니다, 제게 기회를 주세요.(553M)	삐니체고
45271	2026-09-23	0	0	99	★★[Lv13/토벌32위] 아재 다수 보유, 편안한 분위기★★	린가드응
45268	2026-09-23	0	4	41	12렙 오븐브레이커 길드원모집합니다 단 두분!!	용22222
45267	2026-09-23	0	0	16	400대섭 "분포"에서 길원모집 (29/30)	욱쓰
45253	2026-09-23	0	0	69	Lv.14길드 “랭커쿠키단” 길드원모집합니다 28/30	호떡런
45251	2026-09-23	0	0	24	lv11 - "크런치쿠키" 길드원 모집합니다. 가입조건 없음.	아버지
45249	2026-09-23	1	0	49	LV.12 [씬쿠키] 길드 모집!! 2명 남았습니다	이로와
45244	2026-09-23	0	0	74	❗️토벌 29th 사과별 길드원 모집❗️	푸르내
45240	2026-09-23	0	2	51	12렙 길드 오븐브레이커 길드원 구합니다 3자리	용22222
45234	2026-09-23	0	3	83	길드 구합니다	친환경물고기
45227	2026-09-23	0	1	48	총투 평균 3-4 G 4명 길드구합니다	미역궁물
45226	2026-09-23	0	1	83	총투 157G 길드에서 길드원 모집합니다	길드장
45193	2026-09-23	0	0	25	12렙 오븐브레이커 길드원 모집합니다	용22222
45183	2026-09-23	0	0	26	LV11 길드 [명왕]에서 활발하게 활동해주실 길드원 1명 모집합니다!	1패왕
45152	2026-09-23	0	9	89	🔥🔥🔥12렙길드 [쿠키사원증]에서 길드원 모집합니다!!🔥🔥🔥	몽탁탁
45126	2026-09-23	1	0	58	Sing 상위권지향 길드원 모집 합니다.	넥스터
45122	2026-09-23	0	11	116	lv13 궁전제과에서 함께하실분 모집합니다	튀김소보로
45119	2026-09-23	0	7	60	🍏LV11🍎욕심길드🌽모집중💘제한낮음🍋🥝🍇🫐🍑	로제cc
45118	2026-09-23	0	2	67	12렙 오븐브레이커 길드원 모집합니다!	용22222
45041	2026-09-23	0	0	58	[Lv12 켄지] 길드원 모집합니다~	포치2
44996	2026-09-23	1	0	84	[마감] 12레벨 뚠따리 길드에서 길드원 모집중입니다 ! 🔥	종려
44994	2026-09-23	0	0	52	Lv.12 씬쿠키 길드원모집	부들부들매미
44992	2026-09-23	0	0	26	[lv3. 신규길드] 길드원 모집합니다	mmmorpg
44978	2026-09-23	0	3	215	상위 지향 과금 길드 [뿌링] 길드원 모집! (Lv.14)	선배
44941	2026-09-23	0	0	109	12렙길드 오븐브레이커 길드원 모집합니다	용22222
44933	2026-09-23	0	3	192	길드구합니다	Nguriguri
44932	2026-09-23	0	7	384	총투 13g ↑ 직전 토벌 750g ↑ 길드구합니다~~	호랑이
44929	2026-09-23	0	0	104	Lv13 초월길드 길원모집합니다~~	피기사
44927	2026-09-23	1	3	97	4주모두 그륩1등 12렙 연구10렙 쭉쭉질러 길드원모집합니다	쭉쭉이형이야
44926	2026-09-23	0	7	804	소수정예로 거듭난 진호정 길드	스지드
44925	2026-09-23	0	0	58	🌊🌊곧LV.10 [해운대] 길드원 모집🌊🌊	동래파전도둑
44922	2026-09-23	0	0	95	토벌전 346G in30 길드 구합니다.	올li브
44918	2026-09-23	0	2	102	[Lv.12 인스타] 길원 모집합니다~	스퍼스
44913	2026-09-23	0	0	140	(마감) Lv.13 에스페라에서 길드원 한 분을 모집합니다.	도미
44902	2026-09-23	0	0	21	길드레벨 9 '덤킹런키쿠' 에서 길원 모집합니다!!	ㅋㅋㅋ럼블
44901	2026-09-23	0	0	77	길드원 구합니다.	HEEZZANG
44896	2026-09-23	0	8	283	총투6.2G 축복8레벨 길드 구합니다.	롤리폴리달콤
44894	2026-09-23	0	6	98	총투 4.9g 길드 구합니다	execute
44890	2026-09-23	1	4	112	평균 3-4G 4명 길드구합니다	미역궁물
44889	2026-09-23	0	0	172	LV.13 토벌전 68위 "멍꿀" 에서 소중한 길드원 모집중입니다.	델몬트S007
44886	2026-09-23	1	1	64	🥵🥵외계침공길드원모집중Lv.13👽👽	Hayoon
44883	2026-09-23	1	9	110	[구인완료] Lv13, 연구 11-3 in 250 "바위를부수는계란"	승승
44879	2026-09-23	1	0	36	11렙 Freedom 길드원 모집해요!!(무소과금전용)	일레인
44877	2026-09-23	0	10	139	400서버대 453m 투력 길드 구해봐요	쫑비
44875	2026-09-23	0	9	90	레벨 12 [레전더리] 길드원 3분 모집합니다	마시멜로우
44871	2026-09-23	0	0	136	LV13 길드원 한분 모집합니다	차닝
44870	2026-09-23	0	0	37	12렙 오븐브레이커 길드원 모집합니다	용22222
44869	2026-09-23	0	0	107	Lv.13 토벌전 65위 Travis 길드에서 길드원 모집합니다!	판다선
44868	2026-09-23	0	0	58	마감	훈슬아
44866	2026-09-23	0	0	48	LV11 길드 [명왕]에서 활발하게 활동해주실 길드원 1명 모집합니다!	1패왕
44860	2026-09-22	0	0	38	LV11 길드 [명왕]에서 길드원 1명 모집합니다!	1패왕
44859	2026-09-22	0	0	56	12렙 오븐브레이커 길드원 구합니다	용22222
44858	2026-09-22	0	6	228	478g 길드구해요	lvrpt
44852	2026-09-22	0	0	141	총투 150G 길드에서 길드원 모집합니다	길드장
44851	2026-09-22	0	6	303	토벌 300배 이상, 359G 길드구해요	찬식
44850	2026-09-22	0	2	52	12렙 오븐브레이커 길드원 모집합니다	용22222
44844	2026-09-22	2	0	65	[Lv.12 인스타]  길원 모집합니다 !!	스퍼스
44842	2026-09-22	0	4	192	토벌 150G이상 길드구합니다	식이언즈
44837	2026-09-22	0	2	119	13랩 90등 길드에서 길원한분 구합니다	옆머리
44836	2026-09-22	1	6	177	총투 7.5G 토벌 280G 길드 구합니다	아링라
44831	2026-09-22	0	3	105	토벌전 전시즌 1위 무소과금 lv12 길드 "쿠키 베이커리" 길드원 모집합니다	홋떡맛쿠키
44829	2026-09-22	0	0	64	ㅡ	ImYourMom
44827	2026-09-22	0	7	131	길드 구합니다	토템1
44824	2026-09-22	1	13	140	[길드원 3명 구인 3/6] Lv13, 연구 11-3 in 250 "바위를부수는계란"	승승
44822	2026-09-22	0	1	104	길드 구합니다	우왕좌왕
44821	2026-09-22	0	0	43	✨ Lv.12 &lt;야릉뿌릉&gt; 길드원 모집합니다! (0/4) ✨	멍비비비
44820	2026-09-22	1	0	71	레벨 13 길드원 모집합니다 신청주세요!	zipoo88
44818	2026-09-22	0	0	12	LV4 떼 걸 룩 길드원모집합니다(자유가입)(뉴비환영)	픽린이이
44808	2026-09-22	0	0	62	불닭맛쿠키 길드원 모집합니다! 사진 참조해주세요	고인감자
44807	2026-09-22	0	5	161	총투력5.13G 토벌 163G 길드 찾아요	쿠앤크쿠키1
44806	2026-09-22	0	0	31	11랩 오픈런길드 1명 자유모집	오픈런쿠키
44800	2026-09-22	1	1	72	Lv.12 광고스킵단에서 라이트하고 꾸준하신분 모십니다!	응구단
44799	2026-09-22	0	0	43	뚠따리 길드에서 길드원 모집중입니다 !	종려
44796	2026-09-22	0	0	42	🔥🔥LV.11 [산딸기] 길드원 모집🔥🔥(26/30)	shyoo8248
44795	2026-09-22	0	0	28	lv11 - "크런치쿠키" 길드원 모집합니다. 가입조건 없음.	아버지
44794	2026-09-22	0	2	211	14렙 길드 고정 길드원 구합니다	준이s088
44791	2026-09-22	2	1	49	신생길드 [솜털]에서 초보 뉴비분들을 찾습니다!	시우
44790	2026-09-22	0	8	138	13렙 연구12-2 사망길드에서 길원 모집중입니다.(30/30)완.	카리카리
44784	2026-09-22	0	2	238	시골섭3등 길드구합니다	할루할로
44781	2026-09-22	0	0	31	LV11 길드 [명왕]에서 길드원 토벌전 열심히 해주실 분 1명 모집합니다!	1패왕
44775	2026-09-22	2	0	32	Lv.10 라이트와 헤비사이 어딘가 "다이소"길드 총투력 200M이상 모집🍬🍬	귀여운무앵
44773	2026-09-22	1	4	87	총투 1G 길드 구합니다	으아아각
44770	2026-09-22	0	0	54	Lv12 공쥬 길드에서 꾸준히 하실 한 분 모십니다!	alsk
44769	2026-09-22	3	2	96	Eira 길드에서 길드원 구합니다 !	제나1
44768	2026-09-22	0	0	11	LV.6 뭉티기 길드 길드원 모집. 완전 자유	봄누
44767	2026-09-22	0	0	64	길드 모집 7명 중	프랭그
44766	2026-09-22	0	0	19	♤고독♤ 11랩 길드원모집(자유가입)	디오
44764	2026-09-22	0	0	78	Sing 상위권지향 길드원모집 합니다.	넥스터
44763	2026-09-22	0	2	96	13렙 연구 12-2 사망길드에서 길원모집합니다.	카리카리
44762	2026-09-22	0	0	27	Lv.11 🩷욕심🩷 길드원 모집합니다	네네
44760	2026-09-22	1	0	108	[IN30 / Lv14] '판도라' 길드에서 길드원을 모집합니다! (마감)	씨엠
44759	2026-09-22	0	0	49	레벨13 &lt;빌런&gt; 길드원 1명구합니다(마감)	매일
44757	2026-09-22	0	1	63	⭐13레벨 길드 라스트1분 모셔요. 연구소 12-3 진행중 길드 총투 100g+++ ⭐[마감]	썩은쿠키
44756	2026-09-22	0	0	69	총투 9G 20in 이상 길드 구해요	보그
44754	2026-09-22	0	0	6	길드레벨 9 '덤킹런키쿠' 에서 길원 모집합니다!!	ㅋㅋㅋ럼블
44751	2026-09-22	1	0	45	Lv.12 광고스킵단에서 라이트하고 꾸준하신분 모십니다!	응구단
44748	2026-09-22	0	0	14	낭만교 9레벨 길드원구해요	으아악앗
44746	2026-09-22	0	6	49	12레벨 길드 [작골형제] 길드원 모집합니다	작골형제
44744	2026-09-22	0	0	33	[Lv12 켄지] 길드원 모집합니다~	포치2
44740	2026-09-22	0	1	194	👑 토벌 시즌 전체 7위 마무리 " 품격 " 한 분 모집 / 조건 필독 👑 "마감"	나의군주
44739	2026-09-22	0	6	135	길드 구인	라오신
44735	2026-09-22	0	4	79	13렙 연구12-2 사망길드에서 길원모집합니다.	카리카리
44733	2026-09-22	0	0	43	13랩 90등 길드에서 길원 한분 구합니다	옆머리
44732	2026-09-22	0	0	36	(마감) lv.13 &gt;&gt;&gt;  아이들 &lt;&lt;&lt;   길드원 모집해요~ 토벌전 IN 125 유지 목표	세링
44730	2026-09-22	1	2	95	[구인] ✨️황금✨️렙 14, 연구 13-2 길드원 1분 모십니다.	춘삼이집사
44725	2026-09-22	2	0	86	[모집/마감] 13렙 숨결 길드원 모집! (29/30)	사계
44723	2026-09-22	0	1	54	길드레벨 13 길드원 모집중!	zipoo88
44722	2026-09-22	0	2	29	Lv11 C3IS 길드원 모집 (29/30) - 토벌 319등, 길드전투력 66G	C3IS
44720	2026-09-22	0	0	8	LV8.자유로운 길드 '할머니의쿠키상자'	빛랑
44716	2026-09-22	0	1	142	총투 7.2G / 토벌190G / 축복6 길드 찾습니다.	쿠키카레
44713	2026-09-22	0	0	49	(눈꽃) 길원모집 길드연구10렙 100위권	문법
44712	2026-09-22	0	0	26	Lv.10 라이트와 헤비사이 어딘가 "다이소"길드 총투력 200M이상 모집🍬🍬	귀여운무앵
44705	2026-09-22	0	0	42	12렙 연구10렙 쭉쭉질러 길드원모집중	쭉쭉이형이야
44702	2026-09-22	0	2	87	토벌 197g 총투 6.6g in75(안정적으로 들 수 있는 활발한 길드) 구해봅니다!	zxcvbnxcx
44699	2026-09-22	0	0	39	12렙 67g길드 총투 1.7이상 길드원 구합니다.	미루님
44697	2026-09-22	0	1	90	길드렙13)in85 천지창조 길원모집	송정동패밀리
44695	2026-09-22	0	0	63	13렙 연구12-2 사망길드에서 길원 모집합니다	카리카리
44690	2026-09-22	0	1	75	12렙길드 [유성] 길드에서 빠르게 3분 모집합니다!!      (30/27)	김고은닮은꼴
44686	2026-09-22	0	0	18	11렙 길드 GDXWEB 길드원 모집중 / 2자리 남았습니다/총투 36G/토벌전 700등대	비유명
44681	2026-09-22	0	0	14	🍪 Lv.9 '타마마' 길드원 모집중 [토벌전 4회 중 그룹1위 3회/전체 1700등대]	타마타마
44680	2026-09-22	0	0	41	마감	스테비아노바쿠키
44675	2026-09-22	1	0	81	[길드13, 연구12-2] 탄단뭉 길드원 모집합니다.(구했습니다)	픽시
44673	2026-09-22	0	5	45	12렙 시그니처에서 한분 모집합니다.	크럼블1
44669	2026-09-22	0	0	52	레벨13 길드 &lt;빌런&gt; 길드원 2명 구합니다~~!	매일
44665	2026-09-22	0	2	63	뚠따리 길드에서 길드원 모집중입니다 ! !	종려
44662	2026-09-22	0	0	32	Lv.12 광고스킵단에서 라이트하고 꾸준하신분 모십니다!	응구단
44659	2026-09-22	0	0	27	[Lv12 켄지] 길드원 모집합니다~	포치2
44656	2026-09-22	0	1	29	✨️[더불어민주당 Lv.11/토벌1등 마감] 3명 모집합니다! 투력컷 400m✨️	Kmj0728
44651	2026-09-22	0	0	87	Lv13 "초월"길드 길원모집합니다~	피기사
44645	2026-09-22	0	0	36	12렙 오븐브레이커 길드원 모집함니다	용22222
44644	2026-09-22	0	1	61	'''몽키는원숭이''' 13LV 길드에서 총투 1G 이상의 동료들을 모집합니다! 한자리..!!! 다들 토벌전에 진심	누쿠누구
44643	2026-09-22	0	1	45	길드렙13)천지창조 길드원모집	송정동패밀리
44641	2026-09-22	0	0	94	🔥 곧 100위권 진입합니다｜성장세 확실한 길드, 저점매수하여 지금 같이 올라가실 분 모집	부산
44639	2026-09-22	0	0	35	같이 재밌게 할 수 있는 길드원구합니다.	한뱅미
44633	2026-09-22	0	0	108	[카리나 길드원 모집] 길드 Lv.14 · 총투력 3.5G↑ · 함께 오래 즐기실분 구합니다!	카리나길드
44627	2026-09-22	0	0	18	12렙 언빌리버블 길드에서 오래가고 끈질긴 영미 길마와 함께 가실 용사님 1명구합니다	영미
44623	2026-09-22	2	7	107	12렙 [회사] 길드 신입사원 모집 중 🎶	옥순
44621	2026-09-22	0	0	4	Lv. 7 NaMu단 길드 길드원 모집.	피터의하모니
44605	2026-09-22	0	0	35	12렙 길드 오븐브레이커 길드원 모집합니다	용22222
44600	2026-09-22	0	2	82	방패에서 한 분 모십니다	기리기리
44594	2026-09-22	0	0	42	001섭 13LV “영웅”길드 한 분 모집합니다.	수원
44588	2026-09-22	0	0	22	오븐브레이커 길드원 모집합니다	용22222
44587	2026-09-22	0	0	57	렙13 "초월" 길드 길원모집합니다~	피기사
44575	2026-09-22	0	0	22	LV11 길드 [명왕]에서 토벌전 캐리해주실 소중한 길드원 1명 모집합니다!	1패왕
44574	2026-09-22	0	4	52	🔥🔥🔥12렙 길드 [쿠키사원증]에서 신입사원맛 쿠키 모집합니다!!🔥🔥🔥	몽탁탁
44571	2026-09-22	0	1	27	Lv. 11 게을쿰척상혁씨 길드에서 길드원 모집합니다! (26/30)	멍오후
44570	2026-09-22	0	0	18	불닭맛쿠키 길드원 모집합니다! 사진참조 부탁드려요	고인감자
44567	2026-09-22	0	0	19	Lv.11 🩷욕심🩷 길드원 모집합니다	네네
44552	2026-09-22	0	1	13	11렙 길드 GDXWEB 길드원 모집중 / 2자리 남았습니다/총투 36G/토벌전 700등대	비유명
44546	2026-09-22	0	0	13	12렙오븐브레이커 길드원모집힙니다	용22222
44545	2026-09-22	0	0	40	👽👽외계침공길드원모집 Lv.13👽👽	Hayoon
44544	2026-09-22	0	0	22	12렙 언빌리버블 길드에서 썹종까지 가는 영미 길마와 함께 전장을 누비실분 구합니다	영미
44542	2026-09-22	0	0	43	Sing 상위권 지향 길드원모집 합니다.	넥스터
44531	2026-09-22	0	0	37	길드원 모집합니다! 사진 참조해주세요	고인감자
44529	2026-09-22	0	1	61	길드렙13) 천치창조 길원모집	송정동패밀리
44525	2026-09-22	0	0	48	같이 전설이 되어줄 총투 600M이상 인재 구해봅니다 (12렙길드)	창문
44512	2026-09-22	0	0	124	14렙 쿠키왕국 연구레벨 높은 길드에서 길드원모집합니다. 2자리 모집	북산고정대만
44511	2026-09-22	0	9	94	레벨13 길드 &lt;빌런&gt; 길드원 2명 구합니다~~!	매일
44463	2026-09-22	0	0	9	길드레벨 9 '덤킹런키쿠' 에서 길원 모집합니다!!	ㅋㅋㅋ럼블
44461	2026-09-22	0	5	121	길드 구합니다.	빨깅
44459	2026-09-22	0	0	91	레벨13길드 같이 성장하실분 모십니당!!	zipoo88
44458	2026-09-22	0	6	98	길드 구합니다	자다흐가
44456	2026-09-22	0	3	106	레벨13길드 “랭커쿠키단” 길드원 모집합니다! 27/30	호떡런
44455	2026-09-22	1	1	26	[LV. 11] 지박령 길드에서 정년퇴임까지 같이 할 길드원 모집	흥옌남
44450	2026-09-22	1	0	45	내일 12렙 월영 길드에서 길드원을 모집합니다	꽃잎책
44447	2026-09-22	0	0	56	(마감)13레벨 •콩콩• 길드원 구함 !	슈미
44446	2026-09-22	0	0	19	[12렙] 삼한제일검 길드원 한분 모십니다~	리브 S031
44445	2026-09-22	1	7	124	길드 구합니다!	도토리1
44440	2026-09-22	1	14	237	길드 구합니다.	yeenybeeny
44437	2026-09-22	0	0	13	12렙 언빌리버블 길드에서 오래가고 질긴 영미 길마가 있는 길드에서 1명 구합니다	영미
44433	2026-09-22	0	0	15	11렙 길드 GDXWEB 길드원 모집중 / 2자리 남았습니다/총투 36G/토벌전 700등대	비유명
44432	2026-09-22	1	7	181	길드 가입 하고 싶습니다	경기II탱
44430	2026-09-22	0	0	122	Lv.14 총투 251g 젤리길드 마지막한자리 모집합니다(토벌전 in 17,17,21,16 연구소 13-2) &lt;모집완!!&gt;	키마1
44427	2026-09-22	0	2	73	S6XX 총투 1.1G 208-30ST 축복5	ㅡ겨울ㅡ
44425	2026-09-22	0	0	85	📉😭(29/30)	흐물땡벌
44424	2026-09-22	0	0	66	[모집중] 곧13렙 '조각'길드에서 같이 성장하실 2분 모셔요	코노
44421	2026-09-22	0	0	134	14렙길드 텐프로 길원모집(마감)	ㅋㅋㅎㅎㅋ
44413	2026-09-22	0	0	81	LV.13 토벌전 68위 "멍꿀" 에서 소중한 길드원 모집중입니다.	델몬트S007
44406	2026-09-22	0	1	8	[크럼블야호] 길드원 모집 / 9LV / 편하게 오래 즐기실분들 환영합니다	Burnt Bread
44404	2026-09-22	0	10	774	진호정 길드 근황	스지드
44399	2026-09-22	0	2	86	lv13 궁전제과에서 함께하실분을 모집합니다(26/30) 동반가입 가능	튀김소보로
44396	2026-09-22	0	0	34	Lv.11 길드 &lt;도넛&gt; 부담없이 게임하실 길드원 모집합니다🍩	말랑젤리개구리
44395	2026-09-22	0	0	5	🍪 Lv.9 '타마마' 길드원 모집중	타마타마
44393	2026-09-22	0	0	19	[Lv9]채팅 없이 조용히 출첵만 하면서 부담 없이 게임 즐기고 싶은 분 오세요	ReBain
44388	2026-09-22	1	0	44	[길드원 2명 구인] 13레벨, 공략시트제, 친목X "바위를부수는계란"	승승
44386	2026-09-22	0	6	266	길드구합니다(본인서버 총투 2위, 축복 6렙)	chch
44384	2026-09-22	0	0	14	12렙 시그니처에서 한분 모집합니다.	크럼블1
44378	2026-09-22	0	0	16	Lv.10 🎸[락엔롤] 레스고할 길드원 모집 ⭐️ (28/29)	쿠키런 조아요
44374	2026-09-22	0	0	74	🔥 곧 100위권 진입합니다｜성장세 확실한 길드, 지금 같이 올라가실 분 모집	부산
44363	2026-09-22	0	0	27	Lv12 공쥬 길드원 모집합니다	ALDH
44359	2026-09-22	0	7	657	진호정 길드 무슨일있나요? 길마가 계정을 파네요	스지드
44351	2026-09-22	0	1	363	진호정 길드 폭파, 진심으로 축하드립니다.	스지드
44350	2026-09-22	0	0	54	★13렙★ VOICE에서  무소중과금 길드원모집	VOICE길원모집
44347	2026-09-22	1	2	128	Lv.13 반도체 길드원 구합니다 29/30 마지막 주인공은 바로 너 	투 기
44346	2026-09-22	0	0	20	12렙 언빌리버블 길드에서 섭종까지 안접는 영미 길마가 있는 곳으로 오세요	영미
44345	2026-09-22	0	0	41	⭐️코딱지⭐️ 길드레벨13 길원구해요	쿠키냠
44343	2026-09-22	0	0	16	12레벨 오븐브레이커 길드원 모짐중입니당	용22222
44337	2026-09-22	0	1	60	길드 구합니다!	센셔니
44336	2026-09-22	0	0	22	11랩 &lt;단검&gt;길드에서 길드원 모집합니다.	생강맛쿠키
44334	2026-09-22	0	0	79	LV.13 토벌전 68위 "멍꿀" 에서 소중한 길드원 모집중입니다.	델몬트S007
44331	2026-09-22	0	1	33	ㅡ	ImYourMom
44318	2026-09-21	0	0	23	Lv.10 원츄 길드원 모집중!! 오픈톡O	츄츄2
44313	2026-09-21	0	0	15	11랩 오픈런길드 길원 자유가입	오픈런쿠키
44305	2026-09-21	0	0	21	Lv.10 대전광역시 에서 길드원을 모집하고 있습니다! (21/29)	로컬
44304	2026-09-21	0	0	42	SIng 상위권지향 길드원모집 합니다.	넥스터
44302	2026-09-21	1	2	138	길드 구합니다!!!!!!!!!! 축복10렙	ynsyu
44300	2026-09-21	0	0	23	12렙 길드 오븐브레이커 길드원모집합니당	용22222
44297	2026-09-21	0	0	8	Lv.6 뚜시뚜시 / 길드원 모집합니다. 전투력 상관없이 꾸준히 하실 분 모십니다.	김뚜시
44293	2026-09-21	0	1	30	11렙 쓰레기 길드에서 길드원 모집합니다 뉴비 환영	윤달달이
44292	2026-09-21	0	1	151	길드 구합니다	테븐
44285	2026-09-21	0	0	29	11레벨 땅땅 길드 4명 모집해용 뉴비환영	약속11
44283	2026-09-21	0	0	65	&lt;마감&gt;Lv.13 ☆츄르도적단☆에서 길드원을 모집하고 있습니다! (30/30)	햄쓰
44282	2026-09-21	0	0	11	🍪 Lv.9 '타마마' 길드원 모집중	타마타마
44281	2026-09-21	0	0	25	12렙 길드 65g 총투 1.7g이상 길드원 구합니다.	미루님
44279	2026-09-21	1	7	116	총투 1G 길드 구합니다	수원왕발가락
44275	2026-09-21	0	0	25	Lv.10 라이트와 헤비사이 어딘가 "다이소"길드 총투력 M200이상 모집합니다🍬🍬	귀여운무앵
44274	2026-09-21	0	0	77	총투 142G 길드에서 길드원 모집합니다! [29/30]	길드장
44271	2026-09-21	1	1	73	ㅡ	ImYourMom
44269	2026-09-21	0	0	34	길드원 모집합니다!	ㅎㅋㅌ
44267	2026-09-21	0	0	75	13렙 퍼스트 길드에서 길드원 모집합니다 (29/30)	새우튀이이김
44266	2026-09-21	0	9	120	[카리나 길드원 모집] 길드 Lv.14 · 총투력 3.5G↑ · 함께 오래 즐기실 두분 구합니다!	카리나길드
44260	2026-09-21	0	0	43	Lv12 공쥬 길드원 모집	alsk
44258	2026-09-21	1	0	33	Lv. 11길드 야옹이들에서 길드원을 모집합니다!	군단장
44256	2026-09-21	0	0	20	12렙 연구10렙 400번대서버 쭉쭉질러 길드원모집합니다	쭉쭉이형이야
44252	2026-09-21	0	1	37	11렙길드 [유성] 길드에서 빠르게 3분 모집합니다!!
	김고은닮은꼴
44250	2026-09-21	0	2	53	레벨13 길드 &lt;빌런&gt; 길드원 2명 구합니다~~!	매일
44248	2026-09-21	0	5	563	진호정길드 왜 반토막남?	스지드
44246	2026-09-21	0	0	48	[길드원 2명 구인] 13레벨, 투명한운영, 친목X "바위를부수는계란"	승승
44243	2026-09-21	0	0	24	[lv12 켄지]  길드원 모집합니다~	포치2
44233	2026-09-21	0	5	145	[완료] 총투 4G 길드 구합니다!	연차
44231	2026-09-21	1	0	87	[회사탈출] LV13[곧 LV14] 길드원 2명 모집	화가잔뜩나는뱃살
44230	2026-09-21	0	2	63	⭐솔플지향 13레벨 길드 1분 모셔요. 연구소 12-3 진행중⭐[예약가능]	썩은쿠키
44227	2026-09-21	0	0	16	뉴비분들 주목‼️‼️‼️ LV.8 [부유한길드]에서 길드원 모집합니다!	하달
44219	2026-09-21	0	0	31	&lt;마감&gt;Lv.13 ☆츄르도적단☆에서 길드원을 모집하고 있습니다!	햄쓰
44216	2026-09-21	0	0	14	광제키우기 자유가입 고고	광양ll성황동에이스
44215	2026-09-21	0	0	63	레벨13길드 “랭커쿠키단” 길드원 모집합니다!	호떡런
44213	2026-09-21	0	1	39	13렙 RumbleRun 길드 29/30 오세요	미니몽
44208	2026-09-21	0	0	67	길드13렙) 토랭85위 천치장조 길원모집	송정동패밀리
44207	2026-09-21	1	0	17	Lv.10 라이트와 헤비사이 어딘가 "다이소"길드 총투력 M200이상 모집🍬	귀여운무앵
44206	2026-09-21	0	3	88	in75 소금노움 길드원 모집 (29/30) ㅡㅡㅡ 모집완료	리센느54
44204	2026-09-21	0	0	38	⭐13레벨 길드 2분 모셔요. 연구소 12-3 진행중 길드 총투 90g+++ ⭐	썩은쿠키
44199	2026-09-21	0	0	68	Lv.13 반도체 길드원 구합니다 	투 기
44194	2026-09-21	2	0	46	탄단뭉 길드에서 길드원 모집합니다.(29/30)	꿀단지
44191	2026-09-21	0	0	12	동글뱅이 길드 자유가입	국키
44190	2026-09-21	0	0	14	12렙 오븐브레이커 길드원 모집합니다	용22222
44189	2026-09-21	0	0	20	11렙 참새 길드에서 편하게 즐기실분 구해요	쉐밀떡
44187	2026-09-21	0	0	147	렙 14렙 리치로드 길드에서 길드원 1~2분 구해봅니다 !	구글
44183	2026-09-21	0	0	24	lv11 - "크런치쿠키" 길드원 모집합니다. 가입조건 없음.	아버지
44182	2026-09-21	0	0	31	🔥🔥LV.11 [산딸기] 길드원 모집🔥🔥(26/30)	shyoo8248
44181	2026-09-21	0	0	141	​​[IN30 / Lv14] '판도라' 길드에서 길드원을 모집합니다! (마감)	씨엠
44175	2026-09-21	0	0	38	길드원 모집합니다_	짱구울
44173	2026-09-21	0	0	98	총투 141G 길드에서 길드원 모집합니다! [29/30]	길드장
44172	2026-09-21	0	7	65	⭐13레벨 길드 2분 모셔요. 연구소 12-3 진행중 길드 총투 90g+++ ⭐	썩은쿠키
44169	2026-09-21	0	0	16	🔥🔥LV.11 [산딸기] 길드원 모집🔥🔥(28/30)	shyoo8248
44166	2026-09-21	0	0	18	LV10 원츄 길드원 모집!! 오픈톡 필수!!	츄츄2
44163	2026-09-21	0	3	152	총투 6.5G 길드 구합니다	체체체체
44162	2026-09-21	0	1	39	11렙길드 [유성] 길드에서 빠르게 2분 모집합니다!!
	김고은닮은꼴
44158	2026-09-21	0	0	35	12레벨 뚠따리 길드에서 길드원 모집중입니다 ! ! (26/30)	종려
44153	2026-09-21	0	4	158	총투 7G 축복6 토벌전 350G 길드 구합니다.	르로
44149	2026-09-21	2	5	148	총투 9g+ 길드 구합니다 (끝)	펲푸
44144	2026-09-21	0	0	19	LV.11 [씬쿠키] 길드 모집!! 1명 남았습니다	이로와
44141	2026-09-21	0	0	59	야발길드에서 정상적인 길원모집 ^0^	얼핏봄
44137	2026-09-21	0	0	24	Lv.10 라이트와 헤비사이 어딘가 "다이소"길드 총투력 M200이상 모집🍬	귀여운무앵
44135	2026-09-21	0	0	52	&lt;성인 라이트 길드&gt; 11랩 ❝ 윈드 ❞ 길드원 구해요 (27/30)	메리
44130	2026-09-21	0	0	11	🍪 Lv.9 '타마마' 길드원 모집중	타마타마
44125	2026-09-21	0	0	32	라면 길드에서 길드원 모집합니다	Blueming
44123	2026-09-21	0	0	14	Lv.9 "이안" 길드원 모집합니다	딸기쿠키
44122	2026-09-21	0	0	33	12렙 '수레기봉투'에서 날먹보상 받으실 길드원 모집합니다~	라쿤
44120	2026-09-21	0	0	23	11렙 햄햄 길드 같이 키워나가실분 모집해요🫶	이해덕
44118	2026-09-21	0	0	23	11렙 땅땅 길드 4명 모집합니당	약속11
44117	2026-09-21	0	0	64	12렙 길드 "구름" 길드에서 길드원 모집합니다!	qjsbbw
44109	2026-09-21	0	3	85	총 투력 1.5g 길드 구했습니다[완료]	Sinatra
44108	2026-09-21	0	8	648	길드 갑자기 추방당해서 길드구합니다	ㅇㅊㅍ
44104	2026-09-21	0	0	73	마감되었습니다~	뭉게구름먼지
44100	2026-09-21	0	0	33	12렙 시그니처에서 한분 모집합니다.	크럼블1
44098	2026-09-21	0	0	12	11렙 [왕국은천국]에서 길드원 모십니다 (28/30)	lacoster
44096	2026-09-21	0	1	161	14렙  [부스러기단] 길드원모집	설아0
44095	2026-09-21	0	0	16	11렙 양파 길드	말차단
44093	2026-09-21	0	0	9	LV10 원츄 길드원 모집합니다!! 오픈톡~	츄츄2
44091	2026-09-21	0	0	12	오븐브레이커 12렙길드 길드원구합니다	용22222
44087	2026-09-21	0	10	178	길드 구합니다!	커먼
44083	2026-09-21	0	0	50	쟁탈전은 이번에도 없는 겨?	에스님
44079	2026-09-21	1	0	13	자유가입 9레벨 길드 &lt;말랑꼬물&gt;에서 접속 열심히 하실 길드원분 구해요	다욤
44074	2026-09-21	0	0	18	오븐브레이커 길드원 모집합니다	용22222
44073	2026-09-21	0	0	34	12렙 언빌리버블 길드에서 메이드인 코리아 국산 전투력 좋은분 구합니다	영미
44065	2026-09-21	1	1	396	❗️&lt;예약 가능&gt;사과별 길드원 모집❗️	푸르내
44057	2026-09-21	0	0	19	오븐브레이커 길드원 모집합니자	용22222
44054	2026-09-21	0	0	65	Sing 상위권 지향 길드원모집 합니다.	넥스터
44053	2026-09-21	0	0	65	[Lv.13] 골드치즈쿠키 길드원 모집	성민성
44051	2026-09-21	0	7	108	길드 구합니다	285826191
44049	2026-09-21	0	0	9	8렙길드 Hypoglycemia 에서 천천히 오래 함께할 분을 모십니다! (17/28) 친목x 무소과금 환영!	됴아여
44045	2026-09-21	0	0	76	Lv.13 반도체 길원구해요 179등	투 기
44044	2026-09-21	0	0	16	12렞길드 오븐브레이커 길드원 모집합니다앙	용22222
44042	2026-09-21	0	0	105	LV13 토벌전 전체 68위 "멍꿀" 에서 소중한 길드원 세분 모집합니다.	델몬트S007
44037	2026-09-21	1	2	91	🔥🔥🔥12렙길드 [쿠키사원증] 에서 신입사원맛 쿠키 모집합니다🔥🔥🔥	몽탁탁
44033	2026-09-21	0	0	22	신생 미인 길드에 길원모집합니다  오늘 2랩 달성했어요 ㅎㅎ	미스코리아
44030	2026-09-21	0	0	15	LV 12 데브는우상향 길드에서 길원 모집합니다.	느느85
44028	2026-09-21	1	8	153	14렙 길드(연구소 13-2) DScrumble 길드원 1명 모집	전갈1
44026	2026-09-21	0	0	42	[밍월드] 12렙 길드 밍월드에서 길드원 4분 모집합니다	밍비
44023	2026-09-21	0	0	41	[Web 발신] 너랑 같이 토벌전 할 때가 가장 재밌더라. LINE ID: &lt;시나몬피던시절&gt; 절찬 모집 중 (29/30)	신오
44022	2026-09-21	1	0	162	14렙 길드 텐프로에서 길원모집합니다.	ㅋㅋㅎㅎㅋ
44019	2026-09-21	0	0	73	[다크] 길드원 모집/ 토벌전에 진심이신 분 환영합니다	매원
44018	2026-09-21	0	0	46	Lv11 C3IS 길드원 1분 모집 (29/30) - 토벌전 319등, 길드전투력 63G	C3IS
44017	2026-09-21	0	0	28	12렙 언빌리버블 길드에서 오래하는 폐인 길마가 있는 길드로 오세요	영미
44003	2026-09-21	0	0	42	Eira 길드에서 길드원 구합니다 !	제나1
43998	2026-09-21	0	0	11	자유가입 Lv.8 호야 길드원 구해요!!	호야호
43993	2026-09-21	0	0	45	13레벨 &lt;연장챙겨전쟁이다&gt;에서 길드원 한분 모집합니다.	정춘복
43991	2026-09-21	0	0	46	[코딱지] 길드레벨 13 길드원구합니다(2명)	쿠키냠
43989	2026-09-21	0	3	116	길드 구합니다	현활
43987	2026-09-21	1	7	98	길드가입 원합니다	주린이
43985	2026-09-21	0	0	15	[길드원 모집][길드Lv11 연구소Lv8] 망고망순레이재운 절찬 모집 중	가렌
43984	2026-09-21	0	0	21	불닭맛쿠키 길드원 모집합니다! 사진 참고 부탁드립니다	고인감자
43982	2026-09-21	1	0	22	[길드원 모집] 11LV "청주시"에서 길드원을 모집합니다~	청주ll용암
43980	2026-09-21	0	0	157	(완료)이번 토벌전 9위 미르 길드에서 길드원 구합니다	의리
43979	2026-09-21	0	0	47	12레벨 뚠따리 길드에서 길드원 모집합니다 ! ! 	종려
43977	2026-09-21	0	7	61	12lv 해랑달 한분 모집합니다!	어텀
43976	2026-09-21	0	0	23	LV 12 데브는우상향 길드에서 길원 모집합니다.	느느85
43974	2026-09-21	0	2	105	LV.12 산리오 / 길드분위기 👍	밍잉
43965	2026-09-21	0	0	69	Lv12 떡튀순, 71위마감 5g이상 한분 모집!	지안나라철이왕국
43964	2026-09-21	0	1	67	길드렙13, 고기길드에서 길드원 모집합니다	고기먹고싶은데
43963	2026-09-21	0	0	25	12레벨 길드 모집합니다! 사진참조해주세요	고인감자
43959	2026-09-21	0	0	95	14렙 길드 텐프로에서 길원 모집합니다.	ㅋㅋㅎㅎㅋ
43954	2026-09-21	0	0	21	Lv.10 라이트와 헤비사이 어딘가 "다이소"길드 총투력 M200이상 모집🍬	귀여운무앵
43952	2026-09-21	0	0	44	열심히 하실분 모집합니다!! 사진참고해주세요	고인감자
43951	2026-09-21	0	0	56	12Lv ⭐[스스]⭐ 길드원 모집합니다	히주얍
43949	2026-09-21	0	0	38	길드렙13 고기길드에서 길드원 모집합니다.	고기먹고싶은데
43945	2026-09-21	0	12	282	길드 구합니다 3.24g	감자감자가가
43938	2026-09-21	0	0	22	길드원모집합니다 사진 참고해주세요!	고인감자
43935	2026-09-21	0	2	35	🌊 Lv. 12 퐁당 길드원 1명 모집 🌊	퐁당
43927	2026-09-21	0	3	602	5명 길드이전합니다.	금연중
43922	2026-09-21	0	1	65	lv13 궁전제과에서 함께하실분을 모집합니다	튀김소보로
43919	2026-09-21	0	2	41	LV10 원츄 길드원 모집!! 오픈톡 필~수!	츄츄2
43916	2026-09-21	0	0	103	14렙 1TOP 에서 한분모셔용 사진참고!	쿠키런좋앙
43911	2026-09-21	0	0	46	Lv12. 조각 길드에서 1G이상 한분 모십니다	코노
43905	2026-09-21	0	0	51	LV.12 산리오 / 길드분위기 👍	밍잉
43904	2026-09-21	2	3	222	토벌 280G 길드구해요	Arisen
43902	2026-09-21	0	0	18	🍪✨ 길드 Lv.11 〈쿠귀살〉 길드원 모집 ✨🍪	젠이츠
43900	2026-09-21	0	0	14	LV.10 길드 '쿠키박스' 길드원 모집 합니다 (26/29)	AhisCream
43899	2026-09-21	0	0	23	✨Lv.11 &lt;로얄클럽&gt; 길원 구함✨	로얄클럽
43898	2026-09-21	0	1	28	lv13 궁전제과에서 함께하실분 모집합니다	튀김소보로
43897	2026-09-21	0	0	60	14렙 “1TOP" 한분모셔요 총투4g or 토벌 100g이상	쿠키런좋앙
43893	2026-09-21	0	0	29	'''몽키는원숭이''' 13LV 길드에서 총투 1G 이상의 동료들을 모집합니다! 두자리..!!! 다들 토벌전에 진심	누쿠누구
43891	2026-09-21	0	0	24	Lv 12 길드 "쨘쨘미와이익이" 길드원 모집합니다~	찬aw
43886	2026-09-21	0	0	16	'리마인' 길드 모집합니다	쪼랭
43885	2026-09-21	0	0	28	🍪 [쿠귀살] 길드 합병 모집해봅니다! 🍪	젠이츠
43882	2026-09-21	0	0	24	길드원 구함) 12lv  개똥벌레 길드에서 길드원 구합니다! (연구소 10-2 , 토벌전 in 400)	너나 우
43881	2026-09-21	0	0	47	ㅡ	ImYourMom
43877	2026-09-21	0	0	81	&lt;마감&gt; 상위권 지향 토벌전 13위,  Lv.14 ROYAL 길드 1명 모집	ROYAL
43876	2026-09-21	0	1	25	11렙길드 [유성] 길드에서 빠르게 2분 모집합니다!!	김고은닮은꼴
43875	2026-09-21	1	6	69	Lv13 대댕에서 길드원 모집합니다  1.5g 이상	디올
43866	2026-09-21	0	0	17	Lv.10 라이트와 헤비사이 어딘가 "다이소"길드 총투력 M200이상 모집	귀여운무앵
43864	2026-09-21	0	0	81	총투 139G 길드에서 길드원 모집합니다! [29/30]	길드장
43861	2026-09-21	0	6	21	11렙 길드 “집사모임” 길드원 2분 모셔요~ (28/30)	대박 게임을 찾아서
43855	2026-09-21	0	0	87	14렙 길드 텐프로 길원모집	ㅋㅋㅎㅎㅋ
43852	2026-09-20	0	0	31	9렙 놀이터 길드 살려주실 귀인분들 구합니다ㅠㅠ 같이 키워나가며 올라가요 	불타는십원
43851	2026-09-20	0	1	30	lv13 궁전제과에서 함께하실분 모집합니다	튀김소보로
43850	2026-09-20	0	0	12	12렙 오븐브레이커 길드원 모집합니당~!	용22222
43849	2026-09-20	0	0	33	Lv.12 산리오 / 길드분위기 👍	밍잉
43847	2026-09-20	0	0	27	Lv.11 땅땅 길드 4명 모집해요 뉴비환영	약속11
43833	2026-09-20	0	0	39	Sing 상위권지향 길드원모집 합니다.	넥스터
43829	2026-09-20	0	0	20	Lv.10 🎸[락엔롤] 레스고할 길드원 모집 ⭐️ (28/29)	쿠키런 조아요
43818	2026-09-20	0	0	37	Lv.11 길드 &lt;도넛&gt; 부담없이 게임하실 길드원 모집합니다🍩	말랑젤리개구리
43814	2026-09-20	0	0	30	총투 139G 길드에서 길드원 모집합니다! [29/30]	길드장
43812	2026-09-20	1	0	40	13렙 퍼스트 길드 길드원 모집합니다!	새우튀이이김
43810	2026-09-20	0	0	25	Lv.10 라이트와 헤비사이 어딘가 "다이소"길드 총투력 M200이상 모집	귀여운무앵
43808	2026-09-20	0	0	24	🔥🔥LV.11 [산딸기] 길드원 모집🔥🔥(28/30) 토벌전 20g 이상 모집	shyoo8248
43804	2026-09-20	0	0	24	길드원 모집합니다!	오이쉬예
43803	2026-09-20	0	0	15	Lv.10 주먹햄찌단 500m 이상 길드원 모집합니다~	새콤달고옴
43801	2026-09-20	0	1	33	lv13 궁전제과에서 함께하실분 모집합니다	튀김소보로
43800	2026-09-20	0	0	26	👽👽외계침공길드원모집 곧Lv.13👽👽	Hayoon
43789	2026-09-20	0	0	39	ㅡ	ImYourMom
43788	2026-09-20	0	0	19	Lv10 원츄 길드원 구해요!! 오픈톡필수~	츄츄2
43787	2026-09-20	0	0	28	쿠키빠사삭 길드원 모집합니다.	돌맞고돌았음
43785	2026-09-20	0	1	40	11렙길드 [유성] 길드에서 빠르게 2분 모집합니다!!	김고은닮은꼴
43781	2026-09-20	0	0	25	레벨11 "죽어야끝나"길드원 두분 모집	영웅영웅찡
43779	2026-09-20	0	0	18	12렙 오븐브레이커 길드에서 길드원모집합니다	용22222
43778	2026-09-20	0	0	37	Lv. 12, 연구 11-1 진행 중인 꼬마별 길드에서 어엿한 별로 성장하실 분을 모집합니다.	백산
43777	2026-09-20	0	0	7	동글뱅이 길드 자유가입	국키
43773	2026-09-20	0	2	46	lv13 궁전제과에서 함께하실분을 모집합니다	튀김소보로
43769	2026-09-20	0	0	25	길드레벨 12 [아쿠아단] 길드원 모집합니다 총 전투력 57G 모집투력 1G이상	고래까까
43768	2026-09-20	0	0	25	신생길드 🍪부스러기즈🍪 길드에서 길드원을 모집합니다!!	밀로
43762	2026-09-20	0	0	19	🔥🔥LV.11 [산딸기] 길드원 모집🔥🔥(28/30)	shyoo8248
43756	2026-09-20	0	2	29	12레벨 뚠따리 길드에서 길드원 모집중입니다 !	종려
43755	2026-09-20	0	0	38	'''몽키는원숭이''' 13LV 길드에서 총투 1G 이상의 동료들을 모집합니다! 두자리..!!! 다들 토벌전에 진심..	누쿠누구
43754	2026-09-20	0	0	99	[마감] [말랑쿠키] 14렙, 길게 섭종까지 가실 1 분 모십니다.	러멍
43751	2026-09-20	0	0	50	&lt;딸기쇼트케이크&gt; 13렙 곧 14렙 길드원 2명구함	딸기쇼트케이크길드장
43749	2026-09-20	0	0	34	&lt;성인 라이트 길드&gt; 11랩 ❝ 윈드 ❞ 길드원 구해요 (27/30)	메리
43748	2026-09-20	1	9	116	길드가입희망합니다	데브양아들
43743	2026-09-20	0	0	15	🫶 [밀탱크] 길드원 모집합니다! Lv9 길드원 모집합니다 (자유가입)	정크랫
43742	2026-09-20	0	0	33	12렙 퍼스트 길드에서 길드원 모집합니다!!	새우튀이이김
43741	2026-09-20	0	0	12	[크럼블야호] 길드원 모집 / 8LV / 편하게 오래 즐기실분들 환영합니다	Burnt Bread
43737	2026-09-20	1	0	35	Lv.11 &lt;블라썸&gt; 길드원 모집합니다!🌸	블라썸 레인
43733	2026-09-20	0	2	45	12lv 해랑달 두 분 구인합니다!	어텀
43732	2026-09-20	0	0	68	총투 137G 길드에서 길드원 모집합니다! [29/30]	길드장
43730	2026-09-20	0	0	22	12렙 '수레기봉투'에서 날먹보상 받으실 길드원 모집합니다~	라쿤
43724	2026-09-20	0	0	29	토벌전 전시즌1위 LV12 "쿠키 베이커리" 길드원 모집합니다	홋떡맛쿠키
43720	2026-09-20	0	0	34	10렙 길드에서 함께하실 분 구합니다.	최강
43713	2026-09-20	0	0	34	lv13 궁전제과에서 함께하실분 모집합니다	튀김소보로
43711	2026-09-20	0	3	98	[13레벨] "쿠키런" 길드 모집합니다 29/30	뿌라
43710	2026-09-20	0	1	65	Lv13 길드원모집	초보길드
43693	2026-09-20	0	3	61	[마감] 13렙 길드 [마이크로소프트] 에서 함께하실 길드원 2명 모집합니다 ~~	쿸킹
43691	2026-09-20	0	0	10	Lv.9 길드원 모집합니다 전투력 상관없고 자유로운 분위기 💛 [밀탱크]에서 기다립니다!	정크랫
43686	2026-09-20	0	0	25	'''몽키는원숭이''' 12LV 길드에서 총투 1G 이상의 동료들을 모집합니다! 두자리..!!! 다들 토벌전에 진심..댓글수[1]	누쿠누구
43685	2026-09-20	0	0	8	퐁실팡실(11레벨) 길드원 모집합니다!	보라버섯
43681	2026-09-20	0	1	33	11렙길드 [유성] 길드에서 빠르게 5명모집합니다!!
	김고은닮은꼴
43672	2026-09-20	0	0	29	Lv12 조각길드에서 길드원 모집합니다(29/30)	S298햄버거
43670	2026-09-20	0	0	97	저는 부스러기지만 쿠키같은 형님들을 원합니다.	kor1014
43659	2026-09-20	0	0	49	Lv13 길드원모집	초보길드
43658	2026-09-20	0	0	17	신생 길드 뿌까 에서 길드원 모집중입니다	나비입둥
43654	2026-09-20	0	0	28	[헌터헌터] 에서 길드원 모집합니다	크라피카
43651	2026-09-20	0	0	51	마감	뭉게구름먼지
43647	2026-09-20	0	0	22	12렙 오븐브레이커 길드원 모집합니다	용22222
43646	2026-09-20	1	0	48	⚔️ 12레벨 &lt;투지&gt; 길드원 모집 ⚔️	Bugg
43642	2026-09-20	0	0	33	13렙 딸기쇼트케이크 길드원 1명모집	딸기쇼트케이크길드장
43638	2026-09-20	0	1	33	11렙길드 [유성] 길드에서 빠르게 3분 모집합니다!!	김고은닮은꼴
43633	2026-09-20	0	2	42	12렙 시그니처에서 한분 모집합니다.	크럼블1
43630	2026-09-20	0	5	55	새모에서 길드원 모집해요(28/30)	브라dldk
43629	2026-09-20	0	0	128	14렙 길드에서 2분 구합니다~~	누렁색
43628	2026-09-20	0	0	16	Lv.10 [좋은날오겠지] 길드에서 길드원 모집합니다!	고민지
43627	2026-09-20	0	0	153	길투 150G 현 토벌전 45등 Pairing 에서  길드원 한분 구해요	bowbow11
43626	2026-09-20	0	5	100	총 투력 2G 길드 구합니다	SakuraMoto
43624	2026-09-20	0	0	30	Lv.12 In100 근접 길드에서 길드원을 모집합니다.	부산
43623	2026-09-20	0	0	8	연수빌과아이들 길드 자유가입 환영	아이구야
43617	2026-09-20	0	0	31	Lv. 12, 연구 11-1 진행 중인 꼬마별 길드에서 어엿한 별로 성장하실 분을 모집합니다.	백산
43613	2026-09-20	0	0	14	✨Lv.11 &lt;로얄클럽&gt; 길원 구함✨	로얄클럽
43612	2026-09-20	0	0	26	딸기쇼트케이크 129섭 1위길드 13렙길드 길드원구함	딸기쇼트케이크길드장
43609	2026-09-20	0	0	12	LV9 [지금은쿠키타임] 길드원 상시모집중!	거인왕
43608	2026-09-20	0	0	9	Lv9 Ametrine 길드에서 길드원 모집합니다	디하엘
43607	2026-09-20	0	0	26	12렙 초월길드에서 길원모집합니다(총투2G이상)	피기사
43606	2026-09-20	0	0	32	13렙 koreanclub에서 한 분 모집합니다!(마감)	212233
43603	2026-09-20	0	0	72	길드에 들어오실 아무나 세 분 구합니다.	밀크푸딩
43600	2026-09-20	0	0	10	lv8 부유한길드에서 길드원 모집합니다	Alos
43598	2026-09-20	0	0	61	Lv11 C3IS 길드원 모집합니다 (28/30) - 현 토벌전 300등대 , 길드 전투력 56G	C3IS
43595	2026-09-20	0	0	30	Lv.11 [ 토벌전1등 땅땅 길드 2명 모집해용 (28/30) ]	약속11
43593	2026-09-20	0	0	107	13렙 탄산수맛쿠키 다음시즌 대기인원 구합니다 마감	lIlIlIllII
43591	2026-09-20	0	0	26	12렙 '수레기봉투'에서 날먹보상 받으실 길드원 모집합니다~	라쿤
43588	2026-09-20	0	2	62	총 투력 2G 길드구합니다	SakuraMoto
43583	2026-09-20	0	0	16	11렙백금길드에서길드원모집합니다 뉴비도환영	다루입니다
43582	2026-09-20	0	2	30	길드원 구함) 길드레벨 12 개똥벌레 길드에서 길드원 구합니다!	너나 우
43581	2026-09-20	0	2	40	Lv12 조각 길드에서 길드원 모집합니다	S298햄버거
43578	2026-09-20	0	0	63	토벌75) 소금노움 길드원 모집 ( 28/30 ) ㅡ 모집완료	리센느54
43573	2026-09-20	0	0	16	LV10 라이트와 헤비 그 사이 "다이소" 길드원 구합니다 🍬	귀여운무앵
43566	2026-09-20	0	0	10	Lv.11 🩷욕심🩷 길드원 모집합니다	네네
43565	2026-09-20	0	0	35	레벨 11  따스하리 길드에서 함께 즐겜하실 길드원 모집합니다!!	스테비아노바쿠키
43544	2026-09-20	0	0	2	LV8.자유로운 길드 '할머니의쿠키상자'	빛랑
43533	2026-09-20	0	0	46	13렙 1TOP 한분모샤요 총투4g이상	쿠키런좋앙
43531	2026-09-20	0	0	31	12레벨 뚠따리 길드에서 길드원 모집중입니다 !	종려
43529	2026-09-20	0	0	39	길드원 모집해요	그망
43526	2026-09-20	0	0	33	Lv12 조각 길드에서 길드원 모집해요(28/30)	S298햄버거
43523	2026-09-20	1	8	136	13렙 퍼스트 길드에서 길드원 모집합니다!	새우튀이이김
43520	2026-09-20	0	1	59	lv13 궁전제과에서 함께하실분을 모집합니다	튀김소보로
43519	2026-09-20	0	0	84	[Lv.13 / 토벌전 85위] 이무 길드에서 함께 성장하실 길드원 구합니다.	TheCross
43517	2026-09-20	1	0	80	급구 14렙 길드 Dscrumble 길드원 1명 모집 (모집 완)	전갈1
43510	2026-09-20	0	0	85	14렙 길드 텐프로 길원모집 (마감)	ㅋㅋㅎㅎㅋ
43508	2026-09-20	0	0	73	Lv.13 &lt;쿠키앤크림&gt; 길드에서 길드원 모집합니다	쿠키키키키키킼
43506	2026-09-20	0	6	73	Lv.11 [ 토벌전1등 땅땅 길드 3명 모집해용 (27/30) ]	약속11
43503	2026-09-20	0	0	37	12렙 연구10-3 오븐브레이커 길드원 모집합니다.	용22222
43502	2026-09-20	0	0	24	LV10 라이트와 헤비 그 사이 "다이소" 길드원 구합니다 🍬	귀여운무앵
43495	2026-09-19	0	1	56	[길드원 1명 구인] 13레벨, 투명한운영, 친목X "바위를부수는계란"	승승
43485	2026-09-19	0	0	42	Lv. 12, 연구 11-1 진행 중인 꼬마별 길드에서 어엿한 별로 성장하실 분을 모집합니다.	백산
43483	2026-09-19	0	0	73	14렙 길드 텐프로 길원 모집	ㅋㅋㅎㅎㅋ
43478	2026-09-19	0	0	46	총투력 500m 이상 구하는 길드 잇나요..	구너민
43477	2026-09-19	0	0	38	12랩 길드 토벌전 IN 100 목표 2.5G 이상 	부산
43476	2026-09-19	0	2	35	{마감} 11레벨 🌹스위트왕국🌹에서 길드원 모집해요! (30/30)	멜론빵
43475	2026-09-19	0	0	43	&lt;성인 라이트 길드&gt; 11랩 ❝ 윈드 ❞ 길드원 구해요 (26/30)	메리
43466	2026-09-19	0	0	27	🌱 0부터 함께 시작해요!
:: 아네모네	로단테
43457	2026-09-19	0	0	65	Eira 길드에서 길드원 구합니다 !	제나1
43456	2026-09-19	0	0	11	Lv.8 '혹시' 길드에서 길드원 모집합니다	민트초코쿠키
43454	2026-09-19	0	0	25	애루 길드원 모집합니다	분홍색알파카
43452	2026-09-19	0	2	53	13렙 퍼스트 길드원 모집합니다!	새우튀이이김
43451	2026-09-19	0	0	21	11렙백금길드에서길드원모집합니다 뉴비도환영	다루입니다
43449	2026-09-19	0	0	17	동글뱅이 길드 자유가입	국키
43442	2026-09-19	0	0	16	🥨LV10 "다이소" 길드에서 길드원 모집중🥨	귀여운무앵
43441	2026-09-19	0	0	32	[길드원 1명 구인] 투명한 운영, 친목 X "바위를부수는계란"	승승
43439	2026-09-19	0	3	86	2명 길드 구합니다. (토벌 In 100)	유추추
43438	2026-09-19	0	0	12	🍪 Lv.9 '타마마' 길드원 모집	타마타마
43436	2026-09-19	0	0	53	[오전] LV 12 길드 "오전" 에서 함께하실 길드원님을 모집합니다! (2자리)	아침
43433	2026-09-19	0	4	32	{마감} 11레벨 🌹스위트왕국🌹에서 길드원 모집해요! (30/30)	멜론빵
43429	2026-09-19	0	0	60	Lv13 운명 길드원 모집합니다	전 설
43425	2026-09-19	1	6	143	후발섭 축8 길드 구합니다	dmstjr5528
43424	2026-09-19	0	1	36	11렙길드 [유성] 길드에서 빠르게 2분 모집합니다!!	김고은닮은꼴
43422	2026-09-19	0	0	27	라스트찬스 길드원 모집합니다	다라큐
43421	2026-09-19	0	0	31	11랩 땅땅길드 2명 모집합니다 오픈톡x	약속11
43417	2026-09-19	1	0	42	12레벨 역전 길드 길드원 모집중‼️[완료]	역전
43412	2026-09-19	1	1	67	13렙 퍼스트 길드에서 길드원 모집합니다!!	새우튀이이김
43411	2026-09-19	0	2	37	12렙 길드 진동에서 마지막 한분을 모십니다 	진동구리
43407	2026-09-19	0	0	8	LV.6 뚜시뚜시 길드에서 길드원 모십니다.	김뚜시
43406	2026-09-19	1	0	35	급성장중 Sing 상위권 지향 길드원모집 합니다.	넥스터
43405	2026-09-19	1	3	92	레벨13길드 “랭커쿠키단”길드원 모집합니다~!	호떡런
43393	2026-09-19	0	0	25	🥨LV10 "다이소" 길드에서 오래하실 길드원 모집중🥨	귀여운무앵
43390	2026-09-19	0	0	31	길드원 모집)11레벨 햇빛길드에서 함께하실 6분을 모십니다!	ll겨울바다ll
43389	2026-09-19	0	0	30	11렙 '안경만두' 길드와 함께 하실 1분 모셔요 ´ω｀(마감)	살쿠
43386	2026-09-19	0	0	19	LV7 일본 길드에서 함께하실 분들 모집합니다	새카
43382	2026-09-19	0	0	134	14레벨 부스러기단 길드원구해용	설아0
43380	2026-09-19	0	0	43	라이트 유저 위주의 길드 길드원 모집합니다	꽃잎책
43379	2026-09-19	0	2	102	Lv13 &lt;쿠키앤크림&gt; 길드에서 길드원 모집합니다(곧14됩니다)	쿠키키키키키킼
43375	2026-09-19	0	0	24	레벨 11 명예 길드에서 1분 모십니다.	지옥절단스윙
43373	2026-09-19	1	1	54	11렙길드 [유성] 길드에서 빠르게 2분 모집합니다!!	김고은닮은꼴
43368	2026-09-19	0	0	34	[Lv12 켄지]  길드원 모집합니다~	포치2
43365	2026-09-19	0	0	41	📢 12레벨 역전 길드에서 길드원 모집중!	역전
43363	2026-09-19	0	0	16	10렙 길드 GDXWEB 2명 길드원 모집합니다. /총투력 28G/토벌전 700대	비유명
43362	2026-09-19	0	8	143	길드 구합니다 (2명)	빌라도
43360	2026-09-19	1	1	99	Lv.13 [악동] 길드에서 한분 모십니다~! (마감)	스라스라
43353	2026-09-19	0	0	26	🐶 Lv.10 "듀가나디"에서 길드원 모집합니다!! (ᐡ-ܫ•ᐡ)🐶	lottt
43351	2026-09-19	0	0	69	🛡️ 13Lv 카페인한스푼 연구소12-2 ! 길드원 마지막 1분 모집합니다! (총투1G이상)	뭔디
43350	2026-09-19	0	0	14	길드원 모집합니다 ”금요일퇴근길“	월요일출근길
43341	2026-09-19	0	0	62	마감입니다!	뭉게구름먼지
43333	2026-09-19	0	0	27	[Lv12 켄지]  길드원 모집합니다~	포치2
43331	2026-09-19	0	0	51	12렙길드 &lt;쿠키조아&gt; 길드원 구합니다!	마카홍
43330	2026-09-19	0	0	61	13렙 1TOP 한분모셔용 총투4g이상	쿠키런좋앙
43324	2026-09-19	1	0	82	시즌2,3,4 1위 Sing 상위권지향 길드원모집 합니다.	넥스터
43320	2026-09-19	0	11	292	저녁 8시에 가입 할 길드 찾습니다.	등린이공부중이애요
43319	2026-09-19	0	0	32	12렙 초월길드에서 길원 모집합니다(총투2G이상)	피기사
43316	2026-09-19	0	0	30	12렙 58g길드 총투력 1.5g 이상 길드원 구합니다.	미루님
43312	2026-09-19	1	0	23	[Lv.11 과즙육즙]에서 함께하실 분 2분 모십니다. (토벌 점수 20G이상 가능하신분)	김호찌
43305	2026-09-19	0	0	36	13렙 1TOP 한분모셔용 총투4g이상	쿠키런좋앙
43304	2026-09-19	0	0	50	🛡️ 13Lv 카페인한스푼 연구소12-2 ! 길드원 3분 모집합니다! (총투1G이상)	뭔디
43302	2026-09-19	0	0	57	[LV.12 생각 길드] 함께할 길드원을 모집합니다! 🍪✨	꼴라
43299	2026-09-19	0	0	21	[헌터헌터] 에서 길드원 모집합니다 초보자 환영	크라피카
43298	2026-09-19	0	0	72	[카리나 길드원 모집] 총투력 3.5G↑ · 길드 Lv.14 · 함께 오래 즐기실 분 구합니다! (1명)	카리나길드
43296	2026-09-19	0	2	52	12렙! 조건없음! ☕투썸플레이스☕ 현재 길드원 모집중! (29/30)	꼬북이단
43293	2026-09-19	0	0	45	토벌전 전시즌1위 lv12 "쿠키 베이커리" 길드원 모집합니다	홋떡맛쿠키
43291	2026-09-19	0	0	41	[코딱지] 길드레벨 13 길원구해요🍎	쿠키냠
43288	2026-09-19	0	0	16	🌱 0부터 함께 시작해요!
:: 아네모네	로단테
43285	2026-09-19	0	0	97	Lv.14 29th 사과별 길드원 모집	푸르내
43283	2026-09-19	0	6	198	2명 길드 구해보아요..	입문바린33
43275	2026-09-19	0	0	40	Eira 에서 길드원구합니다 !	제나1
43272	2026-09-19	0	0	16	동글뱅이 길드 자유가입	국키
43268	2026-09-19	1	1	7	[지박령 길드] Lv. 10 오래 함께 할 길드원 모집	흥옌남
43264	2026-09-19	0	1	77	lv13 궁전제과 에서 함께하실분을 모집합니다(29/30) 오랜만에 구인합니다	튀김소보로
43261	2026-09-19	0	0	43	Lv.11 길드 &lt;도넛&gt; 부담없이 게임하실 길드원 4분 모집합니다~!!🍩	말랑젤리개구리
43260	2026-09-19	0	0	24	🌊 Lv. 11 퐁당 길드원 3명 모집 🌊	퐁당
43259	2026-09-19	0	1	65	[카리나 길드원 모집] 총투력 3.5G↑ · 길드 Lv.14 · 함께 오래 즐기실 분 구합니다! (1명)	카리나길드
43257	2026-09-19	0	0	66	Lv.14 GM(29th) 사과별 길드원 모집	푸르내
43251	2026-09-19	0	0	9	레벨 6 길드 ’그뤼너‘ 모집합니다!	그뤼너
43247	2026-09-19	0	1	27	(마감)12레벨 •콩콩• 길드원 구함 !	슈미
43246	2026-09-19	0	0	50	🛡️ 13Lv 카페인한스푼 연구소12-2 ! 길드원 3분 모집합니다! (총투1G이상)	뭔디
43240	2026-09-19	0	0	16	Lv.10 🎸[락엔롤] 레스고할 길드원 모집 ⭐️ (28/29)	쿠키런 조아요
43233	2026-09-19	0	0	20	레벨 11 ■ 명예 ■ 길드에서 함께하실 가족 모십니다.	지옥절단스윙
43230	2026-09-19	0	0	20	Lv.10 [크림소스파스타] 길드원 모집합니다 27/29	금잔디명예소방관
43227	2026-09-19	0	0	32	13렙 1TOP에서 함께 오래하실분 총투4g이상	쿠키런좋앙
43226	2026-09-19	0	9	172	길드 구합니다.	등린이공부중이애요
43224	2026-09-19	0	0	28	12레벨 총투57g 1.5g이상 길드원 구합니다.	미루님
43218	2026-09-19	0	0	12	🥨LV10 "다이소" 길드에서 길드원 모집중🥨	귀여운무앵
43216	2026-09-19	0	0	53	🛡️ 13Lv 카페인한스푼 연구소12-2 ! 길드원 2분 모집합니다! (총투1G이상)	뭔디
43215	2026-09-19	0	0	44	[Web 발신] 자니?...생각해보니 너랑 같이 토벌전 할 때가 가장 재밌더라..우리 만나 --&gt; &lt;시나몬피던시절&gt; 모집 완	신오
43212	2026-09-19	0	8	121	길드 구합니다.	어늘어늘이
43210	2026-09-19	0	0	13	Lv.11 RULE 길드에서 길원 모십니다.	Icefarm
43206	2026-09-19	0	0	4	8렙 길드 연수빌과아이들	아이구야
43204	2026-09-19	0	0	34	레벨 11 명예 길드 2분 모십니다.	지옥절단스윙
43203	2026-09-19	0	0	7	🍪 Lv.9 '타마마' 길드원 모집	타마타마
43198	2026-09-19	0	0	51	Lv12 조각에서 길드원 한분 모집해요(29/30)	S298햄버거
43193	2026-09-19	0	0	17	Lv.9 ♥ 하트 ♥ 길드원 모십니다 (자유가입중 / 10분)	푸 딩
43187	2026-09-19	0	0	30	11랩 &lt;단검&gt;길드에서 길드원 모집합니다.	생강맛쿠키
43186	2026-09-19	0	0	11	9렙 놀이터 길드에서 길드원 모집합니다 
저희 놀이터에서 즐기며 올라가요	불타는십원
43184	2026-09-19	0	0	35	🌊 Lv. 11 퐁당 길드원 3명 모집 🌊	퐁당
43179	2026-09-19	0	0	29	13렙 1TOP에서 한분모셔용 총튜4g이상	쿠키런좋앙
43173	2026-09-19	0	0	6	LV.9 길드 '쿠키박스' 길드원 모집 합니다(24/28)	AhisCream
43172	2026-09-19	0	0	29	찰떡콩떡 길드원 구인	봄빠
43167	2026-09-18	0	0	22	‘시골섭’ 길드원 구인합니다	히히서커스
43156	2026-09-18	0	0	2	Lv.8 '혹시' 길드에서 길드원 모집합니다	민트초코쿠키
43143	2026-09-18	1	0	88	급성장중 Sing 상위권 지향 길드원모집 합니다.	넥스터
43140	2026-09-18	0	0	32	13렙 koreanclub에서 길드원 모집합니다!(마감)	212233
43139	2026-09-18	0	0	48	13렙 1TOP 에서 오래하실분 한분 모셔요 총투3.5이상	쿠키런좋앙
43135	2026-09-18	0	0	9	Lv.8 '혹시' 길드에서 길드원 모집합니다	민트초코쿠키
43134	2026-09-18	0	0	26	LV7 일본 길드 구인합니다	새카
43133	2026-09-18	0	1	125	Lv. 13, 연구 12-3 진행중, 토벌 32등 OVEN 길드에서 함께하실 한 분 모집합니다	백산
43120	2026-09-18	0	0	82	Lv.14 사과별 길드원 모집(29th)	푸르내
43118	2026-09-18	0	0	26	길드원 모집합니다!	오이쉬예
43115	2026-09-18	0	0	17	RULE 길드에서 3분 모십니다. 400M이상	Icefarm
43113	2026-09-18	0	0	31	[LV12 켄지] 길드원  모집합니다~	포치2
43112	2026-09-18	0	0	36	길드원 한분 모집합니다	고인감자
43110	2026-09-18	0	0	82	&lt;마감&gt; Lv. 14 토벌전 15위 ROYAL길드 1명 모집	ROYAL
43104	2026-09-18	0	0	40	𝐃𝐫𝐚𝐠𝐨𝐧｜길드원 모집	dragon길마
43102	2026-09-18	0	0	17	길드원 모집합니다	Hdeuk
43099	2026-09-18	0	0	30	12렙 언빌리버블 길드에서 진짜 오래가고 끝까지 가는 영미길마가 있는 길드!! 2명모집중	영미
43097	2026-09-18	0	0	42	Eira 길드에서 인원구합니다 !	제나1
43095	2026-09-18	0	0	41	🌸연꽃🌸길드에서 길드원 모집합니다~:)	딴냥비
43094	2026-09-18	0	0	51	Lv13 &lt;쿠키앤크림&gt; 길드에서 길드원 모집합니다.	쿠키키키키키킼
43093	2026-09-18	0	0	59	곧14렙 1TOP 한분모셔용 총투4g이상	쿠키런좋앙
43091	2026-09-18	0	0	32	129섭 1위 13렙 딸기쇼트케이크 길드 길드원 1명모집	딸기쇼트케이크길드장
43090	2026-09-18	0	4	118	길드 구해요	pis
43086	2026-09-18	0	0	19	레벨 11 명예 함께 성장하실 1분 모십니다.	지옥절단스윙
43084	2026-09-18	2	0	32	LV.10 원츄 길드원 모집합니당~~ 오픈톡 필수!	츄츄2
43081	2026-09-18	0	0	31	12렙 언빌리버블 길드원 모집중 29/30 1자리 남음 빨리신청해야되 섭종까지 가는 길드야	영미
43079	2026-09-18	0	0	30	Lv.11 "블라썸" 길드원 3명 모집!	블라썸 레인
43077	2026-09-18	0	11	85	1일차 뉴비 길드가입 하고싶어요~	바삭꾹이
43076	2026-09-18	0	0	61	🐶🤎
LV12 [ 말티푸 ] 토벌81위 -3G⬆️ 길드원 1명 모집 🐶	박떫음
43075	2026-09-18	0	0	17	Lv.10 🎸[락엔롤] 레스고할 길드원 모집 ⭐️ (28/29)	쿠키런 조아요
43074	2026-09-18	0	1	33	12렙 언빌리버블 길드원 모집중. 눈팅 하지말고 신청부터 자리없으면 너만 손해	영미
43072	2026-09-18	0	4	53	오늘 시작한 뉴비 길드구해요	따악바암
43070	2026-09-18	0	4	240	관리 잘되는 길드 들어가요	톨토이스
43069	2026-09-18	0	0	23	길드 에반게리온	행복회로
43066	2026-09-18	0	0	16	12렙 언빌리버블 길드에서 너만 오면 우리길드 최강길드 바로 신청해	영미
43065	2026-09-18	0	0	42	12레벨 뚠따리 길드에서 길드원 모집합니다 ! (28/30)	종려
43064	2026-09-18	0	0	26	12렙 언빌리버블 길드에서 염전노예급 미친듯이 일하실분 구합니다. (27/30)	영미
43063	2026-09-18	0	0	28	Sing 상위권지향 길드원모집 합니다.	넥스터
43059	2026-09-18	0	0	26	길드원 모집합니다	연am
43054	2026-09-18	0	0	34	12렙 초월길드에서 길원 한분 모집합니다~(오픈톡O)	피기사
43052	2026-09-18	0	0	43	13렙 1TOP 한분모셔용 총투4g이상	쿠키런좋앙
43050	2026-09-18	0	0	23	[Lv12 켄지] 길드원  모집합니다~	포치2
43047	2026-09-18	1	0	56	길드레벨13 길드원 모집해유!!!	zipoo88
43046	2026-09-18	0	1	32	'''몽키는원숭이''' 12LV 길드에서 총투 1G 이상의 동료들을 모집합니다! 딱 한자리..!!! 다들 토벌전에 진심..	누쿠누구
43040	2026-09-18	0	0	16	🍪 Lv.9 '타마마' 길드원 모집	타마타마
43037	2026-09-18	0	1	26	Lv. 11 &lt;코인&gt; 길드	지팝
43035	2026-09-18	3	2	27	🍏Lv.9 [쿠키아일랜드] 길드원 모집합니다! (무과금, 소과금 유저 대환영)	소무민
43032	2026-09-18	0	0	33	13렙 “1TOP” 한분 모셔요 총투4g이상	쿠키런좋앙
43031	2026-09-18	0	3	68	13렙 너구리소굴 길드원모집!!!!	너굴대장
43018	2026-09-18	0	0	25	레벨 11 명예 길드 함께하실 가족 1분 모십니다.	지옥절단스윙
43003	2026-09-18	0	0	38	12렙 초월길드에서 길원 모집합니다~(오픈톡O)	피기사
42996	2026-09-18	0	0	62	4명 모집 중	프랭그
42994	2026-09-18	0	0	28	라면 길드에서 길드원 모집합니다	Blueming
42990	2026-09-18	0	0	37	[Lv12 켄지] 길드원 모집합니다~	포치2
42987	2026-09-18	0	2	34	LV 12 데브는우상향 길드에서 길원 모집합니다.	느느85
42986	2026-09-18	8	4	221	[구인] ✨️황금✨️렙 14, 연구 13-1 길드원 2분 모십니다.	춘삼이집사
42983	2026-09-18	0	3	45	129섭 레벨 13 딸기쇼트케이크 길드원 2명모집	딸기쇼트케이크길드장
42982	2026-09-18	0	0	29	(수정)[자유가입-1명구]🌟TeSTAR 길드🌟(11렙길드, 조건은 단 하나!)	저세카이
42978	2026-09-18	0	0	23	🌱 0부터 함께 시작해요! ::

아네모네	로단테
42976	2026-09-18	1	0	9	Lv.7  「 응나도123 」  무과금/소과금 길드원 모집합니다! (8/24)	백쪼미야
42974	2026-09-18	0	0	40	11렙 무한리필	홍시아
42973	2026-09-18	1	2	22	LV.10 [침대로] 길드에서 자유 가입 4명 모집합니다!	수노
42971	2026-09-18	1	0	76	총투 113G 길드에서 길드원 모집합니다! [29/30]	길드장
42968	2026-09-18	0	0	30	[LV.12 생각 길드] 함께 성장할 길드원을 모집합니다! 🍪✨	꼴라
42966	2026-09-18	0	0	23	🐶 Lv.10 "듀가나디"에서 꾸준히 하실 길드원 모집합니다!! (ᐡ-ܫ•ᐡ)🐶	lottt
42965	2026-09-18	0	0	15	LV 12 데브는우상향 길드에서 길원 모집합니다.	느느85
42964	2026-09-18	0	0	20	400번대서버 11렙 연구9-3 쭉쭉질러  길드원모집합니다	쭉쭉이형이야
42963	2026-09-18	0	0	14	🥨LV10 "다이소" 길드에서 길드원 모집중🥨	귀여운무앵
42962	2026-09-18	0	0	11	Lv8 "대구특별시“ 에서 즐기실 분들을 모십니다 / 자리 많아요!! / 조건 X 자유가입!	대구특별시
42961	2026-09-18	2	0	70	[구인] ✨️황금✨️렙 14, 연구 13-1 길드원 2분 모십니다.	춘삼이집사
42955	2026-09-18	1	1	57	🍪Lv.10 · 토벌 4주 연속 1위 ‘쿠키부려먹기’ 모집 중, 길드 가입시 방장을 꼬봉으로 쓰는 특권까지!!! (28/29)🍪	의경
42951	2026-09-18	0	0	26	🍪 쿠키빠사삭 길드원 모집 (자유가입)	돌맞고돌았음
42950	2026-09-18	0	0	15	LV 12 데브는우상향 길드에서 길원 모집합니다.	느느85
42949	2026-09-18	0	0	4	[크럼블야호] 길드원 모집 / 8LV / 편하게 오래 즐기실분들 환영합니다	Burnt Bread
42948	2026-09-18	0	0	25	[레벨11] C3IS 길드원 모집합니다! (28/30) / 총투력 48G , 현토벌 300등대	C3IS
42945	2026-09-18	0	1	10	10렙 길드 GDXWEB 길드원 모집중 / 4자리 남았습니다/총투 23G/토벌전 700등대	비유명
42942	2026-09-18	0	0	20	레벨 11 명예 가족 2분 모십니다.	지옥절단스윙
42940	2026-09-18	0	2	35	✨️[더불어민주당 Lv.11/토벌1등 마감] 3명 모집합니다! 투력컷 400m✨️	Kmj0728
42938	2026-09-18	0	0	24	12렙 언빌리버블 길드에서 오래가는 길드 구하시는 열정넘치는 길드원 구함 1명	영미
42937	2026-09-18	1	0	8	Lv.7  「 응나도123 」  무과금/소과금 길드원 모집합니다! (8/24)	백쪼미야
42935	2026-09-18	0	5	58	Lv.11 [잠꼬대] 길드에서 오랫동안 함께하실 길드원 모집합니다. (28/30)	타판
42933	2026-09-18	0	0	62	🛡️ 13Lv 카페인한스푼 연구소12-2 ! 길드원 1분 모집합니다! [마감]	뭔디
42932	2026-09-18	0	12	167	안녕하세요 2명 길드 구합니다 	째애옹
42929	2026-09-18	0	4	49	Lv.11 길드 &lt;도넛&gt; 길드원 모집합니다🍩	말랑젤리개구리
42928	2026-09-18	0	0	36	Lv 12 길드 "쨘쨘미와이익이" 길드원 모집합니다~	찬aw
42927	2026-09-18	2	9	129	(완)Lv13 [바삭]  길드에서 라이트하게 즐기실 두 분 모십니다!	바삭
42925	2026-09-18	0	0	45	11렙 무한리필	홍시아
42922	2026-09-18	0	0	12	🍪 Lv.9 '타마마' 길드원 모집	타마타마
42917	2026-09-18	0	0	110	14렙길드 텐프로 길원모집 (마감)	ㅋㅋㅎㅎㅋ
42913	2026-09-18	2	0	71	[구인] ✨️황금✨️렙 14, 연구 13-1 길드원 1분 모십니다.	춘삼이집사
42911	2026-09-18	0	0	16	LV.6 [시골집] 신규 길드에서 재밌게 게임 같이 하실 길드원 모집합니다	해구리
42910	2026-09-18	1	0	77	12렙 [회사] 길드 신입사원 모집 중 🎶	옥순
42904	2026-09-18	1	0	66	[쿠키런] 최강의 길에서 함께 정상을 노릴 길드원을 모집합니다!	감자감자가가
42899	2026-09-18	0	6	67	12레벨 뚠따리 길드에서 길드원 모집합니다 ! (28/30)	종려
42896	2026-09-18	0	0	37	Lv 12 길드 "쨘쨘미와이익이" 길드원 모집합니다~	찬aw
42895	2026-09-18	0	1	120	길드렙13) 사조직 길드원모집	송정동패밀리
42894	2026-09-18	0	0	20	11랩 &lt;단검&gt;길드에서 길드원 모집합니다.	생강맛쿠키
42893	2026-09-18	0	0	14	10렙 길드 GDXWEB 길드원 모집중 / 5자리 남았습니다/총투 23G/토벌전 700등대	비유명
42886	2026-09-18	0	0	23	Lv.11 오소리의세계길드 함께 즐기실분들 모집	봄날의햇살v
42885	2026-09-18	0	0	9	Lv.10 🎸[락엔롤] 레스고할 길드원 모집 ⭐️ (28/29)	쿠키런 조아요
42884	2026-09-18	0	0	14	Lv.10 원츄 길드원모집합니다 오픈톡필수!	츄츄2
42879	2026-09-18	0	0	18	&lt; モモンガ &gt; 길드원 구합니다~! 친목x 옵챗x 연구자유o 투력자유o 	진청도
42878	2026-09-18	2	0	103	[구인] ✨️황금✨️렙 14, 연구 13-1 길드원 1분 모십니다.	춘삼이집사
42874	2026-09-18	0	0	57	🛡️ 13Lv  카페인한스푼 연구소12-2 ! 길드원 2분 모집합니다!	뭔디
42873	2026-09-18	0	1	32	✨️[더불어민주당 Lv.11/토벌1등 마감] 3명 모집합니다! 투력컷 400m✨️	Kmj0728
42869	2026-09-18	0	0	106	[IN30 / Lv14] '판도라' 길드에서 길드원을 모집합니다! (마감)	씨엠
42868	2026-09-18	0	0	74	13렙 “1TOP” 함께하실 한분 모셔요 총투4g이상	쿠키런좋앙
42865	2026-09-18	0	0	8	LV8.자유로운 길드 '할머니의쿠키상자'	빛랑
42862	2026-09-18	0	1	78	길드렙13)사조직 길원모집	송정동패밀리
42861	2026-09-18	0	0	19	🍪✨ 길드 Lv.11 〈쿠귀살〉 길드원 모집 ✨🍪	젠이츠
42860	2026-09-18	0	2	73	12레벨 HERMES 길드원 1명 모집합니다.	HERMES캡틴
42857	2026-09-18	0	0	29	LV 12 데브는우상향 길드에서 길원 모집합니다. 29/30	느느85
42855	2026-09-18	0	0	75	12렙 길드 달빛🌛 길드원 모집중 [29/30]	눈누난나카므
42854	2026-09-18	0	0	27	12렙 오븐브레이커 길드원모집합니다	용22222
42850	2026-09-18	0	0	217	[14렙, 토벌 6등] "킹덤" 2분 구인합니다.	큰고양이
42849	2026-09-18	0	0	43	13렙 연구 11-2 [단두대] 1명모집	양념치긴
42845	2026-09-18	0	4	54	[LV.12 생각 길드] 함께 성장할 길드원을 모집합니다! 🍪✨	꼴라
42844	2026-09-18	0	0	36	레벨12 컴포즈커피 길드원모십니다	바비노
42842	2026-09-18	1	1	47	🍪 [쿠귀살] 길드 합병 모집합니다! 🍪	젠이츠
42840	2026-09-18	0	0	12	🍪 Lv.9 '타마마' 길드원 모집	타마타마
42839	2026-09-18	0	1	37	LV.12 길드 " 생각 " 길드원 모집합니다!!	꼴라
42822	2026-09-17	0	0	30	12렙 오븐브레이커 길드 길드원 모집합니다	용22222
42820	2026-09-17	0	0	83	총투 106G 길드에서 길드원 모집합니다!	길드장
42803	2026-09-17	1	0	157	👑 14렙 길드 "품격" 현재 5위 ! 한 분 모집 조건 필독 👑 **마감**	나의군주
42799	2026-09-17	0	0	58	11렙 길드 버터쿠키바구니 1명 구인 ☆토벌전만 제대로 치면 나머지는 프리☆	마늘버터맛쿠키
42795	2026-09-17	0	0	52	✨️[ 닉미정 Lv.13 / 닉미정부길드 Lv.11 ]길드 모집 합니당~~~✨️	도검블
42793	2026-09-17	0	0	30	✨️[더불어민주당 Lv.11/토벌1등 마감] 3명 모집합니다! 투력컷 400m✨️	Kmj0728
42792	2026-09-17	0	0	52	총투 106G 길드에서 길드원 모집합니다!	길드장
42788	2026-09-17	0	0	33	13렙 koreanclub에서 길드원 1분 모집합니다!(마감)	212233
42780	2026-09-17	0	0	43	Sing 상위권지향 길드원모집 합니다.	넥스터
42779	2026-09-17	0	0	42	렙13 “1TOP"함께하실 한분 모셔요 총투4g이상	쿠키런좋앙
42774	2026-09-17	1	0	33	🌱 0부터 함께 시작해요!
:: 아네모네	로단테
42770	2026-09-17	0	0	41	[길드 모집] 월하－月下 | 달 아래 함께 달릴 인연을 찾습니다 🌙✨	이세나
42769	2026-09-17	0	0	91	👑 14렙 길드 "품격" 현재 4위 ! 한 분 모집 조건 필독 👑 **마감**	나의군주
42768	2026-09-17	0	0	41	12렙길드에서 사람구해봅니다	창문
42766	2026-09-17	0	0	16	길렙 11 포켓몬스터 길드 길원 구합니다~	RGB
42762	2026-09-17	0	0	37	'''몽키는원숭이''' 12LV 길드에서 총투 1G 이상의 동료들을 모집합니다! 딱 한자리..!!!	누쿠누구
42758	2026-09-17	0	0	22	레벨 10 &lt;늙크크들&gt; 길드에서 길드원 모집합니다	어디든휘발유
42757	2026-09-17	0	1	41	ㅡ	ImYourMom
42753	2026-09-17	0	0	57	&lt;마감&gt; Lv.13 ☆츄르도적단☆에서 길드원을 모집하고 있습니다!	햄쓰
42751	2026-09-17	0	1	80	Lv.13 (연구 Lv.12) 오늘도 길드에서 꾸준하게 성장하실 좋은 분을 모십니다.	오늘도
42750	2026-09-17	0	0	63	👑 14렙 길드 "품격" 현재 4위 ! 한 분 모집 조건 필독 👑	나의군주
42749	2026-09-17	0	0	100	14렙 길드 텐프로 길원모집 (마감)	ㅋㅋㅎㅎㅋ
42745	2026-09-17	0	0	12	Lv.9 🤍하트 🤍 길드 신규 멤버 모집중	푸 딩
42743	2026-09-17	0	0	28	라이트 유저분들 "노움사무소" 로 오세요~	도토리비빔밥
42740	2026-09-17	0	0	13	[길드 모집] Lv.7 월하－月下 | 달 아래 함께 달릴 인연을 찾습니다 🌙✨	이세나
42738	2026-09-17	0	0	6	동글뱅이 자유가입 길드원 모집	국키
42736	2026-09-17	1	0	49	총투 106G 길드에서 길드원 모집합니다!	길드장
42735	2026-09-17	0	0	61	[마감]13렙 길드 하츄단에서 함께 하실 분 구해요!! 30/30	쩰
42728	2026-09-17	0	0	8	9레벨(곧 10레벨) 시라소니 길드원 구합니다 전투력제한X	Army
42725	2026-09-17	0	1	50	12렙 '수레기봉투'에서 날먹보상 받으실 길드원 모집합니다~	legi
42722	2026-09-17	3	0	112	lv13탄단뭉 성인 길드에서 길드원 한 분을 모십니다!	꿀단지
42721	2026-09-17	0	0	9	퐁실팡실(10레벨) 길드원 모집합니다!	보라버섯
42719	2026-09-17	0	0	30	Sing 상위권 지향 길드원모집 합니다.	넥스터
42717	2026-09-17	0	0	132	👑 14렙 길드 "품격" 현재 5위 ! 한 분 모집 조건 필독 👑	나의군주
42711	2026-09-17	0	0	32	조건 없이 같이 성장하는 길드 상디 오실 분 구해봐요!!	밥풀띠니
42710	2026-09-17	0	0	88	Eira 길드에서 인원구합니다 !	제나1
42709	2026-09-17	0	0	35	12렙 길드투력41g 총투1.3g 이상 길드원 구합니다.	미루님
42706	2026-09-17	0	0	48	Lv.5 그냥 무과금 즐겜 길드 들어오실분	하늬냥이
42704	2026-09-17	1	0	115	총투 106G 길드에서 길드원 모집합니다!	길드장
42697	2026-09-17	0	5	154	총투3G 토벌 80G 길드 가입희망합니다.	에스님
42696	2026-09-17	0	0	20	LV.10 원츄 길드원 모집합니다 오픈톡필수~☆	츄츄2
42695	2026-09-17	0	0	11	9렙길드 '호코리' 조건 없이 구합니다!	호코리
42694	2026-09-17	0	0	51	마감	하이브로
42692	2026-09-17	0	0	29	LV10 리마인에서 함께하실분~~	쪼랭
42688	2026-09-17	0	0	47	12렙 총투 41g 1.3g 이상 길드원 2분 구합니다.	미루님
42678	2026-09-17	0	0	107	13렙 “1TOP” 총투 4g이상 모셔용 	쿠키런좋앙
42676	2026-09-17	1	9	135	총투 1.4G 길드 구합니다.	육아일기
42668	2026-09-17	0	0	57	12렙 길드 길드원 모집합니다	질풍가도
42662	2026-09-17	0	4	218	토벌63G 들어갈만한 길드 있나요	에스님
42653	2026-09-17	0	0	17	Lv8 "대구특별시“ 에서 즐기실 분들을 모십니다 / 자리 많아요!! / 조건 X 자유가입!	대구특별시
42652	2026-09-17	0	0	47	[lv12 켄지] 길드원 모집합니다~	포치2
42651	2026-09-17	0	1	126	토벌 150위 in 길드 구해봅니다!!	크럼부스러기이
42649	2026-09-17	0	0	23	완려	용22222
42643	2026-09-17	1	0	122	총투 103G 길드에서 길드원 모집합니다!	길드장
42642	2026-09-17	0	0	63	Lv.9 망곰이 길드원 모집! 토벌전 통나무 무거워요 흑흑	참새는야옹
42638	2026-09-17	0	0	20	Sing 상위권 지향 길드원모집 합니다.	넥스터
42637	2026-09-17	0	0	9	8렙길드 Hypoglycemia 에서 천천히 오래 함께할 분을 모십니다! (18/26) 친목x 무소과금 환영!	됴아여
42635	2026-09-17	0	2	41	11렙 길드 땅땅길드 2명 길드원 구해용 오픈톡x (28/30)	약속11
42626	2026-09-17	0	0	52	길드12렙 불닭맛쿠키 길드원 모집합니다	고인감자
42625	2026-09-17	0	5	74	총투 1.5G 길드 구합니다!	동동아놀자
42624	2026-09-17	0	0	28	Lv.11 🩷욕심🩷 길드원 모집합니다	네네
42622	2026-09-17	0	0	121	완료	마늘버터맛쿠키
42617	2026-09-17	0	0	11	Lv.9(진) '타마마' 길드원 모집중 [목표 : 토벌 그룹1위 탈환하기]	타마타마
42616	2026-09-17	0	9	77	2명 길드 구합니다. (토벌 in100)	유추추
42614	2026-09-17	0	2	59	총투력 547m 길드 구합니다!	보루
42613	2026-09-17	0	3	45	11렙 길드 “집사모임” 길드원 2분 모셔요~ (28/30)	대박 게임을 찾아서
42612	2026-09-17	0	0	68	LV12(곧13) "멍꿀"에서 소중한 길드원을 모집합니다. 1명	델몬트S007
42610	2026-09-17	0	0	31	4대길드 재밌게 같이 하실분들 모십니다~	진도도그
42608	2026-09-17	0	0	57	13렙 “1TOP" 한분모셔요 총투4g이상 전토벌in50위	쿠키런좋앙
42591	2026-09-17	0	0	36	Sing 상위권 지향 길드원모집 합니다.	넥스터
42583	2026-09-17	1	2	26	LV.10 [침대로] 길드에서 자유 가입 4명 모집합니다!	수노
42580	2026-09-17	0	0	22	11렙 엠제트 길드에서 편안하게 스트레스 안받고 게임하실 총투력 1G이상분들 모십니다	쿠쿠파파
42579	2026-09-17	0	7	136	오늘 자정 이후 길드 가입 원합니다(총투 2,7G)	동그랑동
42576	2026-09-17	0	0	13	11레벨 길드 엠제트 에서 길드원 모집합니다 ~	쿠쿠파파
42573	2026-09-17	0	11	91	총투 1g 길드 구합니다.	노루야
42569	2026-09-17	0	3	41	✨️[더불어민주당 Lv.11/토벌1등 마감] 3명 모집합니다! 투력컷 400m✨️	Kmj0728
42563	2026-09-17	0	0	25	[더불어민주당 Lv.11/토벌1등 마감] 3명 모집합니다! 투력컷 400m	Kmj0728
42560	2026-09-17	0	0	27	10렙 자유가입 / 시골섭에서 토벌 꿀빠실분 오세요 / MINIONS	KingBOB
42557	2026-09-17	0	0	11	[더불어민주당 Lv.11/토벌1등 마감] 3명 모집합니다! 투력컷 400m	Kmj0728
42551	2026-09-17	0	0	40	(마감)12레벨 •콩콩• 길드원 구함 !	슈미
42550	2026-09-17	0	0	51	12렙 "초월"길드에서 길원모집합니다 한분(오픈톡O)	피기사
42546	2026-09-17	0	6	47	총투 1G 길드 구합니다	매화닉
42543	2026-09-17	0	0	10	Lv.7 호야 자유가입 길드 길드원 구합니다!!	호야호
42540	2026-09-17	0	0	26	[Lv.11/전토벌1등 마감] 3분 모집합니다! 투력컷 400m	Kmj0728
42537	2026-09-17	0	0	44	13렙 koreanclub에서 길드원 한 분 모집합니다!(마감)	212233
42531	2026-09-17	0	0	25	Sing 상위권 지향 길드원모집 합니다.	넥스터
42529	2026-09-17	0	0	14	LV.9 그룹내1위 주먹햄찌단 길원 모집합니다~	새콤달고옴
42525	2026-09-17	0	0	4	동글뱅이 길드 자유가입	국키
42524	2026-09-17	0	0	18	🍪 [Lv.9 멜로] 길드원 모집합니다! 자유가입♡ 🍪	쿠키제이
42516	2026-09-17	0	0	23	Lv.10 극의 길드원 구합니다!(자유가입)	채멍구
42496	2026-09-17	0	0	73	LV12(곧13) "멍꿀"에서 소중한 길드원을 모집합니다. 2명	델몬트S007
42495	2026-09-17	0	4	61	길드 구합니다!	짱구는몬말려
42493	2026-09-17	0	5	76	길드구해요•••	쮜
42481	2026-09-17	1	0	24	[허접들] 길드, 함께 성장할 용감한 5 쿠키를 모집합니다! (Lv.10)	루 룰루
42480	2026-09-17	0	9	74	총투력1.6 , 1.9  2명 길드구해요	jh1002j
42477	2026-09-17	0	0	111	[Lv.13 / 토벌전 85위] 이무 길드에서 함께 성장하실 길드원 구합니다.	TheCross
42467	2026-09-17	0	1	80	ㅡ	ImYourMom
42466	2026-09-17	0	0	25	10렙 길드 GDXWEB 길드원 모집중 / 5자리 남았습니다/총투 20G/토벌전 700등대	비유명
42465	2026-09-17	2	0	103	&lt; 빵가루탐정단 &gt; 길드원 모집합니당	하츠
42464	2026-09-17	0	7	47	[헌터헌터] 에서 길드원 모집합니다 초보자 환영	크라피카
42462	2026-09-17	0	0	49	Sing 상위권지향 길드원모집 합니다.	넥스터
42447	2026-09-17	0	11	72	11렙연구9렙 400번대서버 쭉쭉질러 길드원모집합니다	쭉쭉이형이야
42445	2026-09-17	0	0	73	4명 모집 중	프랭그
42443	2026-09-17	0	4	167	★★[Lv13/토벌39위] 아재 다수 보유, 편안한 분위기★★	린가드응
42442	2026-09-17	0	0	43	[Lv.11/전토벌1등 마감] 선착 3분 모집합니다! 투력컷 400m	Kmj0728
42439	2026-09-17	0	6	131	길드구해요	문슨
42437	2026-09-17	0	0	196	[14렙, 토벌6등] "킹덤" 2분 구인합니다. (예약 환영)	큰고양이
42436	2026-09-17	0	2	54	LV.12 길드 " 생각 " 길드원 모집합니다!!	꼴라
42435	2026-09-17	0	1	89	Lv13 길드원 모집	초보길드
42434	2026-09-17	0	0	52	LV12 "멍꿀" 에서 소중한 길드원 모집 중 입니다.	델몬트S007
42432	2026-09-17	0	0	5	LV8.자유로운 길드 '할머니의쿠키상자'	빛랑
42430	2026-09-17	0	0	39	11렙 길드 땅땅 길드원 2명 모집해용(28/30)	약속11
42426	2026-09-17	0	0	10	Lv.9(진) '타마마' 길드원 모집중 [목표 : 다음 토벌 그룹1위 탈환하기]	타마타마
42425	2026-09-17	0	4	65	🐶🤎 LV12 [ 말티푸 ] 구인완료	박떫음
42424	2026-09-17	1	8	638	아직 제대로된 사과와 해명을 하지 않은 진호정 길드	스지드
42422	2026-09-17	0	0	11	레벨10(곧 11) 명예 함께 성장하실 가족 1분 모십니다.	지옥절단스윙
42420	2026-09-17	0	0	9	신생 Lv.9 하트 🤍 길드원 대대대모집중 (현재 자유가입)	푸 딩
42419	2026-09-17	0	0	40	길드원 구함) (길드레벨 12lv ) 개똥벌레 길드에서 길드원 구합니다!! (연구소 10-1, 토벌전 in500)	너나 우
42417	2026-09-17	0	5	48	곧 11시 길갑가능한 총투 1g이상 2명 길갑원해요	온뇸뇸
42416	2026-09-17	0	6	48	Lv.12 쿠키는임포스터 길드원 모집(마감)	숭덩숭덩
42414	2026-09-17	0	0	6	LV.9 길드 '쿠키박스' 길드원 모집합니다 (26/28)	AhisCream
42410	2026-09-17	0	0	8	Lv.6 '쿠키반죽단' /자유길드/투력제한 없음	boss몹
42409	2026-09-17	0	1	154	레벨14 부스러기단 토벌29위 길드원구합니다	설아0
42404	2026-09-17	0	7	396	길드가 하루아침에 터져서 새로 구합니다ㅠ	별명뭘로하징
42401	2026-09-16	0	0	44	LV.12 "멍꿀" 에서 소중한 길드원을 모집합니다. 2명	델몬트S007
42396	2026-09-16	0	0	16	단짠 길드원 모집합니다 자유롭게 즐겨요	눈오리
42395	2026-09-16	0	0	4	LV3 떼 걸 룩 길드원모집합니다(자유가입)(뉴비환영)	픽린이이
42392	2026-09-16	0	1	64	길드구합니다 24시간후 가입가능해요	영양만점비둘기
42389	2026-09-16	0	0	15	LV10 리마인에서 같이 활동하실분~ (자유가입)	쪼랭
42381	2026-09-16	0	2	122	Eira 길드에서 인원구합니다 !	흐으으음
42376	2026-09-16	0	0	35	Sing 상위권지향 길드원모집 합니다.	넥스터
42367	2026-09-16	0	1	34	2주차 뉴비 길드 구합니다	데드엔드
42359	2026-09-16	0	0	78	2시즌 토벌전 1위 12렙 '수레기봉투'에서 날먹보상 받으실 길드원 모집합니다~	legi
42357	2026-09-16	0	1	85	12레벨 HERMES 길드원 모집합니다	HERMES캡틴
42354	2026-09-16	0	6	66	꾸준히하는 유저 성장하는길드 구합니다	푸솔라오우너
42337	2026-09-16	0	0	49	Lv12 초딩 부담없이 가입 ㄱㄱ	한날
42335	2026-09-16	0	0	20	자유길드 러브어택 길드원 구합니다	리센느 러브어택
42331	2026-09-16	0	0	34	11Lv " 초성 " 에서 길드원 모집합니다!(마감입니다!)	쿠키로 산ㄷㅏ
42328	2026-09-16	0	0	38	토벌 엘3 Sing 상위권 지향 길드원모집 합니다.	넥스터
42325	2026-09-16	0	0	59	LV.12 길드 " 생각 " 길드원 모집합니다!!	꼴라
42323	2026-09-16	0	0	100	13렙 길드 [BunZ] 길드원 모집합니다!	뭉게구름먼지
42322	2026-09-16	0	0	43	𝐃𝐫𝐚𝐠𝐨𝐧｜길드원 모집	dragon길마
42321	2026-09-16	0	0	20	LV 10 리마인에서 길드원을 모집합니다! (자유모집)	쪼랭
42320	2026-09-16	0	2	107	Lv13 &lt;쿠키앤크림&gt; 에서 길드원 모집합니다.	쿠키키키키키킼
42317	2026-09-16	0	4	96	13렙 퍼스트 길드 모집합니다(마감)	꾸끼런
42316	2026-09-16	0	4	69	11렙 무한리필	홍시아
42307	2026-09-16	0	0	52	[얼음성] 11레벨 얼음성에서 길냥이 5마리 입양 합니다.	SIEMENS NX SE
42306	2026-09-16	0	3	58	'''몽키는원숭이''' 12LV 길드에서 총투 1G 이상의 동료들을 모집합니다! 자리 충분 ! 바로 신청해주세요. 토벌 하루전 얼른오셔요!	누쿠누구
42300	2026-09-16	0	0	37	소다팝 길드 길원 모집	파즈
42280	2026-09-16	0	2	46	레벨10 명예 가족 1분 모십니다.	지옥절단스윙
42278	2026-09-16	0	0	36	Sing 상위권 지향 길드원모집 합니다.	넥스터
42276	2026-09-16	0	0	12	Lv.8 '타마마' 길드원 모집중 [목표 : 다음 토벌 그룹1위 탈환하기]	타마타마
42273	2026-09-16	0	0	114	Lv13 암살자 길드에서 길드원1명 구합니다.	왕건
42271	2026-09-16	0	0	19	[길드 모집] Lv.7 월하－月下 | 달 아래 함께 달릴 인연을 찾습니다 🌙✨	이세나
42269	2026-09-16	0	0	72	🔥🔥LV.11 [산딸기] 길드원 모집🔥🔥(27/30)	shyoo8248
42266	2026-09-16	0	9	942	다 필요없고 진호정길드만 거르시면 됩니다	스지드
42256	2026-09-16	1	0	161	진호정 길드만 거르세요 	스지드
42254	2026-09-16	0	0	24	신생 Lv.9 🤍 하트 🤍 길드원 모집중 (현재 자유가입)	푸 딩
42250	2026-09-16	0	0	44	11렙 '안경만두' 길드에서 1분 모십니다´ω｀ (마감)	살쿠
42246	2026-09-16	0	2	64	길드구함 2g	수원왕갈비통닭
42244	2026-09-16	0	0	131	13렙길드에서 즐겜하며 오래가실 길드원 구해용~	하이브로
42243	2026-09-16	0	5	80	총투력 2.3g 길드구해요	아머러
42242	2026-09-16	0	2	140	길드렙13) 사조직 길원모집	송정동패밀리
42236	2026-09-16	0	0	51	Sing 상위권 지향 길드원 모집 합니다.	넥스터
42235	2026-09-16	0	0	15	Lv.9 달달한축복 길드에서 길드원구합니다	부산메로너
42223	2026-09-16	0	5	112	LV.12 생각 길드에서 길드원 모집합니다!	꼴라
42214	2026-09-16	0	0	59	L.11 끝까지간다 길드원 모집	건드리면무는쿠키
42212	2026-09-16	0	0	35	✨Lv.10 &lt;로얄클럽&gt; 길원 구함✨	로얄클럽
42211	2026-09-16	0	2	54	총투력 1g500m 길드구해요	너무피곤하다
42210	2026-09-16	0	3	127	총투 3G 길드 구합니다	떡총J
42208	2026-09-16	0	4	57	총투1.96g 길드구합니다	구정강
42203	2026-09-16	1	13	133	12렙 햄토리 길드 길드원 모집합니다	한차니
42202	2026-09-16	0	2	98	길드 구합니다	신드
42199	2026-09-16	0	3	284	진호정 길드만 거르세요	스지드
42198	2026-09-16	0	1	31	10렙 길드[주이네]에서 슴슴허이 같이 가실 분을 구합니다.	네이놈
42196	2026-09-16	0	0	141	하늘 길드 in24위 1분모집	꽈누님
42194	2026-09-16	1	8	30	LV.10 [침대로] 길드에서 자유 가입 받습니다.	수노
42187	2026-09-16	0	4	74	총투력 1G 길드 구합니다 (기부 1000 다이아까지도 가능)	MK
42185	2026-09-16	0	0	88	2명 모집 중	프랭그
42179	2026-09-16	0	6	76	총투1.1G 길드구합니다	크
42172	2026-09-16	0	0	16	LV.9 길드 '쿠키박스' 길드원 모집합니다 (25/28)	AhisCream
42169	2026-09-16	0	0	27	10렙 길드 GDXWEB 길드원 모집중 / 5자리 남았습니다/총투 19G/토벌전 700등대	비유명
42166	2026-09-16	1	1	200	길드렙13) 사조직 길드원모집	송정동패밀리
42165	2026-09-16	1	5	106	두명 길드 구합니다	BEAR
42161	2026-09-16	0	0	43	11렙 [왕국은천국] 길드에서 길원 모십니다 (29/30)	lacoster
42156	2026-09-16	0	0	52	lv.11 똘핑뚱 길드에서 길드원 2명 구합니다	스근하네
42145	2026-09-16	2	0	39	[길드원 모집] '최강의 길'에서 함께 정상에 오를 쿠키를 모십니다!	감자감자가가
42140	2026-09-16	0	3	136	총투 3g 길드 구합니다	어채
42139	2026-09-16	0	0	106	같이 오래오래 즐겜길드에서 겜하실분 구합니다 (13렙)	하이브로
42136	2026-09-16	0	0	15	Lv.8 '타마마' 길드원 모집중 [목표 : 다음 토벌 그룹1위 탈환하기]	타마타마
42133	2026-09-16	0	0	41	[마감]🥨LV10 "다이소" 길드에서 길드원 모집중🥨	귀여운무앵
42131	2026-09-16	0	21	200	🔥🔥🔥12렙 길드 [쿠키사원증] 에서 신입사원맛 쿠키 모집합니다~~!!🔥🔥🔥	몽탁탁
42130	2026-09-16	0	0	63	'''몽키는원숭이''' 12LV 길드에서 총투 1G 이상의 동료들을 모집합니다! 자리 충분 ! 바로 신청해주세요. 토벌 하루전 얼른오셔요!	누쿠누구
42129	2026-09-16	0	0	59	길드원 구함) (길드레벨 : 12 LV) 개똥벌레 길드에서 재밌게 하실분 구합니다! (연구소 10-1, 토벌전 in500)	너나 우
42125	2026-09-16	0	4	169	길드 구해요 전투 스펙은 사진 올려둘게요 토벌전 열심히 하겟습니다	초친
42124	2026-09-16	0	4	90	길드 구합니다 	camp
42123	2026-09-16	2	0	123	4EVER 길드 모집 (길드 레벨 13, 연구 12-1, 토벌전 67위)	sselrats
42118	2026-09-16	0	2	93	길드원 모집)11레벨 햇빛길드에서 함께하실 7분을 모십니다!	ll겨울바다ll
42115	2026-09-16	1	3	157	길드 구합니다 총투 8g	10102
42111	2026-09-16	0	0	160	총투 86G 길드에서 길드원 모집합니다!	길드장
42110	2026-09-16	0	1	87	(완)Lv12 [바삭] 길드에서 라이트하게 즐기실 한 분 모십니다!	바삭
42094	2026-09-16	0	3	432	진호정 길드의 실체 (앞으로 계속 올릴 예정 / 신규가입 절대 못하도록하겠습니다)	스지드
42093	2026-09-16	0	0	50	Lv.11 욕심 길드원 모집합니다	개좌석
42092	2026-09-16	0	2	43	11렙 야발난 길드에서 길원모집중 :)	얼핏봄
42088	2026-09-16	0	5	266	진호정 길드 꼭 거르세요	gdgd1
42085	2026-09-16	0	0	115	총투 86G 길드에서 길드원 모집합니다!	길드장
42082	2026-09-16	0	0	13	&lt;쿠키투자증권&gt;길드8랩. 무과금가능. 조건 없음.	뱌쿱
42076	2026-09-16	0	0	69	Lv. 11 뭉게뭉게 길드 친목 싫어하는 길드원 분들 모십니다	달구네
42071	2026-09-16	0	0	22	LV.10 원츄 길드원 모집합니다 카카오 오픈톡 필수!!	츄츄2
42070	2026-09-16	0	2	94	총투 1.5G 이상인 길드 구합니다!!	아이린
42066	2026-09-16	0	2	48	'''몽키는원숭이''' 12LV 길드에서 총투 1G 이상의 동료들을 모집합니다! 자리 충분 ! 바로 신청해주세요	누쿠누구
42062	2026-09-16	0	0	14	뉴비환영 6lv 신생길드 "봉구"로 오세요!	벙주리
42059	2026-09-16	0	4	117	총투 2g 440m 길드 구합니다!	나미쓰
42056	2026-09-16	0	0	40	10렙 [쿠킹덤노동조합] 길드원 모집중!!	최지우
42053	2026-09-16	0	0	19	미인 길드에 길원 모집합니다 ^^ 신생길드에요 편하게 오세용	미스코리아
42051	2026-09-16	0	3	191	👑 14렙 길드 "품격" 리빌딩 끝 마지막 한 분 모집 조건 필독 👑 ** 마감 **	나의군주
42050	2026-09-16	0	2	359	진호정 - 없어져야할 최악 길드입니다.	gdgd1
42039	2026-09-16	0	0	49	12레벨 뚠따리 길드에서 길드원 모집중입니다 ! !	종려
42035	2026-09-16	0	0	31	Sing 상위권 지향 길드원모집 합니다.	넥스터
42033	2026-09-16	0	2	339	저도 진호정 길드 피해자입니다~	gdgd1
42027	2026-09-16	0	0	15	10렙 길드 GDXWEB 길드원 모집중 / 5자리 남았습니다/총투 19G/토벌전 700등대 	비유명
42026	2026-09-16	0	0	7	8렙 용쿠길드에서 길드원구합니다	우사깅
42025	2026-09-16	0	16	200	LV12 대댕 길드  길드원 3명 모집합니다!	디올
42024	2026-09-16	0	4	808	진호정 길드 가입 전 꼭 확인하세요. 초창기부터 하위 길드원을 반복 강퇴해 온 길드입니다.	스지드
42020	2026-09-16	0	0	9	LV8.자유로운 길드 '할머니의쿠키상자'	빛랑
42019	2026-09-16	0	0	31	10렙 자유가입 / 시골섭에서 토벌 꿀빠실분 오세요 /  MINIONS	KingBOB
42018	2026-09-16	0	6	59	총투력 1g 2명 들어갈 길드구합니다.	온뇸뇸
42015	2026-09-16	0	5	666	진호정 길드 초창기부터 하위 3인 강퇴시키며 성장한 길드입니다.	스지드
42010	2026-09-16	0	0	79	12렙길드 &lt;헬스클럽&gt; 길원 모집	호로로뱅
42008	2026-09-16	0	0	18	10레벨 GDXWEB 길원 모집중 / 토벌전700등대 / 총투력19G / 5자리 남았습니다.	비유명
42006	2026-09-16	0	0	32	11렙 길드 톡방X 길드전투력 18G	자두자두졸려요
42005	2026-09-16	1	6	548	진호정 길드 조심하세요 	스지드
42000	2026-09-16	0	0	69	🌊 Lv. 11 퐁당 길드원 2명 모집 🌊	퐁당
41999	2026-09-16	0	0	40	🍪 [쿠귀살] 길드 합병 모집합니다! 🍪	젠이츠
41998	2026-09-16	0	0	47	13렙 koreanclub에서 길드원 한 분 모집합니다! (마감)	212233
41993	2026-09-16	0	9	316	[ 📢길드 찾습니다 ]  3명 길드구해봅니다	설설
41989	2026-09-16	0	6	84	길드구합니당	피터파카
41986	2026-09-16	0	0	68	11랩 &lt;단검&gt;길드에서 길드원 모집합니다.	생강맛쿠키
41978	2026-09-16	0	0	24	LV10 리마인에서 함께 하실분~	쪼랭
41971	2026-09-16	0	1	126	Lv13길드원 모집	초보길드
41970	2026-09-16	0	2	95	Lv12 조각 길드에서 길드원 모집합니다(완료)	S298햄버거
41965	2026-09-16	0	1	68	[구인완] 투명한 운영, 친목 X "바위를부수는계란"	승승
41961	2026-09-16	0	0	21	📜LV.10 🌟술폭행🌟 길드원 모집 합니다 그룹1위 함께 꾸준히 성장하실분 모십니다 가입신청주세요📜	터프쿠키
41960	2026-09-16	0	8	74	총투력 1g / 1.5g 2명 길드 구합니다~	111511422
41959	2026-09-16	1	0	43	Lv.11 🩷욕심🩷 길드원 모집합니다	네네
41958	2026-09-16	1	5	529	진호정 길드 비매길드입니다 조심하세요	스지드
41956	2026-09-16	0	0	38	129섭 딸기쇼트케이크 길드원 1명모집중	딸기쇼트케이크길드장
41952	2026-09-16	1	8	378	저를 구원해줄 길드를 찾습니다.	One피스
41950	2026-09-16	0	0	104	LV.12 "멍꿀" 에서 소중한 길드원을 모집합니다. 2명	델몬트S007
41948	2026-09-16	0	0	40	길드원 구함	디올
41943	2026-09-16	0	0	9	Lv9 [강력] 길드에서 길드원 모집합니다 (조건X)	비루한지갑풍만한포부
41935	2026-09-16	0	0	15	LV.9 길드 '쿠키박스' 길드원 모집합니다 (25/28)	AhisCream
41934	2026-09-16	0	3	63	총투력 1G 길드드가요	또봉
41932	2026-09-15	0	0	53	lv.11 똘핑뚱 길드에서 3명 구합니다[2명 남음]	스근하네
41923	2026-09-15	0	0	60	다들 하길래 나도 해보고 싶어서 하는 [코딱지맛쿠키] 길드홍보	ㄱㄱㄱㄱ
41920	2026-09-15	1	6	68	(마감) LV11 길드 [명왕]에서 길드원 2명 모집합니다!	1패왕
41917	2026-09-15	0	2	70	(완)11렙 길드 버터쿠키바구니 1명 구인 ☆토벌전만 제대로 치면 나머지는 프리☆	마늘버터맛쿠키
41908	2026-09-15	0	0	28	LV11 길드 [명왕]에서 길드원 1명 모집합니다!	1패왕
41904	2026-09-15	0	0	31	Polaris 길드원 모셔요(자유가입) 11레벨 입니다	르세라핌
41901	2026-09-15	0	0	52	Sing 상위권지향 길드원모집 합니다.	넥스터
41897	2026-09-15	0	0	50	🔥🔥LV.11 [산딸기] 길드원 모집🔥🔥(27/30)	shyoo8248
41888	2026-09-15	0	0	79	Lv13 길드원모집	초보길드
41885	2026-09-15	0	0	132	👑 14렙 길드 "품격" 리빌딩 끝 마지막 한 분 모집 조건 필독 👑 ** 마감 **	나의군주
41883	2026-09-15	2	5	104	(구인 완)11렙 길드 설화에서 길드원 구합니다	설화길마
41875	2026-09-15	0	3	123	길드 구해요 ( 총투 2.2G )	신드
41872	2026-09-15	1	0	48	11랩 길드 노움공장에서 길드원 모집합니다.	낑물개
41870	2026-09-15	0	7	109	열심히하는 뉴비 길드구해용	루아렐
41869	2026-09-15	0	0	46	Sing 상위권 지향 길드원모집 합니다!	넥스터
41863	2026-09-15	0	2	30	Lv10 명예 꾸준히 활동하실 가족분 모십니다.	지옥절단스윙
41862	2026-09-15	0	0	124	👑 14렙 길드 "품격" 리빌딩 끝 마지막 한 분 모집 조건 필독 👑	나의군주
41861	2026-09-15	0	0	75	lv.11 [국희런] 길드에서 길드원 5명 구합니다.	고멘곰
41859	2026-09-15	1	1	94	12랩길드 [초콜렛] 1명 구인	너도밤나무
41857	2026-09-15	0	2	13	[크럼블야호] 길드원 모집 / 8LV / 편하게 오래 즐기실분들 환영합니다	Burnt Bread
41850	2026-09-15	0	0	190	[마감] [말랑쿠키] 14렙, 길게 섭종까지 가실 1 분 모십니다.	러멍
41849	2026-09-15	0	0	50	길원모집중 ^0^ YABALcore	얼핏봄
41832	2026-09-15	0	0	35	lv.11 똘핑뚱 길드에서 길드원 3명 구합니다	스근하네
41829	2026-09-15	0	4	54	길드 구합니다	seoyoon37
41828	2026-09-15	0	4	83	총투 1.6G 길드구합니다	kimtltn
41827	2026-09-15	0	4	183	빡겜도 좋지만 오래가기 위해서는 즐겜길드가 필수! (현재 13렙입니다)	하이브로
41825	2026-09-15	0	0	17	Lv.10 🎸[락엔롤] 레스고할 길드원 모집 ⭐️ (28/29)	쿠키런 조아요
41823	2026-09-15	0	3	88	길드 구해요	shibuki
41814	2026-09-15	1	0	13	Lv9. 삼육두유 / 방치지향형 길드원 모집해요~ (20/28)	맹자
41813	2026-09-15	0	0	24	스페인길드원 모집합니다~(뉴비분들도 환영 신청주세요)	하몽입니다
41801	2026-09-15	1	2	60	🔥🔥🔥오늘 밤에 12렙 길드 되는 [쿠키사원증]에서 신입사원맛 쿠키 모집합니다!!🔥🔥🔥	몽탁탁
41799	2026-09-15	0	1	108	13렙 “1TOP” 한분모셔요 총투3g이상	쿠키런좋앙
41795	2026-09-15	0	0	16	📜LV.10 술폭행 길드원 모집 합니다 그룹1위 함께 꾸준히 성장하실분 모십니다 가입신청주세요📜	터프쿠키
41794	2026-09-15	0	0	69	Lv13길드원모집	초보길드
41792	2026-09-15	1	1	141	총투8.4G 10위 이내 길드 가입 희망합니다 [가입완료]	남현
41788	2026-09-15	0	0	27	🔥🔥LV.10 [산딸기] 길드원 모집🔥🔥(27/29)	shyoo8248
41783	2026-09-15	0	2	58	총투 500M이상 구합니다 12렙길드	창문
41772	2026-09-15	1	7	104	11렙 무한리필	홍시아
41771	2026-09-15	0	1	122	길드레벨13 한분모셔요	zipoo88
41770	2026-09-15	0	0	35	👽👽👽외계침공길드원모집Lv.12👽👽👽	Hayoon
41760	2026-09-15	0	7	41	&lt;라이트 유저 환영&gt; 10레벨 길드 블루하와이 길드원 모집중	스플린트
41750	2026-09-15	0	2	37	11레벨 뚠따리 길드에서 길드원 모집중입니다 !	종려
41748	2026-09-15	0	0	71	[코딱지] 길드레벨 13 길드원 한명구합니다	쿠키냠
41746	2026-09-15	0	6	90	총투 1G / 토벌 5G 길드구합니다!	JADE
41744	2026-09-15	0	0	93	즐겜길드로 전향중인 13렙 길드로 오셔요 :)	하이브로
41739	2026-09-15	0	0	55	소과금 유저 2명 길드구합니다.	이잉트
41721	2026-09-15	1	1	74	활발한 길드 찾습니다.	이름름이
41719	2026-09-15	0	1	78	뉴비 길드구해요	Woogenie
41717	2026-09-15	0	8	408	게임 기울어져가는데 길드라도 이왕이면 편한&친목길드로 ㄱㄱ (13렙 길드	하이브로
41716	2026-09-15	0	0	10	뉴비 환영) lv7개복치대장 길드 에서 길드원 구합니다.	써율
41697	2026-09-15	0	4	100	총투력 1.45 13레벨 길드찾습니다.	떠코
41678	2026-09-15	0	0	13	8렙길드 Hypoglycemia 에서 천천히 오래 함께할 분을 모십니다! (17/26) 친목x 무소과금 환영!	됴아여
41656	2026-09-15	0	0	35	'''몽키는원숭이''' 12LV 길드에서 총투 1G 이상의 동료들을 모집합니다! 자리 충분 바로 오시면 토벌전!	만두만두
41653	2026-09-15	0	0	15	Lv.8 '타마마' 길드원 모집중 [목표 : 다음 토벌 그룹1위 탈환하기]	타마타마
41625	2026-09-15	0	0	21	[산적] 10렙 길드 길드원 모집합니다.	완등
41622	2026-09-15	0	5	96	길드구합니다[마감]	alsdud0329
41618	2026-09-15	2	16	1089	걸러야할 길드 (26. 9. 15계속 업데이트)	오태식이
41616	2026-09-15	0	0	7	LV8.자유로운 길드 '할머니의쿠키상자'	빛랑
41615	2026-09-15	0	1	81	총투 3.3 길드구합니다	압압
41614	2026-09-15	0	0	122	13렙 길드에서 편하게 겜하실분 구합니당~	하이브로
41613	2026-09-15	0	0	17	10렙 길드 GDXWEB 길드원 모집중 / 7자리 남았습니다/총투 17G/토벌전 700등대	비유명
41607	2026-09-15	0	0	56	(완)Lv12 [바삭]  길드에서 라이트하게 즐기실 한 분 모십니다~	바삭
41604	2026-09-15	0	0	104	13렙 리치로드 길드에서 1분 구합니다! ( 마감 )	구글
41602	2026-09-15	1	0	42	전투력 1G 토벌전 7G 2명 길드 구합니다	김해달
41601	2026-09-15	1	26	919	태움길드 비난하지말아주세요 	엄시우
41599	2026-09-15	0	4	475	[길드 후기] 풀숲길드 가입 전 참고하시길 바랍니다	즉살
41597	2026-09-15	0	0	35	lv.11 똘핑뚱 길드에서 길드원 세분 구합니다	스근하네
41593	2026-09-15	0	0	10	10렙 길드 GDXWEB 길드원 모집중 / 7자리 남았습니다/총투 17G/토벌전 700등대	비유명
41590	2026-09-15	0	7	92	(마감)12레벨 길드 [작골형제] 길드원 모집합니다	작골형제
41587	2026-09-15	0	0	46	Sing 상위권 지향 길드원모집 합니다.	넥스터
41585	2026-09-15	0	0	40	Lv. 11 뭉게뭉게 길드 친목 싫어하는 길드원 분들 모십니다	달구네
41579	2026-09-15	0	3	66	길드 구해요 	초보맨
41565	2026-09-15	0	0	6	10렙길드 CritDMG 그냥 편하게 즐기실 분 오세요	행미
41563	2026-09-15	0	2	57	길드 구합니다	악범
41556	2026-09-15	0	2	164	총투력 4.8 팀투력 1.16g 토벌 90g가 길드구합니당	엄시우
41551	2026-09-15	0	1	25	뉴비 총투23m 길드구합니다	피구요
41547	2026-09-15	0	0	37	❤특공대👍 11렙길드 가입받아요 (27/30)	양주쿠키
41546	2026-09-15	0	0	22	아이모 길드에서 길드원 모집합니다.	배나온건이
41545	2026-09-15	0	0	75	Lv13 길드원 모집	초보길드
41544	2026-09-15	0	21	178	레벨 12 [레전더리] 길드원 3분 모집합니다!	마시멜로우
41543	2026-09-15	2	1	48	💕 아미띠에 길드에서 함께하실 분 모집합니다! 💕	데브양아들
41538	2026-09-15	0	0	12	10렙 길드 GDXWEB 길드원 모집중 / 7자리 남았습니다/총투 17G	비유명
41535	2026-09-15	0	0	69	lv 11길드 냠냠냠에서 길드원을 모집합니다!(24/30)	에헤라이디아
41533	2026-09-15	0	3	86	총투 1.2G 길드구합니다	Kuttt
41532	2026-09-15	1	11	191	[Web 발신] 자니?...생각해보니 너랑 같이 토벌전 할 때가 가장 재밌더라..우리 다시 만나 ---&gt; &lt;시나몬피던시절&gt; 절찬 모집 중 (30/30)	신오
41531	2026-09-15	0	1	88	총투 2.9g / 1.4g 두명 12렙 이상 길드 가입원해요	잠실삽니다
41523	2026-09-15	0	2	40	LV10 길드 명왕에서 길드원 1명 모집합니다!	1패왕
41517	2026-09-15	0	3	80	총투 820m 길드 구합니다	방쿠뱅
41511	2026-09-15	0	0	43	Lv11 “청주시”에서 길드원을 모집 합니다.	청주ll용암
41510	2026-09-15	0	0	137	13레벨 바사삭 길드에서 길드원 모집합니다	안녕12
41508	2026-09-15	0	0	199	(마감) Lv.13 에스페라 길드에서 길드원 1분을 모집합니다.	도미
41506	2026-09-15	0	0	44	lv.11 똘핑뚱 길드에서 길드원 3명 구합니다	스근하네
41484	2026-09-15	0	0	96	총투 75G 길드에서 길드원 모집합니다	길드장
41474	2026-09-15	0	0	58	길드연구12레벨이상 길드구합니다. 총투력 딱 2g 입니다	존버승리
41473	2026-09-15	0	12	224	🌊 Lv. 11 퐁당 길드원 3명 모집 🌊	퐁당
41471	2026-09-15	0	2	190	상위 지향 과금 길드 [뿌링] 길드원 모집! (Lv.13)	선배
41458	2026-09-15	0	0	139	토벌 300g치는 유저 길드구합니다. In30이내	dlxordus12345
41454	2026-09-15	0	0	98	Lv13길드원 모집 	초보길드
41449	2026-09-15	0	5	69	'''몽키는원숭이''' 12LV 길드에서 총투 1G 이상의 동료들을 모집합니다!!	누쿠누구
41448	2026-09-15	0	0	14	10렙 길드 GDXWEB 길드원 모집중 / 7자리 남았습니다/총투 17G	비유명
41447	2026-09-15	1	0	100	총투 75G 길드에서 길드원 모집합니다	길드장
41439	2026-09-15	0	0	37	혼란을 틈타  LV9. [망곰이] 길드원 모집	참새는야옹
41438	2026-09-15	0	5	122	LV.12  생각 길드에서 길드원 모집합니다!	꼴라
41437	2026-09-15	0	1	231	길드구합니다. 총투5G 토벌덱 1G	dlxordus12345
41435	2026-09-15	0	0	70	시즌2,3 그룹1위 Sing 상위권 지향 길드원 모집 합니다.	넥스터
41428	2026-09-15	0	0	14	함께 성장할 🔥 자유 길드 Lv.9 [액션가면] / 기부&토벌 유저 환영!	김쿼카
41425	2026-09-15	0	0	51	🥨LV10 "다이소" 길드에서 길드원 모집중🥨	귀여운무앵
41418	2026-09-15	0	2	101	마감했습니다	갑순
41413	2026-09-15	0	0	17	10렙 길드 GDXWEB 길드원 모집중 / 8자리남았습니다/총투 17G	비유명
41411	2026-09-15	0	2	85	길드구합니다	camp
41399	2026-09-15	0	8	147	12렙 길드 진동에서 같이 즐기실분 모십니다 !  27/30	진동구리
41392	2026-09-15	0	0	82	13렙 koreanclub에서 길드원 1분 모집합니다!(마감)	212233
41391	2026-09-15	0	0	26	LV9. [명상] 길드원 항시 모집중!	마스터류
41382	2026-09-15	0	0	86	(완료)길탈 기준 총투 4.3g 전토벌전 169g 10위권 이내 길드 찾아요	의리
41365	2026-09-15	0	0	15	LV9 정신병동길드 편하게 겜하실분 모집해요. 	이노다
41356	2026-09-15	0	0	39	무소과금성인길드LV11[쿠키워치]에서 길원모집!	쭌뇽
41354	2026-09-15	0	0	8	Lv8. Ametrine에서 신규 길드원 모집합니다	디하엘
41353	2026-09-15	0	0	13	LV.9 길드 '쿠키박스' 길드원 모집 합니다 (24/28)	AhisCream
41352	2026-09-15	1	1	452	[풀숲]길드 강제추방하는 비매너 길드입니다	스지드
41351	2026-09-15	1	0	147	요즘 많이들 접으시네요 그래서 준비했습니다 시나몬피던시절로 오세요!	신오
41345	2026-09-14	0	0	26	📜LV.10 술폭행 길드원 모집 합니다 그룹1위 함께 꾸준히 성장하실분 모십니다 가입신청주세요📜	터프쿠키
41329	2026-09-14	0	1	103	길드레벨 9~10사이 합병이나 길드 들어오실분 있으실까요?	고민지
41328	2026-09-14	6	0	280	즉살도 잘한거없으니까 풀숲 글좀 그만올려라	루룰로루룰
41327	2026-09-14	0	2	82	총투 3.7G 토벌전 50G가 토벌전 50위 이내 길드구합니다.	루룰로루룰
41323	2026-09-14	2	2	940	길드를 떠나며	곰은사람을찢어
41317	2026-09-14	0	0	41	시즌2,3 그룹1위 Sing 상위권 지향 길드원 모집 합니다.	넥스터
41314	2026-09-14	0	2	222	👑 14렙 길드 "품격" 또 11위 이 갈고 리빌딩 시작 조건 필독 👑	나의군주
41299	2026-09-14	1	0	185	총투 71G 길드에서 길드원 모집합니다	길드장
41298	2026-09-14	0	2	59	lv 11길드 냠냠냠에서 길드원을 모집합니다!(24/30)	에헤라이디아
41291	2026-09-14	0	1	85	LV12 [바삭] 길드에서 라이트하게 즐기실 두 분 모십니다	바삭
41286	2026-09-14	0	0	143	길드에서 강제 추방을 당하셨다구요? 그럼 이곳으로 오세요!!	Hdeuk
41274	2026-09-14	0	2	111	50위권 총투3G이상 길드원 구합니다 	y02
41272	2026-09-14	1	0	131	👑 14렙 길드 "품격" 또 11위 이 갈고 리빌딩 시작 조건 필독 👑	나의군주
41271	2026-09-14	0	0	63	Lv.12 길드 길원 구합니다(28/30)/ 1g이상이신분	여우464
41270	2026-09-14	0	0	33	시즌2,3 그룹1위 Sing 상위권지향 길드원모집 합니다.	넥스터
41269	2026-09-14	0	0	47	🥨LV10 "다이소" 길드에서 길드원 모집중🥨	귀여운무앵
41260	2026-09-14	0	1	55	총투력 1G 길전 17G in250위 길드구합니다!	곽꼭두
41259	2026-09-14	0	3	99	총투 2g 토벌전 30g 길드구해요	zzdr
41256	2026-09-14	0	11	69	11렙 길드 버터쿠키바구니 1명 구인 ☆토벌전만 제대로 치면 나머지는 프리☆	마늘버터맛쿠키
41244	2026-09-14	0	0	63	길원999999함	차니s
41239	2026-09-14	0	1	168	👑 14렙 길드 "품격" 또 11위 이 갈고 리빌딩 시작 조건 필독 👑	나의군주
41231	2026-09-14	0	0	25	시즌2,3 그룹1위 Sing 상위권 지향 길드원모집 합니다.	넥스터
41226	2026-09-14	0	0	44	11랩 오픈런길드 자유가입 두분	오픈런쿠키
41220	2026-09-14	0	23	153	12렙 시그니처에서 세분 모집합니다.	크럼블1
41218	2026-09-14	0	0	16	Lv.9 [다크히어로] 길드원 모집합니다!!	으읭
41217	2026-09-14	0	2	152	총투 3.3G 토벌전 50G가 토벌전 50위이내 길드구합니다.	루룰로루룰
41216	2026-09-14	0	0	27	길드 웰치스에서 길드원 구합니다.	영영
41214	2026-09-14	0	4	102	총투1.4G 길드구합니다	SakuraMoto
41212	2026-09-14	0	0	31	Lv.10 🩷욕심🩷 길드원 모집합니다	네네
41210	2026-09-14	0	3	98	길드 2자리 구해봅니다~ (2g, 2.3g 2명)	액상과다
41207	2026-09-14	0	10	142	[모집/마감] 12렙 숨결 길드원 모집! (29/30)	사계
41200	2026-09-14	0	0	32	2,3시즌 그룹1위 Sing 상위권 지향 길드원모집 합니다.	넥스터
41196	2026-09-14	0	10	102	길드 구해요	MShun
41192	2026-09-14	0	0	27	🌊🌊LV.9 [해운대] 길드원 모집🌊🌊(17/28)	동래파전도둑
41185	2026-09-14	0	0	30	길드원 모집합니다.	LJC2
41178	2026-09-14	0	3	90	총투 820M 길드 구해요	도롱뇽
41172	2026-09-14	0	8	379	길드 찾습니다	냐냐냥냐냥
41169	2026-09-14	0	1	163	13렙길드 젤리에서 길드원분 모십니다. (3시즌연속 토벌전 18,18,21)	키마1
41153	2026-09-14	0	0	21	[lv11 켄지]  길드원 모집합니다~	포치2
41147	2026-09-14	0	0	22	그룹1위 Sing 상위권 지향 길드원 모집 합니다.	넥스터
41144	2026-09-14	0	0	59	𝐃𝐫𝐚𝐠𝐨𝐧｜길드원 모집	dragon길마
41133	2026-09-14	0	0	10	Lv.8 '타마마' 길드원 모집중	타마타마
41125	2026-09-14	0	0	24	🥵🥵🥵외계침공길드원모집 Lv.12👽👽👽	Hayoon
41121	2026-09-14	0	0	21	'''몽키는원숭이''' 12LV 길드에서 총투 1G 이상의 동료들을 모집합니다!! 현재 접속중	누쿠누구
41120	2026-09-14	0	0	82	[12렙, 총투70G] 길드원 구합니다	길드장
41118	2026-09-14	0	0	28	길드원 모집합니다	Hdeuk
41113	2026-09-14	0	0	19	[lv11 켄지] 길드원 모집합니다~	포치2
41108	2026-09-14	0	0	34	그룹1위 Sing 상위권 지향 길드원 모집 합니다.	넥스터
41107	2026-09-14	0	2	128	상위 지향 과금 길드 [뿌링] 길드원 모집! (Lv.13)	선배
41104	2026-09-14	0	0	184	[마감] [말랑쿠키] 14렙, 길게 섭종까지 가실 1 분 모십니다.	러멍
41089	2026-09-14	0	0	68	11렙 무한리필 길드	홍시아
41086	2026-09-14	0	0	111	길드레벨 13 길드원모집해요!	zipoo88
41084	2026-09-14	0	11	566	플레이트 확률 가지고 뭐라하는데	Blueming
41082	2026-09-14	1	0	18	10렙 길드 GDXWEB 길드원 모집중 / 9자리 남았습니다 / 총투력 16G이며, 토벌전 700등대	비유명
41076	2026-09-14	0	0	4	7레벨 동글뱅이 길드 자유가입	국키
41072	2026-09-14	0	1	55	마감 [12레벨] "쿠키런" 길드 모집합니다 29/30	뿌라
41070	2026-09-14	0	0	29	그룹1위 Sing 상위권 지향 길드원 모집 합니다.	넥스터
41069	2026-09-14	0	6	122	길드 찾아용	하얀풍차
41061	2026-09-14	0	0	54	Lv13 길드원 모집	초보길드
41060	2026-09-14	0	0	21	12렙 언빌리버블 길드에서 태생이 탑신ㅂ자 구합니다 캐리 오네가이시 마스~	영미
41059	2026-09-14	0	0	57	12렙 가디스 길드에서 활발하신분 모집해요^^	독사과맛쿠키
41058	2026-09-14	0	0	44	Lv. 11 뭉게뭉게 길드 친목 싫어하는 길드원 분들 모십니다	달구네
41052	2026-09-14	0	7	362	토벌 227g치는 유저+14g치는 유저 세트 길드들어가요	부활민초크
41050	2026-09-14	0	0	13	Lv8 프리웨이트 길드에서 길드원 모집합니다🫶	lillliillili
41048	2026-09-14	0	0	11	10렙 길드 GDXWEB 길드원 모집중! 9자리 남았습니다/길드 총투력16G/토벌전 770등	비유명
41032	2026-09-14	0	6	140	총투 1.6G 1G 2명 길드 들어갑니다~	111511422
41028	2026-09-14	0	13	126	길드 찾아용	경슈
41022	2026-09-14	0	0	200	관리 잘 되는 안정형 성인 길드 Lv.13 "카페모카"에서 오래오래 함께 할 길드원 모십니다. (28/30)	김홍딴
41019	2026-09-14	0	0	17	LV.9 길드 '쿠키박스' 길드원 모집합니다	AhisCream
41016	2026-09-14	0	0	22	10렙 길드 GDXWEB 길드원 모집중! 9자리 남았습니다/길드 총투력16G/토벌전 770등	비유명
41007	2026-09-14	0	0	49	그룹1위 Sing 상위권 지향 길드원모집 합니다.	넥스터
41001	2026-09-14	0	12	155	총투 2.29G , 2.4G 두명 길드 구합니다	효달
40999	2026-09-14	0	0	28	11렙 연구9렙 쭉쭉질러 길드원모집합니다	쭉쭉이형이야
40983	2026-09-14	0	4	73	총투 334m, 295m 2명 한국인 길드 들어가봅니다~	블랙ㅋ
40975	2026-09-14	0	0	34	12렙 언빌리버블 길드에서 오래가고 강한 길드원 찾습니다	영미
40971	2026-09-14	1	2	65	[레벨11] 1991 길드원 모집합니다. (28/30) 길드 전투력: 35.3G (중위값: 1G)	붕어킹
40969	2026-09-14	0	0	45	그룹1위 Sing 상위권 지향 길드원 모집 합니다.	넥스터
40968	2026-09-14	0	0	12	lv.7 호야 길드 자유가입 길드원 모집해요!	호야호
40967	2026-09-14	0	0	12	Lv7 "대구특별시“ 에서 즐기실 분들을 모십니다 / 자리 많아요!! / 조건 X 자유가입!	대구특별시
40964	2026-09-14	0	0	6	Lv7 '넥슨' 길드 인원모집합니다	꼬롱
40963	2026-09-14	0	0	20	LV10 길드 명왕에서 길드원 1명 모집합니다!	1패왕
40959	2026-09-14	0	0	33	[쿠키루] 길원 모집중 (토벌 성적 1,2,1)	라탄
40958	2026-09-14	0	0	12	10레벨 길드 GDXWEB 길드원 모집합니다! 9자리 남았습니다/현재 길드 총투16.47G	비유명
40957	2026-09-14	0	0	85	길드레벨13 고혈압들 같이 성장 하실분 모셔용	zipoo88
40956	2026-09-14	1	0	93	☠️도둑단☠️  토벌전 진심이신분 한 분 모집중	쿠키도둑
40954	2026-09-14	0	0	34	Lv 11 길드 "쨘쨘미와이익이" 구인 공고	찬aw
40947	2026-09-14	0	2	63	11렙 [한숨] 길드원 모집합니다.  (27/30)	나루세
40944	2026-09-14	0	3	56	'''몽키는원숭이''' 12LV 길드에서 총투 1G 이상의 동료들을 모집합니다!!	누쿠누구
40937	2026-09-14	3	0	38	🍃[Lv.11WIND]에서 사람을 구합니다🍃	니스라
40936	2026-09-14	0	0	60	눈꽃 토벌전100위권 길연9렙	문법
40929	2026-09-14	0	0	5	Lv.8 '타마마' 길드원 모집중	타마타마
40923	2026-09-14	0	3	89	13렙 토벌전만 빡겜 길드 시나몬피던시절 (구인: 3명)	신오
40920	2026-09-14	0	0	8	Lv 11 길드 "쨘쨘미와이익이"에서 길드원 구합니다!@	도산이익
40912	2026-09-14	0	0	27	[쿠키루] 길원모집합니다 (토벌 성적 1,2,1)	라탄
40911	2026-09-14	0	0	109	토벌전 in75 ) 소금노움 길드원 모집 29/30	리센느54
40906	2026-09-14	0	0	20	lv.11 똘핑뚱 길드 길드원 3명 구합니다	스근하네
40897	2026-09-14	0	0	105	[마감]LV13 "가을" 길드 길드원 모집합니다 (29/30)	가을쿠키
40892	2026-09-14	0	0	39	Lv13 길드원 모집	초보길드
40891	2026-09-14	0	0	18	[lv11 켄지] 길드원 모집합니다~	포치2
40887	2026-09-14	0	0	14	10레벨 길드 GDXWEB 길드원 모집합니다! 10자리 남았습니다/현재 길드 총투15.98G	비유명
40886	2026-09-14	0	3	55	총투 500m 길드구해요	뜬뚠
40884	2026-09-14	0	1	54	총투 약 800M 유저 길드 구합니다.	알람
40879	2026-09-14	0	0	87	마감) Lv.13, 연구12-2, 토벌 61등 OVEN 길드에서 함께하실 분 구합니다. 성장전형 O	백산
40873	2026-09-14	0	7	49	11레벨 뚠따리길드에서 길드원 모집중입니다 ! !	종려
40870	2026-09-14	1	2	102	[마감]13렙 푸딩보호협회에서 길드원 모집합니다.	푸딩유괴범
40864	2026-09-14	0	2	26	'''몽키는원숭이''' 12LV 길드에서 총투 1G 이상의 동료들을 모집합니다!!	누쿠누구
40858	2026-09-14	1	0	48	[길드원 모집] '최강의 길'에서 함께 정상에 오를 쿠키를 모십니다!	감자감자가가
40834	2026-09-14	1	0	29	11Lv “청주시”에서 가볍고 오래 즐기실 길드원을 모집 합니다. (25/30)	청주ll용암
40829	2026-09-14	0	0	17	Lv.10 오소리의세계길드 같이 하실분들~~	봄날의햇살v
40828	2026-09-14	0	4	83	[마감]13렙 푸딩보호협회 길드원 모집 (≧∀≦)ゞ	푸딩유괴범
40822	2026-09-14	0	2	35	신생 Lv.9 🤍하트🤍 길드원 모집중 !	푸 딩
40819	2026-09-14	0	0	41	마감	훈슬아
40817	2026-09-14	0	0	13	LV.9 길드 '쿠키박스' 길드원 모집합니다 (24/28)	AhisCream
40801	2026-09-14	0	2	68	12렙 오븐브레이커 길드원 모집합니다	용22222
40800	2026-09-14	0	9	93	[구인마감]	박떫음
40798	2026-09-14	0	15	86	12렙 시그니처에서 다섯분 모집합니다.	크럼블1
40790	2026-09-13	1	0	61	총투 68G 길드에서 길드원 모집합니다!	길드장
40784	2026-09-13	0	0	41	10렙 길드원 구함 즐겜러 환영	unzu
40783	2026-09-13	0	3	36	&lt;블루하와이&gt;&lt;라이트 유저 환영&gt; 열심히 하실 분들 모집합니다!!	스플린트
40779	2026-09-13	1	1	78	저희길드 구원해주실 길원분모십니다...7렙	곰탱233
40775	2026-09-13	0	0	38	그룹1위 Sing 상우권 지향 길드원 모집 합니다.	넥스터
40772	2026-09-13	0	0	67	안녕하세요 선착순 3명 모집중이에요	비시즌임영웅
40766	2026-09-13	0	0	36	&lt;선덕여왕&gt; 길드로 오세요!!	hanbangeun
40761	2026-09-13	0	3	88	[길드원 1명 구인] 12레벨 길드 "바위를부수는계란"	승승
40760	2026-09-13	0	0	38	LV10 길드 명왕에서 길드원 1명 모집합니다!	1패왕
40753	2026-09-13	0	1	49	길드원 모집 합니당! (내향인들)	mintsoo
40737	2026-09-13	0	0	13	10랩길드 "runrunrun" 길드에서 길드원 구합니다. 총투 500m 이상만	Hotcake
40729	2026-09-13	1	0	9	길드원 모집합니다	Hdeuk
40727	2026-09-13	1	0	46	그룹1위 Sing 상위권 지향 길드원 모집 합니다.	넥스터
40714	2026-09-13	0	7	55	🍪 [멜로] 길드원 모집합니다! 뉴비/복귀 환영 🍪	쿠키제이
40710	2026-09-13	0	0	79	Lv13 길드원 모집	초보길드
40709	2026-09-13	0	0	26	길드원 모집합니다	와일드기스
40707	2026-09-13	1	0	47	길연9렙 토벌160등 눈꽃 길원모집	문법
40697	2026-09-13	0	0	28	LV10 길드 명왕에서 길드원 1명 모집합니다!	1패왕
40689	2026-09-13	0	0	28	타오르는쿠키 길드원모집	GG213
40680	2026-09-13	0	0	12	Lv.8 '타마마' 길드원 모집중	타마타마
40674	2026-09-13	0	1	75	길드 레벨 12이상 가입 희망합니다.	bonokiller
40672	2026-09-13	0	4	80	12레벨 진동길드에서 한분 모십니당 	진동구리
40666	2026-09-13	0	6	64	토벌전 시즌1,2,3 1등 레벨 11 무소과금길드 "쿠키 베이커리" 길드원 모집합니다.	홋떡맛쿠키
40658	2026-09-13	0	1	48	ㅡ	ImYourMom
40652	2026-09-13	0	1	27	10lv 자유가입 길드 '창천'	조덕
40644	2026-09-13	0	0	46	👽👽외계침공길드원모집 Lv.12👽👽	Hayoon
40642	2026-09-13	1	0	49	그룹1위 Sing 상위권 지향 길드원 모집 합니다.	넥스터
40640	2026-09-13	0	0	66	길드렙12 고기 길드에서 길드원 모집합니다	고기먹고싶은데
40639	2026-09-13	1	0	39	길드원 구합니다.	이야너무신난당
40638	2026-09-13	0	0	10	포항시 &lt;- 멤버 모집합니다~!! 재밌게 하실분들!	규코당
40629	2026-09-13	0	0	35	'''몽키는원숭이''' 12LV 길드에서 총투 1G 이상의 동료들을 모집합니다!!	누쿠누구
40626	2026-09-13	0	1	112	-	사소
40618	2026-09-13	0	0	53	12렙 언빌리버블 길드에서 마지막 퍼즐 조각 한명 찾습니다	영미
40616	2026-09-13	0	2	46	11레벨 길드 뚠따리에서 길드원 모집중입니다 !	종려
40609	2026-09-13	0	1	110	총투력 1.8G 길드구해봅니다	아낙희
40607	2026-09-13	0	0	14	Lv8 Ametrine 길드에서 길드원 모집합니다 [자유가입]	디하엘
40605	2026-09-13	0	1	69	12렙 언빌리버블 길드에서 확실한 찐 폐인 1명 구합니다	영미
40604	2026-09-13	0	0	31	🥨LV10 "다이소" 길드에서 길드원 모집중🥨	귀여운무앵
40600	2026-09-13	0	2	36	11Lv 쨘쨘미와이익이 함께할 길드원 모집!	도산이익
40587	2026-09-13	0	0	10	LV.9 고구마맛쿠키 길드 길드원 모집합니다. 섭종까지 꾸준하게 하실 분 구합니다.	밤고구마맛쿠키
40582	2026-09-13	2	0	263	[14렙, 토벌 6등] "킹덤" 1분 구인합니다. (예약 환영)	큰고양이
40573	2026-09-13	0	0	31	Lv.10 🩷욕심🩷 길드원 모집합니다	네네
40571	2026-09-13	0	0	30	재해 레벨10 길드없는분 오셔서 기부만잘해주세요	불타는빔
40562	2026-09-13	1	0	87	그룹1위 Sing 상위권 지향 길드원 모집 합니다.	넥스터
40561	2026-09-13	0	6	80	12렙 시그니처에서 두분 모집합니다.	크럼블1
40560	2026-09-13	0	0	37	lv 11길드 냠냠냠에서 길드원을 모집합니다!(21/30)	에헤라이디아
40552	2026-09-13	0	5	129	총투 2.7G, 토벌30G 길드구합니다.	우주싼토끼
40551	2026-09-13	0	0	37	'''몽키는원숭이''' 12LV 길드에서 총투 1G 이상의 동료들을 모집합니다!!	누쿠누구
40550	2026-09-13	0	0	30	Lv.10 길드 포켓몬스터 길드원 모집	RGB
40536	2026-09-13	0	0	30	Lv.9 [도치] 무, 소과금 유저 환영합니다!!	지나가던샐러드
40531	2026-09-13	0	0	82	(눈꽃) 길전in100등안 가실분 3분 모심	문법
40530	2026-09-13	0	0	37	9렙연구 완 눈꽃 in100등안 가실분 모셔요	문법
40526	2026-09-13	0	1	72	길드 구해요	고운빛
40515	2026-09-13	0	0	26	그룹1등 Sing 상위권 지향 길드원모집 합니다.	넥스터
40513	2026-09-13	0	0	54	12렙 길드 진동에서 1g이상 한분 모십니다 	진동구리
40507	2026-09-13	1	0	73	연구렙 11-3 13lv긁음 길드 모집합니다	듨음
40502	2026-09-13	0	6	71	길드 구합니다	mementomori
40496	2026-09-13	0	0	20	신생길드 Lv.1 [육아팅] 길드원 모집	강냉이잉
40493	2026-09-13	0	0	48	'몽키는원숭이' 12LV 길드에서 총투 1G 이상의 동료들을 모집합니다!!	누쿠누구
40483	2026-09-13	0	0	104	총투 2G 이상 축복 5 길드 구해봅니다	에스파
40482	2026-09-13	0	0	8	Lv7 "대구특별시“ 에서 천천히 즐기실 분들을 모십니다 / 자리 많아요!! / 조건 없습니다 즐기실분!!	대구특별시
40480	2026-09-13	0	4	93	총투력 2.4G 토벌기록 24G 길드구해요	박싸이
40479	2026-09-13	0	1	71	(총전투력 2G이상)3명 길드 구합니다 (가입완료)	pritzker
40474	2026-09-13	0	1	92	눈꽃 토벌전 100위권 길연9까지 완/ 컴컴	문법
40472	2026-09-13	0	0	45	lv 11길드 냠냠냠에서 길드원을 모집합니다!(19/30)	에헤라이디아
40470	2026-09-13	0	0	92	Lv13 길드원 모집	초보길드
40467	2026-09-13	0	0	37	🥨LV10 "다이소" 길드에서 길드원 모집중🥨	귀여운무앵
40464	2026-09-13	0	0	195	토벌전 in10 홍연에서 길드원 모집중	홍서리
40462	2026-09-13	0	1	61	ㅡ	ImYourMom
40457	2026-09-13	0	4	82	길드 찾습니다!	starttv1
40439	2026-09-13	0	5	298	총투 1G 300M(마감)	쿠키련
40427	2026-09-13	0	0	25	우리집 대왕개 “쌍칠파” 길드원 모집	권선공
40422	2026-09-13	0	0	155	​​[IN30 / Lv14] '판도라' 길드에서 길드원을 모집합니다! (마감)	씨엠
40421	2026-09-13	1	0	22	Lv.9 시라소니 길드원 구합니다 무과금 소과금 환영	Army
40420	2026-09-13	0	1	89	[몽키는원숭이] 12 lv 에서 동료들을 모집합니다 !!!	누쿠누구
40416	2026-09-13	0	2	55	11레벨 역전 길드원 모집중!	역전
40410	2026-09-13	0	0	58	오픈런길드 두분 자유가입	오픈런쿠키
40406	2026-09-13	0	0	35	LV.9 토벌전 그룹1위! 주먹햄찌단 길원 모집합니다.	새콤달고옴
40404	2026-09-13	0	1	133	길드 문제점	인트
40398	2026-09-13	0	1	45	축복7렙 뉴비 12렙이상 길드 가입 희망해봅니다!!	제논2
40397	2026-09-13	0	0	63	13렙VOICE에서 무소중과금 길원모집	VOICE길원모집
40390	2026-09-12	0	0	37	그룹1위 상위권 지향 Sing 길드원 모집 합니다.	넥스터
40374	2026-09-12	0	0	160	[마감]LV13 "가을" 길드 길드원 모집합니다 (29/30)	가을쿠키
40373	2026-09-12	0	0	82	'밤낮'길드 12렙 길드원 1명 구합니다!	나닛
40367	2026-09-12	0	1	218	풀접 유저입니다	토롱이형
40362	2026-09-12	0	0	30	LV.10 원츄 길드원 모집합니다! 오픈특 필수!!	츄츄2
40355	2026-09-12	0	0	68	길드 ✨추천✨	추천
40349	2026-09-12	0	0	71	그룹1위 Sing 상위권 지향 길드원모집 합니다.	넥스터
40332	2026-09-12	0	0	122	13렙 치치 길드원 구합니다~	치치
40327	2026-09-12	0	0	34	10렙 길드 뉴비환영	znznnzzl
40317	2026-09-12	0	0	24	레벨 11 바닐라밀매단 길드원 모집	바닐라밀매단
40315	2026-09-12	0	0	184	13렙길드 젤리에서 굇수분 모십니다 (지난시즌 두번다 17위,17위 마감)	키마1
40313	2026-09-12	0	0	91	[IN30 / Lv14] '판도라' 길드에서 길드원을 모집합니다! (마감)	씨엠
40310	2026-09-12	0	0	21	LV.9 🍇거봉🍇 오래오래 꾸준히 함께하실 분 구합니다~~!! (마감)	챠리
40305	2026-09-12	0	0	20	LV 11 데브는우상향 길드에서 길원 모집합니다.	느느85
40303	2026-09-12	0	2	135	총투 3G 174M / 축복7렙반 / 토벌 53G 15M 상위길드 들어가용	Rapsody in blue
40301	2026-09-12	0	0	28	🔥🔥LV.10 [산딸기] 길드원 모집🔥🔥(27/29)	shyoo8248
40294	2026-09-12	0	0	87	(모집중) lv11. 길드 키우미집 인원모집	S메타몽2
40293	2026-09-12	0	0	30	그룹1위 Sing 상위권지향 길드원 모집 합니다.	넥스터
40289	2026-09-12	1	0	485	현 토벌전 1위 카페에서 함께하실분 모집합니다	가 을
40280	2026-09-12	0	0	5	8레벨 길드 '위치베리쿠키' 길드원 모집합니당	위치베리베리
40279	2026-09-12	1	0	44	🌸Lv.10/그룹 1등 [리마인딩] 길드에서 길드원 모집합니다!🌸	애 햄 이
40272	2026-09-12	0	1	62	12렙 RumbleRun 길드 29/30 오세요	미니몽
40271	2026-09-12	0	0	45	총투2g 길드구해봅니다	두부122
40269	2026-09-12	0	0	36	🥨LV10 "다이소" 길드에서 길드원 모집중🥨 밀키웨이 맛집	귀여운무앵
40268	2026-09-12	0	0	57	13렙 koreanclub에서 길드원 1분 모집합니다! (마감)	212233
40264	2026-09-12	0	1	60	길드 구합니다	이름름이
40263	2026-09-12	0	4	168	(마감) Lv.12 에스페라 길드에서 길드원 모집합니다	도미
40260	2026-09-12	2	4	76	lv 11길드 냠냠냠에서 길드원을 모집합니다! (현재 길드원 15명 토벌전 엘마 4)	에헤라이디아
40256	2026-09-12	0	0	15	김자매 길드원 모집합니다	문찐네마을
40255	2026-09-12	0	3	49	길드 구합니다.!!	역보관
40253	2026-09-12	0	2	27	LV 11 데브는우상향 길드에서 길원 모집합니다.	느느85
40249	2026-09-12	0	4	103	길드 들어가고 싶습니다. (가입완료)	최프리
40248	2026-09-12	0	4	85	⭐13레벨 길드 1분 모셔요. 연구소 11-3 진행중 꾸준하신 분만 ⭐ [마감]	썩은쿠키
40245	2026-09-12	0	0	14	LV.9 🍇거봉🍇 오래오래 꾸준히 하실 분 구합니다~~!! 투력상관X (25/28)	챠리
40244	2026-09-12	0	2	84	LV12 츄르도적단 에서 두분 모십니다!	북그
40240	2026-09-12	0	0	46	[길드원 모집] '몽키는원숭이' 12 lv 에서 같이 재밌게 즐길분 모집합니다 ㅎㅎ ~	누쿠누구
40238	2026-09-12	0	0	24	🍪&lt;쿠키사원증&gt; 에서 길드원 모집합니다🍪	명멍이
40234	2026-09-12	0	0	41	투력 1G이상 토벌전 7G이상 2명 길드 구합니다..	김해달
40232	2026-09-12	0	0	42	그룹1등 Sing 상위권 지향 길드원모집 합니다.	넥스터
40230	2026-09-12	0	0	7	[길드모집] 열반의 길로 오십시오. [Lv.6 / 편안한 길드]	염불
40224	2026-09-12	0	3	84	⭐13레벨 길드 2분 모셔요. 연구소 11-3 진행중 꾸준하신 분만⭐           [구인중]	썩은쿠키
40220	2026-09-12	0	0	12	LV 11 데브는우상향 길드에서 길원 모집합니다.	느느85
40219	2026-09-12	0	0	28	레벨11 길드 &lt;빌런&gt; 길드원 1명 구합니다~~!	매일
40214	2026-09-12	0	0	8	신생길드 "봉구" 초보길드원 모집!!	벙주리
40212	2026-09-12	0	0	11	Lv.9 🎸[락엔롤] 레스고할 길드원 모집 ⭐️ (27/28)	쿠키런 조아요
40210	2026-09-12	0	0	27	🥨LV10 "다이소" 길드에서 길드원 모집중🥨 밀키웨이 맛집	귀여운무앵
40209	2026-09-12	0	0	19	동글뱅이 자유가입	국키
40206	2026-09-12	0	0	20	Sing 상위권 지향 길드원 모집 합니다.	넥스터
40193	2026-09-12	0	0	5	LV8.자유로운 길드 '할머니의쿠키상자'	빛랑
40187	2026-09-12	0	0	13	LV.10 해적왕 길드원 모집!!	흐하하앙
40185	2026-09-12	0	0	86	13렙 길드 담장에서 함께하실 두 분을 모십니다(모집 완료)	aaaaa11111111
40181	2026-09-12	0	0	18	9레벨 밍밍 길드에서 오래하실 네분 모집합니다	Paka
40175	2026-09-12	0	3	54	길드 인원 모집 ㅠㅠ 뽀꾸뽀꾸	문쩡
40173	2026-09-12	0	0	62	Lv 12 꼬마별 (29/30) 함께하실분구해요	시노니
40166	2026-09-12	0	0	77	13렙 “1TOP" 한분 모셔요 총투3g이상	쿠키런좋앙
40158	2026-09-12	0	0	24	레벨11 컴포즈커피 한분모십니다	바비노
40154	2026-09-12	0	0	23	[lv11 켄지] 길드원 모집합니다~	포치2
40153	2026-09-12	0	0	27	LV 11 데브는우상향 길드에서 길원 모집합니다.	느느85
40148	2026-09-12	0	2	43	총투 200M이상 3명 관리길드 구합니당	깜돌이1
40147	2026-09-12	0	0	41	13렙 koreanclub에서 길드원 1분 모집합니다!(마감)	212233
40141	2026-09-12	0	0	34	Sing 상위권 지향 길드원 모집 합니다.	넥스터
40134	2026-09-12	0	2	83	[구인 완료] 12레벨 길드 "바위를부수는계란"	승승
40122	2026-09-12	0	0	36	LV12 츄르도적단 두분 모십니다!!	북그
40118	2026-09-12	0	0	36	11렙 길드 크렘블즐겜러에서 1분모십니다	웅웅이이이
40115	2026-09-12	0	0	27	길원 모집합니다!	수원토박이준
40110	2026-09-12	0	0	14	🤍 Lv.9 하트 🤍 길드원 모집중 (18/28)	푸 딩
40102	2026-09-12	1	3	69	2명 길드 구합니다	개킹
40090	2026-09-12	0	2	61	길드구해요	오파꿀주먹
40088	2026-09-12	0	0	25	🔥🔥LV.10 [산딸기] 길드원 모집🔥🔥(27/29)	shyoo8248
40085	2026-09-12	0	0	39	12렙 VOICE에서 길모중	VOICE길원모집
40083	2026-09-12	1	0	23	Lv.10 🩷욕심🩷 길드원 모집합니다	네네
40077	2026-09-12	0	5	106	[마감]13렙 길드 하츄단에서 함께 하실 분 구해요!! 30/30	쩰
40076	2026-09-12	0	2	21	koreanclub에서 길드원 모집합니다!(마감)	212233
40071	2026-09-12	1	0	52	투력제한X길드원모집합니다 (💰💰💰매달 연구지원1위 현질지원금 지급💰💰💰)	준쏘오
40068	2026-09-12	0	1	201	랭킹 6위 미르길드 가입모집	아골
40056	2026-09-12	0	0	131	👑 오늘 14렙 길드 "품격" 두 분 모집 중 / 조건 필독 / IN10 유지 지향 👑	나의군주
40046	2026-09-12	0	8	77	[모집] 곧12렙 '조각'길드에서 총투 400M이상 모셔요	코노
40044	2026-09-12	0	0	57	Lv 12 햄토리 길드 길드원 모집합니다	한차니
40036	2026-09-12	0	0	32	●곤충 길드원 모집중● 님 오면 토벌1등	jang79677
40034	2026-09-12	0	0	14	Lv.10 🩷욕심🩷 길드원 모집합니다	네네
40030	2026-09-12	0	0	29	11렙 컴포즈커피 길드원 한분 구합니다	바비노
40025	2026-09-12	0	0	37	길드 통합하실 10명정도의 작은 길드 구합니다	northsolider
40023	2026-09-12	0	0	72	👑 오늘 14렙 길드 "품격" 두 분 모집 중 / 조건 필독 / IN10 유지 지향 👑	나의군주
40020	2026-09-12	0	0	40	길드모집	엔드에요
40019	2026-09-12	0	2	41	소통 잘되는 길드 구합니다 총투 341M 토벌 908M	이리노미노
40008	2026-09-12	0	0	8	[흑빵디빤쓰도둑] 길드원 모집합니다	흑빵디
40007	2026-09-12	0	0	21	[lv11 켄지]  길드원 모집합니다~	포치2
40006	2026-09-12	2	0	57	[Lv.12] 골드치즈쿠키 길드원 모집 (마감)	루제
40003	2026-09-12	0	0	9	Lv.9 🎸[락엔롤] 레스고할 길드원 모집 ⭐️ (27/28)	쿠키런 조아요
40001	2026-09-12	0	0	83	총투 60G 길드에서 길드원 모집합니다!	길드장
39996	2026-09-12	0	0	49	손흥민 좋아하시나요? 선착순입니다	비시즌임영웅
39993	2026-09-12	0	5	56	Lv.10 &lt;잠꼬대&gt; 길드에서 오랫동안 함께하실 길드원 모집합니다 ! (28/29)	타판
39985	2026-09-12	0	0	28	10렙길드 기니기니에서 길드원모집합니다(16/29)	겸22
39981	2026-09-12	0	1	85	통합하실 길드 구합니다. 개구리왕국	라떼롱
39978	2026-09-12	0	0	15	9렙 놀이터 길드에서 길드원 모집합니다 
저희 놀이터에서 즐기며 올라가요	불타는십원
39976	2026-09-12	0	0	30	11lv “청주시”에서 편하게 즐기실 길드원을 모집 합니다.	청주ll용암
39973	2026-09-12	0	0	30	길드 통합하실 길드 구합니다. 개구리왕국	라떼롱
39970	2026-09-12	0	0	29	🔥🔥LV.10 [산딸기] 길드원 모집🔥🔥(27/29)	shyoo8248
39969	2026-09-12	2	5	208	14렙 부스러기단 길드원모집 1자리	설아0
39966	2026-09-12	0	1	13	[길드 모집] Lv.6 월하－月下 | 달 아래 함께 달릴 인연을 찾습니다 🌙✨	이세나
39965	2026-09-12	0	0	9	Lv.9 극의 길드원 구합니다	채멍구
39959	2026-09-12	1	9	469	길드토벌전 랭킹 높은 길드 2인 자리 구합니다	쏜애플
39950	2026-09-12	0	0	8	[Lv.8, 가입컷없음!] 누룽이 길드원 모집	KCWTG
39948	2026-09-12	0	0	78	🛡️ 12Lv 카페인한스푼 길드원 1분 모집합니다!	뭔디
39942	2026-09-12	0	10	165	[12렙/옾챗X] 길드 "작열" 모집 완	행운의수달
39939	2026-09-12	0	0	54	총투 60G 길드에서 길드원 모집합니다!	길드장
39938	2026-09-12	0	0	14	Lv8 Ametrine에서 길드원 구해요	디하엘
39935	2026-09-12	0	0	22	길드 [치카포카] 길드원 구인중입니다.	이봐제이스
39933	2026-09-12	0	1	104	길드레벨 8~10사이 합병이나 길드 들어오실분 있으실까요?	고민지
39931	2026-09-12	0	4	56	길드 통합할 작은 길드 구합니다	northsolider
39929	2026-09-12	0	6	65	투력500M길드구해요	허억15
39926	2026-09-12	0	1	80	11렙길드 [유성] 길드에서 빠르게 한분 모집합니다!!	김고은닮은꼴
39922	2026-09-12	0	0	26	Lv. 10 뭉게뭉게 길드 친목 싫어하는 길드원 분들 모십니다	달구네
39920	2026-09-12	0	0	11	Lv.7 [떡상기원] 길드원 구해용	힘을내요
39919	2026-09-12	1	0	69	총투 60G 길드에서 길드원 모집합니다!	길드장
39918	2026-09-12	0	0	23	■ 쩜상 길드에서 함께 키워나가실 분을 모십니다	크로커스
39905	2026-09-12	0	0	31	❤특공대👍 10렙길드 가입받아요 (27/29)	양주쿠키
39903	2026-09-12	0	1	48	길드원 모집해요	그망
39900	2026-09-12	0	0	62	☺️쿠키바사사삭 길드원 모집해요!🩷	효으이
39894	2026-09-12	0	1	114	소통 잘되는 in100 길드 구합니다.	뭉탱이로한탕하고싶은
39893	2026-09-12	0	9	91	레벨11 길드 &lt;빌런&gt; 길드원 2명 구합니다~~!	매일
39889	2026-09-12	1	0	52	11렙 &lt;신라&gt;길드 길드원 2분 구합니다!	쿠키쳐먹기달인
39882	2026-09-12	0	0	19	개구리왕국 자유가입 	라떼롱
39874	2026-09-12	0	9	156	12레벨 HERMES 라스트 한분	HERMES캡틴
39864	2026-09-12	0	0	6	🎬 [영화추천] 길드원 모집중 | Lv.10 | 자유가입 | 전투력 제한 없음	영화추천
39863	2026-09-12	0	0	26	티백 길드원 구해용	홍짜
39860	2026-09-12	0	4	77	길드! 구합니다! (2명)	기수
39855	2026-09-12	0	1	63	11렙길드 [유성] 길드에서 빠르게 2분 모집합니다!!	김고은닮은꼴
39854	2026-09-12	0	0	20	Lv.10 오소리의세계 길드 궁금하지 않아?	봄날의햇살v
39846	2026-09-11	0	1	77	길드레벨 8~10사이 합병이나 길드 들어오실분 있으실까요?	고민지
39833	2026-09-11	0	0	17	Lv.9 원츄 길드원 구합니다~ 오픈톡 필수	츄츄2
39827	2026-09-11	0	5	163	13렙 퍼스트 길드 모집합니다(마감)	꾸끼런
39820	2026-09-11	0	0	83	Sing 상위권 지향 길드원 모집 합니다.	넥스터
39817	2026-09-11	0	2	67	LV11 [뿌삐] 길드원 모집 중입니다! (28/30)	려화
39808	2026-09-11	0	0	130	'밤낮' 12렙 길드 길드원 2명 모집합니다!	나닛이
39800	2026-09-11	0	0	55	그룹 1위 개구리왕국 오세요	라떼롱
39798	2026-09-11	0	0	5	LV8.자유로운 길드 '할머니의쿠키상자'	빛랑
39788	2026-09-11	0	0	16	10렙 길드 길드원 모십니다	단건안돼
39781	2026-09-11	0	0	26	동글뱅이 자유가입 아무나오세요	국키
39780	2026-09-11	0	3	115	총투력 1.752G 길드 구합니다	ㅇㅏㄹㅣ
39775	2026-09-11	0	0	12	퐁실팡실(10Lv) 길드모집	보라버섯
39774	2026-09-11	1	4	152	2030썸남썸녀 길드원 1명 구인	연애쿠키
39773	2026-09-11	0	0	31	*해적왕*Lv.10 길드원모집	흐하하앙
39769	2026-09-11	0	0	19	뚜시뚜시 길드원 모셔요. 전투력 제한, 과금제한 없습니다.	김뚜시
39761	2026-09-11	0	0	28	🎬 [영화추천] 길드원 모집중 | Lv.10 | 자유가입 | 전투력 제한 없음	영화추천
39759	2026-09-11	0	0	61	​​[IN30 / Lv13] '판도라' 길드에서 길드원을 모집합니다! (마감)	씨엠
39750	2026-09-11	0	13	144	IN 75/ 총투력 73G REDJAM 길원 모집중	띨랏
39747	2026-09-11	0	0	46	[lv11 켄지] 길드원 모집합니다~	포치2
39741	2026-09-11	0	0	33	Lv 9 설탕창고 길드에서 같이 성장하실 길원분들을 모집합니다~	설탕창고
39740	2026-09-11	0	0	10	코코후에서 길드원 모집합니다	조림의왕
39735	2026-09-11	1	2	116	(구인 완) 11렙 &lt;설화&gt;에서 꾸준하게 오래 겜하실분 구합니다!	설화길마
39723	2026-09-11	0	0	99	lv 11길드 냠냠냠에서 길드원을 모집합니다! (현재 길드원 7명 토벌전 엘마 5)	에헤라이디아
39720	2026-09-11	0	0	9	자유길드 [나야] 꾸준히 하실분 편하게 들어오세요~	이일오
39719	2026-09-11	0	0	7	Lv9 [비앤피명가] 길드원 구해요~	반재
39718	2026-09-11	1	2	37	총투력 537M 길드 들어갑니다	오투v
39717	2026-09-11	0	18	385	lv13, 길드연구 12-1  [데자와좋아단] 모집마감	데자와
39712	2026-09-11	0	4	143	[카리나 길드원 모집] 총투력 1.3G↑ · 길드 Lv.13 · 함께 오래 즐기실 분 구합니다! (1명)	카리나길드
39709	2026-09-11	0	0	25	[lv11 켄지] 길드원 모집합니다~	포치2
39707	2026-09-11	2	0	34	10렙 Water 길드에서 길드원 모집합니다	해님
39705	2026-09-11	0	1	22	❤️‍🔥LV.4 [이세카이이든]❤️‍🔥 길원모집🥰	도화린
39700	2026-09-11	0	1	120	길드렙12(곧13)천지창조길원모집	송정동패밀리
39698	2026-09-11	0	0	24	🔥🔥LV.10 [산딸기] 길드원 모집🔥🔥(27/29)	shyoo8248
39697	2026-09-11	0	0	91	4EVER 길드 모집 (길드 레벨 13)	sselrats
39694	2026-09-11	1	0	46	11레벨 뚠따리 길드에서 길드원 모집합니다 ! !	종려
39692	2026-09-11	0	12	138	내일 LV.13 아이들 길드원 모집 합니다	세링
39691	2026-09-11	0	0	120	👑 곧 14렙 길드 "품격" 마지막 한 분 모집 중 / 조건 필독 / IN10 유지 👑	나의군주
39685	2026-09-11	0	0	17	해적왕 에서 길드원 모집중!!	흐하하앙
39683	2026-09-11	1	1	143	운전 중이라 성의없는 길원모집	연애쿠키
39681	2026-09-11	0	2	85	후발섭 뉴비 길드	dmstjr5528
39676	2026-09-11	0	0	9	“양민” 10 렙 길드 길드원 모집	고모드리
39675	2026-09-11	0	0	17	■ 쩜상 길드에서 함께 키워나가실 분을 모십니다	크로커스
39670	2026-09-11	0	0	15	Lv.7 부스러기용병단 길드원 모집합니다! (0/4)	밀크푸딩
39667	2026-09-11	0	0	40	길드원구해요	엔드에요
39664	2026-09-11	0	0	76	[Lv.12/옾챗X] 길드 "작열" 10명 모집합니다	행운의수달
39663	2026-09-11	0	0	83	👑 곧 14렙 길드 "품격" 마지막 한 분 모집 중 / 조건 필독 / IN10 유지 👑	나의군주
39659	2026-09-11	0	0	15	★ 포항시 ★ 길드원 모집합니다. 단톡방 있구, 오셔서 함께 재밌게 게임해요!♥	PH Gentleman
39656	2026-09-11	0	0	18	Lv. 10 [하이바] 길드로 모십니다.	이바이바
39647	2026-09-11	0	1	105	[회사탈출] 길드 레벨 13레벨 길드원 모집	화가잔뜩나는뱃살
39645	2026-09-11	0	0	47	레벨 11 따스하리 길드에서 길드원 2명 모집합니다(0/2)	스테비아노바쿠키
39639	2026-09-11	0	2	51	총투 850 12렙길드 구해요	ㅇㅁㅂ
39637	2026-09-11	0	0	86	👑 곧 14렙 길드 "품격" 마지막 한 분 모집 중 / 조건 필독 / IN10 유지 👑	나의군주
39627	2026-09-11	0	0	35	[Lv11 켄지] 길드원  모집합니다~	포치2
39626	2026-09-11	0	0	19	■ 쩜상 길드에서 함께 키워나가실 분을 모십니다	크로커스
39621	2026-09-11	0	0	57	11렙 무소과금길드 "쿠키 베이커리" 길드원 모집합니다.	홋떡맛쿠키
39620	2026-09-11	0	0	43	🌊 Lv. 11 퐁당 길드원 2명 모집 🌊	퐁당
39619	2026-09-11	0	0	8	8렙 정또도가스파 길원 모집합니다 	째애옹
39618	2026-09-11	0	0	13	10렙 길드인 GDXWEB 에서 길드원 모집합니다! 10자리 남았습니당	비유명
39616	2026-09-11	0	0	91	13렙 리치로드 길드에서 1분 구합니다 ! ( 마감 )	구글
39614	2026-09-11	0	5	62	LV12 [바삭] 길드에서 라이트하게 즐기실 한 분 모십니다!	바삭
39613	2026-09-11	0	0	3	Lv5. StarkIndustries 길드원 모집 / 즐겜유저환영	illllllllli
39610	2026-09-11	0	0	59	Lv13길드원 모집	초보길드
39606	2026-09-11	0	0	3	소노예 길드원 구합니다 길드 9렙 편하게 하실분들 오세요	노예
39605	2026-09-11	0	0	36	4EVER 길드 모집 (길드 레벨 13)	sselrats
39602	2026-09-11	0	0	16	Lv.8 "이안" 길드원 모집합니다	딸기쿠키
39600	2026-09-11	0	0	2	[돌팔매] 길원모집 길드 Lv.9 (제한, 친목 없음, 자유로움)3일 이내 접속만 지켜주시면 됩니다	퍼캐
39599	2026-09-11	0	0	21	🐶 Lv.9 길드(곧10!!) "듀가나디" 꾸준히 재밌게 하실 길드원 모집합니다!! (ᐡ-ܫ•ᐡ)	lottt
39597	2026-09-11	0	0	85	[미르] 길드원 모집 / 길드전 전체 6위 / 4명 모집중 많관부	신쿤
39596	2026-09-11	0	0	72	Lv.12 길드 "작열" 10명 모집합니다	행운의수달
39594	2026-09-11	0	3	82	LV12 [바삭] 길드에서 라이트하게 즐기실 한 분 구합니다!	바삭
39592	2026-09-11	0	0	9	길드원 모집 &lt; 버니즈아지트 &gt;	강해린사랑해
39589	2026-09-11	0	0	31	Lv.10 &lt;잠꼬대&gt; 길드에서 오랫동안 함께하실 길드원 모집합니다 ! (28/29)	타판
39586	2026-09-11	0	0	68	마감	테드창
39584	2026-09-11	0	0	35	길드원모집합니다.	방치크럼블길마
39583	2026-09-11	0	0	14	[엔도크라운] 방치형 길드원 구합니다	툐뱃
39579	2026-09-11	0	0	17	10렙 GDXWEB 길드원 모집 *10자리 남았습니다.*	비유명
39578	2026-09-11	0	9	117	레벨 11 [레전더리] 길드원 모집!!	마시멜로우
39577	2026-09-11	0	0	7	10렙길드 [산적] 길드원 모집해요	완등
39574	2026-09-11	0	0	20	Lv.10 방치크럼블 길드원구합니다.	방치크럼블길마
39556	2026-09-11	0	0	58	𝐃𝐫𝐚𝐠𝐨𝐧｜길드원 모집	dragon길마
39553	2026-09-11	0	0	19	Lv. 10 뭉게뭉게 길드 친목 없이 게임만 즐기는 길드원 분들 모십니다	달구네
39552	2026-09-11	0	0	5	7렙길드 감자육포 아무나 대 환 영	공
39551	2026-09-11	0	6	138	총투 1.2G 길드 구해요!	Snowball V
39547	2026-09-11	3	4	25	🍏Lv.8 [쿠키아일랜드] 길드원 모집합니다! (무과금, 소과금 유저 대환영!)	소무민
39546	2026-09-11	0	0	5	동글뱅이 길드 자유가입 아무나와주세요	국키
39544	2026-09-11	0	0	2	LV.9 길드 '쿠키박스' 길드원 모집중 (21/28)	AhisCream
39541	2026-09-11	0	0	59	LV11 [출근단] 100M+ 세 분 모십니다.	율이3
39540	2026-09-11	0	0	5	[돌팔매] 길원모집 길드 Lv.9 (제한, 친목 없음, 자유로움)[돌팔매] 길원모집 길드 Lv.9 (제한, 친목 없음, 자유로움)[돌팔매] 길원모집 길드 Lv.9 (제한, 친목 없음, 자유로움)[돌팔매] 길원모집 길드 Lv.9 (제한, 	퍼캐
39537	2026-09-11	0	0	19	신생길드 '작은길드'에서 같이 커지실 길드원님 구합니다!!!	하른
39536	2026-09-11	0	0	11	■ 쩜상 길드에서 함께 키워나가실 분을 모십니다	크로커스
39533	2026-09-11	0	3	63	레벨 11 [레전더리] 길드원 모집합니당!	마시멜로우
39530	2026-09-11	0	0	14	LV7. 오늘도우당탕 길드에서 길드원모집해요🩷  조건 아무것도 없어요 ♡	밤하늘푸른밤
39526	2026-09-11	0	1	108	총투3G길드구해요 내일오전12시가입가능	토카
39521	2026-09-11	0	0	13	Lv10 냐옹 / 완전 자유 가입 길드인데옹	미니꽃
39520	2026-09-11	0	0	33	11렙길드 [권력]길드원모집 자유가입선착순	오
39519	2026-09-11	0	1	30	11렙[유성] 길드에서 빠르게 한분 모집합니다!!	김고은닮은꼴
39512	2026-09-11	0	0	56	Lv.9 [좋은날오겠지] 길마가 사람 못구해와서 내가 옴	기마디
39504	2026-09-11	0	0	7	Lv.8 하링 길드원 모집합니다!!	공논논논
39498	2026-09-11	0	5	75	Lv.10 재해 길드 넘깁니다. 댓글주세요	수호슬
39497	2026-09-11	0	1	84	다음시즌 들어갈 길드 구해요 토벌전50G	뭉찌
39491	2026-09-11	0	7	59	11LV "청주시" 에서 성실한 길드원을 모집합니다~ (26/30)	청주ll용암
39489	2026-09-11	0	0	88	관리 잘 되는 안정형 성인 길드 Lv.12 "카페모카"에서 오래오래 함께 할 길드원 모십니다. (28/30)	김홍딴
39485	2026-09-11	0	9	66	길드 찾아요	김일두
39478	2026-09-11	0	0	28	🔆 레츠끼끼 🔆 길드 같이 키우실 분 구합니다!!	태구
39468	2026-09-11	0	0	61	Lv11길드 냠냠냠에서 길드원을 구합니다 (자리 많아요 편하게 문의 바랍니다)	에헤라이디아
39463	2026-09-11	0	0	97	[마감]LV13 "가을" 길드 길드원 모집합니다 (29/30)	가을쿠키
39458	2026-09-11	0	0	17	신생길드 [생로랑] 모집합니다!	행복해지자구
39457	2026-09-11	0	0	87	Lv.12 [ 비밀 ] 길드에서 함께하실 길드원분들 모십니다.	비밀
39451	2026-09-11	0	0	81	총투 56G 길드에서 길드원 모집합니다!	길드장
39450	2026-09-11	0	1	62	11렙길드 [유성] 길드에서 2분 빠르게 모집합니다!!	김고은닮은꼴
39446	2026-09-11	0	0	24	Lv.9 [도치] 무, 소과금 유저 환영합니다!!	지나가던샐러드
39445	2026-09-11	1	2	95	길원 모집합니다! 12렙길드 입니다! 	수원토박이준
39443	2026-09-11	0	1	21	LV.10 지박령 길드에서 길드원 모집	흥옌남
39442	2026-09-11	0	0	14	Lv.9 “띵콩땅콩” 길드 같이 으쌰으쌰 키우실 분 구해요..(21/28)	은공은공
39435	2026-09-11	0	0	20	Lv.10 [하이바] 길드로 모십니다.	이바이바
39434	2026-09-11	0	0	12	Lv.9 크림소스파스타 길드원 모집합니다 25/28	금잔디명예소방관
39432	2026-09-11	0	0	125	in30 운명 길드원 모집합니다.	전 설
39430	2026-09-11	0	0	30	11랩길드 크렘블즐겜러에서 2분모십니다!	웅웅이이이
39429	2026-09-11	0	0	100	[Lv.12 / 전 토벌전 86위/ 현 토벌전 64위] 이무 길드에서 함께 성장하실 길드원 한분 구합니다. (마감)	TheCross
39427	2026-09-11	0	0	42	🌊 Lv. 11 퐁당 길드원 1명 모집 🌊	퐁당
39426	2026-09-11	1	4	93	Lv11길드 냠냠냠에서 길드원을 구합니다 (자리 많아요 편하게 문의 바랍니다)	에헤라이디아
39422	2026-09-11	0	0	20	[크르렁] 신생 길드! 처음부터 빡세게 같이 키워가실 분 모집 🔥	98낌
39419	2026-09-11	0	3	75	(마감)12렙길드 진동에서 한분 모십니다 	진동구리
39411	2026-09-11	0	0	161	길드 처분합니다	크크넥
39407	2026-09-11	0	0	103	총투 55G 길드에서 길드원 모집합니다!	길드장
39406	2026-09-11	0	6	106	토벌전100위권 길드(길드연구9)	문법
39403	2026-09-11	0	0	13	LV9 크림소스파스타 길드원 모집합니다! 25/28	금잔디명예소방관
39402	2026-09-11	0	0	34	Lv11 샾샾 길드에서 길드원 모집합니다 (25/30)300M이상	ㄷㅍ
39400	2026-09-11	0	0	20	LV8. 정신병동 길드원 모집합니다. 	이노다
39395	2026-09-11	0	0	46	11레벨 뚠따리 길드 길드원 모집합니다 ! (28/30)	종려
39391	2026-09-11	0	0	31	🔥 짱구도 반한 자유 길드 [액션가면] / 기부&토벌 유저 환영!	김쿼카
39389	2026-09-11	0	0	68	🛡️ 12Lv 카페인한스푼 길드원 1분 모집합니다!	뭔디
39388	2026-09-11	0	0	4	Lv.8 할머니의쿠키상자 길드원 모집합니다. 자유길드입니다.	빛랑
39385	2026-09-11	0	0	58	Lv.12 길드 "작열" 10명 모집합니다	행운의수달
39383	2026-09-11	0	0	4	[따따수]("뉴비 환영") 9렙 길드 "따따수" 길원 모집합니다.	뽀미니
39382	2026-09-11	0	0	98	[마감, 대기 받습니다!] [말랑쿠키] 13렙, 길게 섭종까지 가실 1 분 모십니다.	러멍
39376	2026-09-11	0	0	8	LV.9 길드 '쿠키박스' 길드원 모집 합니다 (21/28)	AhisCream
39371	2026-09-11	0	0	10	Lv.9 극의 길드원 모집중!	채멍구
39370	2026-09-11	0	20	182	( 토벌전 in90 )Lv.13 소금노움 길드원 모집 (마감)	리센느54
39362	2026-09-11	0	0	56	Lv13 길드원 모집	초보길드
39361	2026-09-11	0	0	28	Lv.10 [잠꼬대] 길드에서 오랫동안 함께 하실 분 모집합니다! (28/29)	타판
39358	2026-09-11	0	0	78	LV.12 "멍꿀" 에서 소중한 길드원을 모집합니다(1명)	델몬트S007
39354	2026-09-11	0	0	6	[돌팔매] 길원모집 길드 Lv.9 (제한, 친목 없음, 자유로움)	퍼캐
39352	2026-09-11	0	0	90	13레벨 바사삭 길드에서 길드원 충원합니다	안녕12
39351	2026-09-11	2	4	61	■11렙 길드 [쿠키사원증] 에서 신입사원맛 쿠키 모집합니다!■	몽탁탁
39346	2026-09-11	0	0	30	[8렙 길드][토벌전 1위(그룹)] 현다이 길원 모집	협행
39343	2026-09-11	0	0	5	Lv.8(진) '타마마' 길드원 모집중	타마타마
39335	2026-09-11	0	0	8	LV.9 길드 '쿠키박스' 길드원 모집합니다	AhisCream
39334	2026-09-11	0	0	11	LV.9 원츄 길드원 모집합니다- 오픈톡 필수!!	츄츄2
39328	2026-09-11	0	0	19	11렙 길드 길드원구합니다!	웅웅이이이
39326	2026-09-11	0	0	45	Lv.11출근단 길드원 세 분 모십니다.	율이3
39323	2026-09-11	0	1	86	13렙 길드에서 길드원1명 구합니다	왕건
39320	2026-09-11	0	0	64	4EVER 길드 모집 (길드 레벨 13)	sselrats
39319	2026-09-11	0	0	35	●곤충 길드원 모집중● 님 오면 토벌전 1등	jang79677
39310	2026-09-10	0	0	92	Lv.12 [ 비밀 ] 길드에서 함께하실 길드원분들 모십니다.	비밀
39285	2026-09-10	0	1	78	12렙 REDJAM 강력한 길원 모십니다	띨랏
39269	2026-09-10	0	0	9	8렙길드 이펙트스톰 들어오십쇼	jin124312
39265	2026-09-10	0	4	115	[오전] LV 11 길드 "오전" 에서 함께하실 길드원님을 모집합니다! (3자리)	아침
39264	2026-09-10	0	0	51	SIng 상위권 지향 길드원모집 합니다.	넥스터
39260	2026-09-10	0	2	60	11렙길드 총투력 400m이상 구해봅니다	창문
39253	2026-09-10	0	0	40	LV.9 토벌전 그룹내1위! 주먹햄찌단 길원 모집합니다~	새콤달고옴
39251	2026-09-10	0	0	60	Lv11길드 냠냠냠에서 길드원을 구합니다 (자리 많아요 편하게 문의 바랍니다)	에헤라이디아
39250	2026-09-10	0	0	10	Lv.8 '혹시' 길드에서 길드원 모집합니다	민트초코쿠키
39249	2026-09-10	0	0	32	바로 가입 가능한 "방치 크럼블" 클랜 가입하세요!	장사의신
39248	2026-09-10	0	0	150	Lv. 13 사과별 길드원 모집	푸르내
39244	2026-09-10	0	0	25	길드 " 방치크럼블 " 전투력 상관없이 성실한 클랜원분들 모집합니다. 바로 가입가능 승인가입?× 무료바로가입?○	장사의신
39238	2026-09-10	0	0	97	​​[IN30 / Lv13] '판도라' 길드에서 길드원을 모집합니다! (마감)	씨엠
39236	2026-09-10	0	0	40	11랩 [초콜렛] 1명구인	너도밤나무
39233	2026-09-10	0	6	73	[오전] LV 11 길드 "오전" 에서 함께하실 길드원님을 모집합니다! (3자리)	아침
39223	2026-09-10	0	0	10	7Lv 자유길드 '큐큐' 길드원 모집합니다.	큐큐큐큐
39215	2026-09-10	0	0	20	Sing 상위권 지향 길드원모집 합니다.	넥스터
39209	2026-09-10	0	0	12	Lv.9 🎸[락엔롤] 레스고할 길드원 모집 ⭐️ (27/28)	쿠키런 조아요
39208	2026-09-10	0	0	56	11렙 무소과금 길드 "쿠키 베이커리" 길드원 모집합니다.	홋떡맛쿠키
