id	date	likes	comments	views	title	author
46746	2026-09-27	0	2	4	광고 보상 씹힘	kang young
46744	2026-09-27	0	1	10	34-30 투력 좀 봐주실 분 계신가요	차돌김칫국
46742	2026-09-27	0	0	16	아시안게임 보상같은것좀 없어요??	대결이
46741	2026-09-27	0	0	7	궁금해서 여쭤보겠습니다.	junghoon929
46740	2026-09-27	0	0	12	바리공주 아레나 말고도 쓸 데 있나요?	람쥐썬더
46739	2026-09-27	0	0	26	게임운영에 눈돌아가서 쓰는 글	스타드
46733	2026-09-27	0	2	9	14레벨 빵우유길드 길드원 모집합니다	쿠키냠냠냠
46732	2026-09-27	0	1	27	이상하게 약함	스타드
46731	2026-09-27	0	0	9	쿠키런크럼블 디스코드 서버 오픈	CSㅣ승연
46730	2026-09-27	0	5	55	무과금분들 다음 쿠키까지 다야 모으시나요?	Wlqrkffo
46728	2026-09-27	0	0	57	탈출은 지능순	영양만점비둘기
46727	2026-09-27	0	10	63	스테이지 덱 알려주실 수 있나요?	크럼빈
46721	2026-09-27	0	4	25	591m길드구합니다	노찌방구
46719	2026-09-27	0	0	3	친구 초대 교환하실분	퍼킹
46717	2026-09-27	0	1	14	29m 늅이 들어갈만한길드있나요?	부업가능
46716	2026-09-27	7	3	126	고수인 당신도 어쩌면 모를 수도 있는 소소한 팁들	가방은 항상 두개
46712	2026-09-27	0	0	20	덱좀 짜주세요 ㅠ	김꿀꾸루
46710	2026-09-27	0	2	28	232-30 비겁이 덱 조언 부탁드립니다..	반쥭
46706	2026-09-27	0	4	112	투력 확높이는법있나요?	M구릉달
46702	2026-09-27	1	0	98	12만 다이아 써서 감감이가 안 나오노? ㅅㅂ련아	크림이
46701	2026-09-27	4	3	220	추석이라고 이런선물을 주네요	SY윈디
46700	2026-09-27	0	2	72	길토 인250 길드 들어가려면 점수 몇점 정도 돼야함?	전업마법사
46699	2026-09-27	0	1	65	토벌덱 조언 부탁드립니다ㅠ	루민이잉
46698	2026-09-27	0	0	10	13렙고야미 길드에서 길원 모집해요 	사이먼도미닉
46695	2026-09-27	0	0	17	64-30 비겁이 안깨짐	톨지갑
46693	2026-09-27	0	0	22	길드 크르렁에서 초보,고수 아무나 모십니다!!	오덕배
46692	2026-09-27	0	0	29	눈꽃 길원 모집 길연10완 토벌전 100위권	문법
46691	2026-09-27	0	0	62	광장맵 개 지겹다	박살맛쿠키
46684	2026-09-27	0	2	64	석류 질문..	악동팡
46674	2026-09-27	0	2	147	오븐 패치 좀..한번에 2~300개 정도..	엠버
46673	2026-09-27	0	2	122	뽑기 개주작	나는자유당
46672	2026-09-27	0	6	135	[📝여론조사] 다들 스테이지 어디까지 깼나요? 	유나
46671	2026-09-27	0	0	21	친구추가 해요~우리♡	키캄
46670	2026-09-27	0	0	48	경던 너프	사소
46666	2026-09-27	0	0	92	스테이지 바리 손컨 운영법	뿌뿌꾸
46663	2026-09-27	0	1	184	이 게임에 대한 개인적인 의견	chiron97
46662	2026-09-27	0	4	196	슬슬 스테에서 돌격덱 쓰기 힘듦....	dhef9965
46655	2026-09-27	0	4	154	열심히하는유저 찐무과금  노 광제  올이터널 장비셋  옵션안좋아요	Jeg
46654	2026-09-27	0	5	209	Ssr신규는 2주단위 출현아닌가용?	키캄
46653	2026-09-27	12	9	624	경던 안깨진다 하는 사람 들어와보라노	쁘락지
46651	2026-09-27	0	1	115	이거 백그라운드에서 깨지게 해주면 안 되나	이하제
46647	2026-09-27	0	1	97	첫 sr 9성!	베일은탈모
46645	2026-09-27	1	7	338	19강 60번유지 4박살 후기	7섭 친환경물고기
46644	2026-09-27	0	10	514	님들 이거 다 언제써야하는거죠	쿠키크런치빽스치노
46641	2026-09-27	0	2	129	경던 너프타령하지말고 못깨면 소탕을해요..	뽀그미
46640	2026-09-27	0	2	65	장비 프리셋 바꿔도 왜 능력치 적용이 안되나요	종바
46639	2026-09-27	0	1	127	크럼블 카페 특징	박살맛쿠키
46637	2026-09-27	0	7	249	진짜 일일던전 돌면서 스트레스 받아야겠냐?	놋새
46631	2026-09-27	1	1	49	석류 빨대 질문드려요 (뉴비 ㅠㅠ)	휴먼라이트
46629	2026-09-27	0	0	72	경던 진짜 ㅈ같네	개구리S2
46625	2026-09-27	0	1	123	토벌 처음으로!!	훈훈쓰12
46623	2026-09-27	0	1	98	원래 반복보상 하루 10000개 넘어가면 안받아지는거임??	헴찌
46621	2026-09-27	0	7	619	천만원 쓴 계정 플레이트 때문에 접습니다	시티즌
46619	2026-09-27	0	0	46	일던은 좀 쉬워야..	별밤콩나물
46617	2026-09-27	0	3	34	딸기쇼트케이크 길드원 1명 모집 250위권	딸기쇼트케이크길드장
46615	2026-09-27	0	2	112	장비에 능력치 중 중복 이유 아시는 분?	김먕고
46613	2026-09-27	0	2	106	방치형게임으로 포장한 크럼블키우기	오태식이
46611	2026-09-27	0	0	98	장비셋팅,ssr싸게뽑기,토벌전고점빨리보기,공카차단멤버공유	레벅
46610	2026-09-27	1	7	448	반죽 1400만개는 뭐에요?	gggggs
46608	2026-09-27	0	1	113	경던 너프좀 해라 ㅅㅂ	개구리S2
46603	2026-09-27	0	0	19	친추하실분♡맞팔바로감	키캄
46598	2026-09-27	0	4	27	새코달콤 친구 이벤 함께해요	포그니
46597	2026-09-27	24	7	881	요즘 쓰는 스테이지 미는 덱	사계
46594	2026-09-26	0	0	104	진짜 딱 한번만!	Volta
46593	2026-09-26	0	0	41	뉴비 덱 조언 부탁드립니다	Volta
46590	2026-09-26	0	5	318	데브형 이거아닌거같아	눈눈
46588	2026-09-26	0	1	225	호밀덱 ㅅㅂ	쁘락지
46587	2026-09-26	0	1	78	광제유저 220스테이지 도착..	푸죤
46586	2026-09-26	0	3	55	피감0.23 vs 스증0.41 (토론좀)	준이s088
46584	2026-09-26	2	2	232	차원의 이면 도착..!!!	가방은 항상 두개
46583	2026-09-26	0	6	236	달토끼맛 좋나요	Serim
46581	2026-09-26	0	2	49	제발6다시30좀 도와주세요	bagminhyeognamja
46580	2026-09-26	0	4	378	밀키웨이는 이제 아예안쓰이나여?	yuiu
46578	2026-09-26	0	4	155	오븐 33렙 기준 반죽 다 까려면 매일 최소 3시간씩을 켜놔야 되네	팔사삼십육
46576	2026-09-26	2	2	208	바리공주 드디어 얻었습니다 110번 뽑아도 안뜨더니 	나더몰라
46573	2026-09-26	0	5	28	새콤달콤펫 친구초대 코드 공유해요 !	모티v
46572	2026-09-26	6	4	348	경던 관련 징징모드 (!!) 이건 아니지 !!!!!!!!! 	별이꽁
46569	2026-09-26	0	0	67	바리공주 너무 예쁘네요	냐낭이
46568	2026-09-26	1	2	174	스텔라링크작 질문	돌하루팡
46565	2026-09-26	0	11	108	83-30 스치면 죽어요ㅜㅜ	키캄
46563	2026-09-26	0	0	26	결제를 했는데 돈만 빠져나가고 아무것도 안들어왔는데 어디다 문의함?	호키포키댄스
46561	2026-09-26	0	8	140	플레이트 14-&gt;15 연속 10번, 총 16번 실패 실화....	밥씨
46558	2026-09-26	1	1	122	손컨 점점 지쳐간다	오태식이
46556	2026-09-26	0	1	270	바리공주 확률 머임?	오븐맛쿠키
46554	2026-09-26	0	0	63	스테이지 190 인데 명중 830대입니다 장비 뭐고를까요?	벼라늘
46553	2026-09-26	0	0	21	단칼 길드원 모집중	서울 구막
46548	2026-09-26	1	1	76	임플란트 타워 850층 클리어!!	랩소디제이
46547	2026-09-26	0	2	174	토벌 공격력 순서 배치 이유??	발랑세
46546	2026-09-26	0	3	122	요즘들어 주사위 너무 안뜨는데	잠이가솔솔
46541	2026-09-26	0	0	95	15%...	월린
46539	2026-09-26	1	3	202	뽑기 확률이 좀 이상해진거같은데 저만 이런가요..? ㅠㅠ	지두왕국
46538	2026-09-26	0	0	139	아레나 덱 좀 도와주세요...	함냠냠냐냠
46536	2026-09-26	0	0	26	[LV.13 4ever길드] 길드원 모집중	ㅈㄴ
46535	2026-09-26	0	4	163	도와주세요,,급급급급 ㅠㅠ	영이잉
46532	2026-09-26	0	0	30	14렙 길드 DScrumble 1분 모집합니다	전갈1
46531	2026-09-26	1	0	44	석류 버프 적용 질문	개구장이
46530	2026-09-26	1	5	96	43일차)442서버 무과금 플레이 기록	공백
46526	2026-09-26	0	1	69	광제단 픽업쿠키 몇성까지 뽑을까요?	소보루치약
46520	2026-09-26	0	4	113	Wow	마토쿠키
46519	2026-09-26	0	11	203	경험치 던전 조합 추천부탁드립니다ㅠ	HaapyLife
46518	2026-09-26	0	15	1007	바리 5성 찍으려면 얼마 정도 드나요?	요즘못자쿨냥이
46517	2026-09-26	0	3	1171	현재 논란의 바리공주 1성 딜	지니가던시민
46516	2026-09-26	0	0	198	아레나 장비 이 정도면 스탑해둘까요?	사신
46510	2026-09-26	0	2	273	앙!!!!!앙!!!!! 앙.....	도마도마
46509	2026-09-26	0	1	63	전투력질문 입니다 형님들	키캄
46504	2026-09-26	0	1	140	아레나 기준 뭐로 가야하나요?	크럼크림블
46496	2026-09-26	0	0	154	스텔라	마카롱
46490	2026-09-26	0	1	204	아레나 방어덱 한개만 넣어두는 이유가 뭔가요?	댜댜댜
46488	2026-09-26	2	10	939	본인이 얼마나 질렀는지 궁금하면	준이s088
46485	2026-09-26	1	6	178	대깨쿠 군인의 하루 (휴일기준)	비대칭전력
46484	2026-09-26	0	12	300	LA에 있는 축복3뭉게야	장쳰
46483	2026-09-26	0	2	8	새콤달곰 맞교환 댓글남겨주시면 해드릴게요	빙구콘
46481	2026-09-26	1	1	81	축복 요구량 있는표 있는사람	9ray1623
46479	2026-09-26	0	2	20	새콤달곰 맞교환 부탁 드립니다~!	지성00001
46477	2026-09-26	0	5	564	스테 다민사람들 대단..	뽀그미
46474	2026-09-26	0	3	148	무과금 픽업쿠키 5성	크럼블 1일차
46473	2026-09-26	0	25	577	장쳰님 제가 죄송했습니다	뭉게구름맛쿠키
46470	2026-09-26	1	1	149	이거 누적량이 왜 지 맘대로인가요?	아이로스페이스
46469	2026-09-26	1	1	124	축복3뭉게는 인증을 참 좋아해	장쳰
46467	2026-09-26	0	5	209	(후발서버)바리 스테용 덱 조언 부탁드려요.	키캄
46461	2026-09-26	0	5	732	아레나 메타가 바뀐건가요?	다급하게
46458	2026-09-26	0	4	189	4명 입양해주실 고아원 원장님 모십니다	쿠와아아아앙
46454	2026-09-26	0	3	32	뉴비 길드 구해요	세파트
46453	2026-09-26	0	0	17	능력치 볼 수 있는 방법은 없나요?	초왕아호
46449	2026-09-26	0	3	96	축복3뭉개야	장쳰
46448	2026-09-26	0	0	12	13렙 연구 12렙 딸기쇼트케이크 길드원 1명모집중	딸기쇼트케이크길드장
46445	2026-09-26	0	0	36	바리겟또	샹크스
46444	2026-09-26	0	4	87	길드 4명 받아주실 길드있으신가용	정크랫
46443	2026-09-26	0	2	252	레벅이 공략글 지금 다시봤는데ㅋㅋㅋ  	장쳰
46433	2026-09-26	0	2	103	토끼련	와따웅나
46425	2026-09-26	0	5	371	길드장 실수로 위임	쿠와아아아앙
46422	2026-09-26	0	0	22	13렙 고야미 길드에서 길원 모집해요 	사이먼도미닉
46421	2026-09-26	3	7	380	쇳물 수급처 추가, 강화 시스템 완화 당장 못하는 이유 알려준다	뭉게구름맛쿠키
46420	2026-09-26	0	1	116	아레나 무기 스증치피 스증치확 뭐가 더 좋음?	레붕이
46419	2026-09-26	0	3	15	친구초대 교환하실분~	두바이쪼코
46418	2026-09-26	0	1	122	이 게임의 카테고리에서 방치형이란 단어를 빼면 	레벅
46417	2026-09-26	0	5	376	플레이트 확률 조작 맞는 거 같은데?	noji523
46412	2026-09-26	0	8	548	이정도면 어느정도인가요	도미
46411	2026-09-26	0	0	124	17초 꽝	도미
46410	2026-09-26	1	5	305	경험치던전 569 시커 4성이면 절대안깨지네요	우울이응
46408	2026-09-26	0	3	147	닐세워서 말만 안하면 좋게 넘어갈 문제 키우지말죠	밀키유입뉴비
46407	2026-09-26	0	1	116	디씨에 확률조작 언플하다가 글삭튀한놈	치킨쿠키
46406	2026-09-26	0	4	139	스테이지 명중 집중 관련해서 질문 있어요~	rrzㅋ
46404	2026-09-26	0	10	442	ㅋㅋㅋ레벅이 공략글 개처발렸노	장쳰
46402	2026-09-26	0	5	86	본계와 부계정	공백
46400	2026-09-26	0	2	58	60계 시켰는데 큐알코드 보상 받으려는데	묘서유
46399	2026-09-26	0	8	6	친구초대 교환하실분	퍼킹
46394	2026-09-26	0	0	34	100등이내 길드 구해요	cwscws4045
46392	2026-09-26	0	0	20	길드 채팅 질문	호떡이
46386	2026-09-26	0	6	289	쿠뽑확률 진짜 이상한거같은데 저만그래요 ㅡㅡ?	승이주인
46378	2026-09-26	0	0	58	눈꽃 토벌전 진심인분 모심 길연10완	문법
46371	2026-09-26	0	1	145	반죽 까기 노가다	마술피리
46367	2026-09-26	0	7	35	32-20 근처이신분들	차돌김칫국
46361	2026-09-26	1	12	839	플레이트는 과금의 영역이아니라 운입니다	할인쿠폰마스터
46359	2026-09-26	1	0	388	장비셋팅 및 슈가룬ssr싸게 뽑기,토벌전고점빨리보기 등	레벅
46354	2026-09-26	0	3	110	데브 시발아 쇳물패키지좀 팔라노	쁘락지
46350	2026-09-26	2	6	138	추석특집 : 바리공주맛 쿠키 획득!!!!	태양불꽃소년
46349	2026-09-26	0	3	113	장비 높은전투력 나오는 조건이 있을까요?	루시오
46347	2026-09-26	0	2	141	플레이트 아직도 불만이라면 접으라는 애들 웃긴 이유	박살맛쿠키
46344	2026-09-26	0	1	42	길드구합니다!	밥냠
46342	2026-09-26	0	5	223	마카롱 피겨 슈가룬 질문있습니다!! (18일차 쿠린이)	돌하루팡
46340	2026-09-26	0	6	679	아레나 치명저항 vs 체력 뭐가더 좋나요??	ㅇㅅㅇㅇㅁㄹ
46339	2026-09-26	0	2	208	슈가룬 sr로도 만족해야함	수판독서사
46338	2026-09-26	2	17	485	플레이트 아직도 징징거릴거면 그냥 접는게 좋을듯..	뽀그미
46336	2026-09-26	4	28	490	열심히하는유저  스테이지 259-30  비겁한쿠키  찐 무과금덱 플레이    클리어 찐 노광제  겨우 클리어함  명중 집중 좀 버리고 전투력 보정빨인지 운으로 깸요   바리없어요  계정 스펙  스샷 사진도있어요 	Jeg
46331	2026-09-26	1	2	140	이거 확률 몇퍼	줘바리
46330	2026-09-26	0	2	101	토벌 질문 있슴다	반갑습니다ㅇ
46327	2026-09-26	1	0	212	토벌전 덱 조언부탁드려요	말랑말랑모찌
46326	2026-09-26	0	3	94	장비 능력 스테이지에선 적용이 안 되나요?	친환경물고기
46322	2026-09-26	0	0	82	호밀 슈가룬 스가 나오면 버려요??	3363
46308	2026-09-26	0	0	13	추천친구입력 교환하실분	현질절대안해
46307	2026-09-26	0	8	23	새콤달곰 코드 교환하실분 계신가요?	알깨기
46302	2026-09-26	0	0	52	14렙 in25 랭커길드 부스러기단 길드원 모집중	광빵동
46298	2026-09-26	0	0	152	달토끼 픽업에서 바리공주 띄우기	고독한고도리
46294	2026-09-26	5	7	455	도우 열기 확장 플리즈..	서신우
46292	2026-09-26	0	0	76	토벌전 고수님들 질문 있어요.	쿠키워킹
46288	2026-09-26	0	2	273	이거 진 이유좀 알려주실분	흰밥에스팸
46287	2026-09-26	0	0	142	회피덱	노쇳물강화마스터
46285	2026-09-26	0	1	238	1코 감사..! 압도적 감사..!!	연애쿠키
46284	2026-09-26	1	0	272	장비셋팅 및 슈가룬ssr싸게먹는 꿀팁 계속 수정 및 업뎃합니다.	레벅
46282	2026-09-25	0	0	45	추천인 새콤달곰 작업해드립니다	차라이2
46281	2026-09-25	0	6	593	쿠키런 픽업 커터 영구로 30 개씩 주는거 보상 어디감? 5만원 짜리인데 이렇게 몰래 수거하고 마는거임?	이런444
46279	2026-09-25	0	0	106	플레이트 진짜 심한거 같은데	dhef9965
46277	2026-09-25	0	0	198	10뽑 나이쨔!;;;;	레벅
46275	2026-09-25	3	5	583	토벌 좀 더 지나면 풀타임 되겠네요	서신우
46273	2026-09-25	0	1	139	익명의 도전자는 뭔가요??	아비코까레
46264	2026-09-25	0	2	204	레전더리 장비 패키지 투자할 가치 있나요?	카나비
46262	2026-09-25	0	5	182	토벌데미지	지식백
46254	2026-09-25	0	1	150	슈가룬 방어력증폭은 가따버려야하는 옵션인가요??	3363
46253	2026-09-25	2	0	103	야매 코인던전덱 554	쿠키런 조아요
46251	2026-09-25	0	3	306	드디어 바리공주 얻었습니다!!	랩소디제이
46248	2026-09-25	0	3	307	축복 10이상 고래분들 질문	도마도마
46244	2026-09-25	0	1	118	쿠키 레벨 초기화 기능을 이제 알았네요.	랩소디제이
46239	2026-09-25	4	7	572	잘 놀다 갑니다~	적신
46237	2026-09-25	0	1	62	장비 추천해주세요	꾸덕한젤리빈
46234	2026-09-25	0	0	97	권투15%도 클리어는 가능하다	뭔디
46225	2026-09-25	0	0	154	스테이지 너프 이후	응ㅇㅇ
46224	2026-09-25	0	2	60	뉴비 덱 구성 한 번 봐주실 수 있나요!	Tekk
46223	2026-09-25	0	5	345	재밌게 놀다 갑니다	킹즈
46217	2026-09-25	1	3	136	42일차)442서버 무과금 플레이 기록	공백
46215	2026-09-25	0	1	144	점점 일던이 스트레스로 다가온다	데모닉2
46207	2026-09-25	0	0	436	아레나 덱	긍정적인칠면조
46206	2026-09-25	1	3	513	스테이지는 아레나 덱이 가장 잘 밀리는 것 같다	사계
46203	2026-09-25	8	20	1615	토벌전 도와주세요..300배 보고싶습니다	다람G
46197	2026-09-25	3	2	86	채팅에서 이모티콘 쓰는 법	밀크푸딩
46195	2026-09-25	0	5	132	뉴비 스테이지 덱 및 방향성 조언 부탁드립니다..	이닉스껄
46194	2026-09-25	4	3	378	경험치 던전	도미
46193	2026-09-25	0	4	151	이게 다른쪽 세계 딸기맛 쿠키인가요	레몬아
46181	2026-09-25	3	8	1410	와 이건진짜 아레나 어이가 없넼ㅋㅋㅋㅋ	초보캠프억
46180	2026-09-25	1	2	522	바리공주 슈가룬 질문	쿠쿠쿠쿠쿡
46174	2026-09-25	0	4	44	용병단 3레벨 어떻게 찍어요?	다람새
46170	2026-09-25	2	6	970	명절선물 지대로!!!!!	도마도마
46168	2026-09-25	0	0	67	음 역시 플레이트 잣같구만	dhef9965
46163	2026-09-25	118	19	4038	내가 만든 스테이지종결덱인데(수정)	GG213
46156	2026-09-25	2	29	1121	병@신게임 접는다	살몬
46154	2026-09-25	0	0	60	장비 추천좀. 부탁드립니다	닉네임부처
46143	2026-09-25	0	5	86	길드구합니다 12g	나강사끼
46132	2026-09-25	0	3	439	광제만 했는데 뽑기운	감사합니다 ㅎㅎ
46131	2026-09-25	0	6	157	플레이트 강화 확률이 너무 이상한데 저만 그런가요??	제발부탁드립니다
46128	2026-09-25	0	4	48	쿠린이 덱 질문 있어요!	낭져닝
46124	2026-09-25	0	0	175	달토끼 쿠킹덤에선 출시부터 폐기물이었는디	벼라늘
46121	2026-09-25	0	0	80	석류 빨대 누구 줘야하나여?	시계안에토끼
46118	2026-09-25	0	4	115	쿠청년 장비 질문있습니다!	돌하루팡
46113	2026-09-25	0	16	1319	바리공주 진짜 좋은거 맞나요?	Barbarossa
46112	2026-09-25	0	1	173	제발 개발자 월급 박살나길…	엠버
46104	2026-09-25	0	2	72	확률에 대해서 할 말이 많지만	a10sbdbje
46100	2026-09-25	0	10	260	플레이트 확률 공개하라	그으뤠이뜨
46096	2026-09-25	0	0	192	쿠폰	dddd
46092	2026-09-25	2	3	737	볼때마다 어이가없네	도쿄사는훈이
46087	2026-09-25	0	4	135	쿠키 자동사냥 보상	별모양슬라임
46085	2026-09-25	0	1	176	깔끔하게 포기하게 해줬으면 좋겠다 진짜로	한날
46083	2026-09-25	2	8	410	처음으로 10성 달성!!(차장)	파동Padong
46082	2026-09-25	0	3	96	프리셋 세팅법 알려주세요	난나난나난나난
46079	2026-09-25	0	2	181	시골촌장 1T기념	불꽃남자
46078	2026-09-25	0	2	267	달토끼 10성 달말	폭주젤리1
46076	2026-09-25	3	2	260	와 대박이네..	이온유
46075	2026-09-25	1	3	395	박살때문에 접는 과금유저보다 유저들이랑 기싸움하는게 더 중요한 뚱카롱들 ㅋㅋ 접습니다	살몬
46070	2026-09-25	0	2	552	쿠폰 떴네용	dddd
46061	2026-09-25	0	1	72	장비는 뭐 하나같이 쓰레기만 뜨네	루시오
46059	2026-09-25	0	1	88	크럼블 허브 질문	꾸덕한젤리빈
46058	2026-09-25	0	7	281	오븐50번 깨면  크탈10개 주는거	이치로
46054	2026-09-25	0	0	76	이번 핫타임 패키지 효율 좋은거 있나요?	조밍
46050	2026-09-25	0	0	51	복귀유저인데 덱 추천 부탁드리겠습니다	chhhs
46049	2026-09-25	0	0	58	뉴비 질문	파랑새a1
46043	2026-09-25	0	4	91	길드 구합니다	석이입니다
46042	2026-09-25	1	0	20	13렙 고야미 길드에서 길원 모집해여 	사이먼도미닉
46039	2026-09-25	1	6	300	스테이지 덱 한번만 봐주시면 감사하겠습니당	끼뺘뺫
46036	2026-09-25	0	0	16	뉴비 덱 도와주세요	박채영
46034	2026-09-25	0	6	140	리세관련 질문	닉다막혔네
46033	2026-09-25	0	3	191	저만 스테이지 깨기 어려운가요?(늅)	정호랭이
46029	2026-09-25	0	1	127	스테무기 바꾸면 7m오르는데 바꿀까요	레붕이
46027	2026-09-25	0	5	53	도대체 보스스테이지에 잡몹이 왜 나오는 거죠	류으으
46024	2026-09-25	1	0	117	극성 극악 공격성강한 유저들만 차단하면 카페가 정리가된답니다. 차단멤버 공유	레벅
46021	2026-09-25	1	0	296	스텔라 7 별자리 100퍼 	xxcosmos
46019	2026-09-25	3	7	941	열심히하는유저입니다 전투력 1G 68m 429k 달성  찐 무과금 노광제 스테이지덱 방치2일차  쿨민  막힘  	Jeg
46018	2026-09-25	0	2	162	토벌전 아레나 장비 20m차이나면 가속 스증포기하는게 좋은가요?	VOICE길원모집
46014	2026-09-25	0	0	43	🍁🍁추석을 맞이하여 화합 길드가 드리는 말씀🍁🍁	화합
46006	2026-09-25	0	1	340	아레나 전투력 30만 차이 승리	크리스탈맛쿠키
46003	2026-09-25	1	1	181	진호정 길드, 과연 최후의 1인은?	스지드
45992	2026-09-25	0	4	860	나중에 TSSR 쿠키 재판매 될까요??	우든더스트
45990	2026-09-25	0	0	95	168스테이후로 스테보상 90퍼이상 급감합니다	이치로
45984	2026-09-25	0	1	161	고수 형님들 스테이지 덱 조언 부탁드립니다	네베
45980	2026-09-25	0	0	249	아.. 혹시 접고 싶으신분?	치맥킹존맛
45979	2026-09-25	1	0	248	요 조합 은근 괜찮네?	수판독서사
45977	2026-09-25	0	1	100	장비 ㅊㅊ	꾸덕한젤리빈
45975	2026-09-25	0	1	160	아레나덱 질문좀여 ㅠ	누깅
45973	2026-09-25	0	2	337	슈가룬 세팅 어떻게 해요?	llovn
45970	2026-09-25	0	2	157	딸기쇼케이크채용에대해	2본
45967	2026-09-25	4	13	1283	다들 위치베리 요즘 안쓰나요?	지구인
45966	2026-09-25	0	0	215	크럼블 던전 기록용★	쫑비
45960	2026-09-25	0	2	227	현시점 이정도면 살아남을수 있나요..?	V OCALIST
45956	2026-09-25	27	22	2782	토벌덱 이게 최선일까요??	쫑비
45953	2026-09-24	0	30	1038	속사포님(게임닉네임이 Bishop인가) 상위랭커들은 다 님처럼해여??	레벅
45952	2026-09-24	0	3	506	극심한 쇳물부족현상에 시달리고 있습니다	박살맛쿠키
45945	2026-09-24	0	4	102	열정페이 적용기준 질문 드립니다. 	기회는그립이좋다
45944	2026-09-24	3	5	652	확실히 카페 분위기 좋아졌네	신쿤
45942	2026-09-24	0	0	81	쿠허브 첨 써보는데	조럥이떡
45933	2026-09-24	0	0	113	장비 ㅊㅊ	꾸덕한젤리빈
45931	2026-09-24	1	3	492	제1별자리 100%	고독한고도리
45928	2026-09-24	0	2	366	달토끼 8성 정도만 찍고 넘어갈까요?	왜옴
45925	2026-09-24	0	4	275	아레나 장비 질문드립니다.	미초네
45924	2026-09-24	0	2	74	일일던전 질문 있어용	둘리가둘리해
45918	2026-09-24	0	6	595	근데 tssr 첫 30뽑은 무조건 나와요?	키엘레리
45912	2026-09-24	0	7	921	고수분들 아레나 덱 추천 부탁드립니다	힝구힝
45911	2026-09-24	0	0	170	토벌전 오토 메크로 이제 다 막힌거 맞음??	음음음
45910	2026-09-24	0	0	73	장비강화 순서 추천해주세요!	ㅇㅅㅇㅇㅁㄹ
45909	2026-09-24	0	0	716	장비 셋팅 및 슈가룬 꿀팁 장비로 이제 그만 손해보시길	레벅
45908	2026-09-24	0	5	197	토벌전 이야기하실때	블랙맘바
45904	2026-09-24	0	4	405	토벌 장비 스증 스가 vs 치확 스가	옥스퍼드
45903	2026-09-24	0	2	238	우유한테 열정페이쓰는 이유가	모미찌
45901	2026-09-24	0	1	226	와 아직도 이런 곳을 안 오신 분이 계신거에요??아이구....	Volta
45893	2026-09-24	0	2	60	길드구합니다	아이옹
45890	2026-09-24	19	4	990	경험치던전 오토덱 	뿌뿌꾸
45889	2026-09-24	0	1	323	시커 5성인데 슈가룬 스가? 스증?	ㅇㄴㅇㄴㅇㅇㄴㄴ
45885	2026-09-24	1	10	497	차원이면 도착	속사포
45878	2026-09-24	0	2	147	길드전 도와주세요!!ㅠㅠ	에스프레소사랑해
45876	2026-09-24	0	3	144	41일차)442서버 무과금 플레이 기록	공백
45873	2026-09-24	0	6	388	아레나쿠폰 언제다쓰지	Areumaku
45872	2026-09-24	0	1	88	플레이트 강화 질문이요	yo디제뽕디스빠뤼
45866	2026-09-24	0	2	187	스텔라	친절한지식인1
45865	2026-09-24	1	2	149	이거 어떻게 하나요ㅠ	손금이
45863	2026-09-24	0	2	91	스테이지덱 조합 추천부탁드립니다 현재 66-30	구지구찌
45862	2026-09-24	0	4	139	총투력 2G에 토벌 46.8G 정도 나오는데 길드 어느정도 갈 수 있나요	가야지
45861	2026-09-24	0	1	291	고수분들 길드 토벌전 덱 부탁드립니다	애싱
45859	2026-09-24	5	13	1398	달토끼 확률 조작 했습니까?	와따웅나
45857	2026-09-24	0	5	579	심심해서 짜본 바리공주 스테이지덱	나인
45854	2026-09-24	0	3	74	크럼블허브에 명중 집중 밑에 스킬 적용 확율 어디서 확인하나요ㅠㅠ	6017
45850	2026-09-24	0	0	156	오늘 유난히 차단된 공격성강한 아저씨들이 글을 많이쓰네요 차단멤버 공유해드립니다.	레벅
45848	2026-09-24	0	0	91	와글 아레나 100~300단위 서버로 묶어주면 안되남	스팸마니아
45846	2026-09-24	0	2	254	이온맛쿠키 슈가룬	wysga
45838	2026-09-24	0	1	148	T쓰알 다음달 출시 포지션	키캄
45836	2026-09-24	2	2	248	던전 너프 해달란 징징이들아	장쳰
45832	2026-09-24	0	1	98	이거 스킬가속 계산 따로하는 건가요?	해로
45831	2026-09-24	1	14	1257	던전 이제는 오토 아예 불가능이네	에스님
45830	2026-09-24	0	0	32	안녕하세욘 :)	곰300000
45829	2026-09-24	0	2	109	레전더리 장비패키지	폭주젤리1
45826	2026-09-24	0	4	37	총투 2.3G 길드 구합니다	해산물에돈놈
45823	2026-09-24	5	9	994	아레나 장비메타에 대한 고찰	팬더맛쿠키
45822	2026-09-24	0	1	460	바리공주 쓸만한가요??ㅠㅠ	새끼쿼카
45817	2026-09-24	0	2	241	아레나 1,2,3등이 점수 똑같이	쿠끼런끄럼블
45814	2026-09-24	0	1	155	내 시골섭 1등 태국인이 계속 비틱한다.	dhef9965
45813	2026-09-24	0	7	271	안녕하십니까 고수님들! 혹시 심심하시면 조언 부탁드립니다	아쿠아단 쫄병
45807	2026-09-24	0	4	748	토벌 딜량 빨간약	전업마법사
45805	2026-09-24	1	2	97	차라리 새로운 보스를 내주세요	한날
45801	2026-09-24	1	1	308	죽을때까지 평생사도 1개도 업글못할거같은상품	HAL0
45800	2026-09-24	0	2	332	바리공주 이거 버프가 공순이 아니네	에스님
45799	2026-09-24	0	0	71	스테덱 추천 좀 해주세요	Barbarossa
45796	2026-09-24	4	4	771	시커 드론 5개~6개 소환하려면 슈가룬 스가 몇정도 맞춰야하나요?	두식몬
45794	2026-09-24	0	5	167	안좋은 쿠키 새로나오면 살꺼임?	아무
45792	2026-09-24	2	0	233	와레나 맛있다	잠이가솔솔
45790	2026-09-24	2	5	1001	바리공주 스테이지 덱은없나요?	인천불량감자
45789	2026-09-24	0	4	103	장비 뭐 챙길까요??	맹호 백지헌
45788	2026-09-24	0	0	127	군바리 3명 어서오고	옥돌
45780	2026-09-24	0	2	144	뉴비 토벌전 질문	폭주젤리1
45778	2026-09-24	0	30	588	박살은 왜 안없애는거임?	살몬
45777	2026-09-24	0	3	142	뭉게구름 이제와서 착한척하지마라	치킨쿠키
45774	2026-09-24	0	3	183	적당히 기다리면서 즐길 수 있는 게임같아요.	허브솥단지
45772	2026-09-24	0	1	130	슈가룬이 왜케 부족하죠	수판독서사
45771	2026-09-24	0	0	46	반죽 500개씩 까도록 해줫으면 좋겠다,,	후뤼아
45761	2026-09-24	1	6	553	쿠키 레벨 1로 하는 이유는 뭔가요?	냥냥어퍼
45760	2026-09-24	0	4	805	달토끼가 명량이 상위호환인가	흐에엥
45747	2026-09-24	9	18	1733	이 글 보시고 떠날사람은 떠나셨으면 합니다.	가방은 항상 두개
45746	2026-09-24	0	2	96	바리공듀 살만한가유	ffanyourself
45745	2026-09-24	22	4	1085	토벌전 이렇게 하는게 맞나요?	rrzㅋ
45742	2026-09-24	0	4	235	토벌전 브시커 잠수패치했나요?	쿠키워킹
45737	2026-09-24	0	2	65	크크크 치킨 이벤트	별모양슬라임
45734	2026-09-24	0	5	104	고급쿠키뽑기 확률	joooon0
45731	2026-09-24	0	1	151	1섭 명문길드 진호정. 응원합니다.	스지드
45730	2026-09-24	0	2	67	단단한보물상자 29개 퀘로 보상 받았는데 가방에는 10개로 줄어서 받음	소다왕9
45728	2026-09-24	0	5	382	축복3따리 뭉게구름맛쿠키	장쳰
45727	2026-09-24	0	3	118	딴건 모르겠고 반죽 오픈 개수만 좀 어케해줬으면	쁘락지
45726	2026-09-24	0	4	109	불쾌하지만 소소한 재미	UDT76
45719	2026-09-24	0	8	223	축복3따리 뭉게구름맛쿠키 	장쳰
45714	2026-09-24	0	2	724	바리공주 토벌에 쓸까요??	옹심
45710	2026-09-24	0	3	154	(질문) 슈가룬 같은등급이어도 수치 다른현상	깜찍한연어
45708	2026-09-24	0	0	121	표기를 참 야무지해	역전
45707	2026-09-24	2	2	121	장비 ㅊㅊ	꾸덕한젤리빈
45706	2026-09-24	0	5	221	바리 720뽑 3성인데 잘 뜬건가요	Barbarossa
45704	2026-09-24	0	2	280	바리 5성찍으려면 현질 얼마정도해야함??	레붕이
45703	2026-09-24	0	15	398	일던 개편 요구하는 사람들의 사고방식이 궁금합니다	젠틀한드럼통
45701	2026-09-24	4	4	303	추석특집 : 달토끼맛 쿠키 획득!!!!	태양불꽃소년
45698	2026-09-24	3	7	213	100레벨 우선으로 찍을 쿠키 추천 부탁합니다	랩소디제이
45694	2026-09-24	0	1	86	장비강화 대박!	삼송스
45692	2026-09-24	0	6	59	장비 질문있습니다	leaf25
45689	2026-09-24	0	5	112	투력이1g 에서 멈췄어요	Mmaaa
45688	2026-09-24	0	2	129	전투력차이가 왤케날까요? 레벨같은데 ㅠㅠ	쇼피할89
45685	2026-09-24	0	2	65	장비 ㅊㅊ	꾸덕한젤리빈
45683	2026-09-24	0	0	15	새콤달곰 펫 같이 얻으실분 	Lzzz
45682	2026-09-24	1	4	135	아레나 장비 추천뷰탁드려요!	ㅇㅅㅇㅇㅁㄹ
45680	2026-09-24	0	5	74	혹시 초보인데…어떤식으로 팀구성을해야할까요..	쿠키런어린이
45677	2026-09-24	0	0	70	앙바리공주 2개	이앙긴
45676	2026-09-24	0	5	127	와글와글 아레나 패스 어디서 구매하시는지 아시는 분	용감한쿠키
45675	2026-09-24	1	0	25	길드원 모집합니다!	Frictions
45674	2026-09-24	2	2	81	둘중 어느쪽 먹어야하나요??	명이나물
45672	2026-09-24	1	11	590	슈가룬12만개 그리고 반죽3.8M을 이용해서 아레나 회피덱을 만들어봤다.	레벅
45670	2026-09-24	0	1	162	안녕하세요 비틱입니다.	jaeminCyz
45669	2026-09-24	0	1	200	재화 왜이렇게 안모이나 했더니만	루시오
45667	2026-09-24	0	1	134	바리 5성하려묜 얼마정도 들까요	뭉이
45662	2026-09-24	0	0	66	도오ㅓ주헤요!!	쿨키키런런
45661	2026-09-24	0	4	208	쟁탈전 기다리는 이유가 뭔가요?	묘서유
45660	2026-09-24	0	0	32	쟁탈전 문의여	키캄
45658	2026-09-24	0	4	180	슈가룬에서 회피는 안쓰이나요? 공략보면 피감 체력 저항만 있어서	룰루형님
45657	2026-09-24	0	4	289	과금	꾸덕한젤리빈
45656	2026-09-24	0	1	82	와글와글 아레나  방어기록포인트왜안주죠	다사라
45652	2026-09-24	0	1	129	추석 잘 보내려면 던전 개편 하고 가자	라이스쿠키
45650	2026-09-24	1	2	108	즐추 보내시고 기받아가세요	반쥭
45644	2026-09-24	2	0	443	반죽던전 공략 공유합니다	응백
45641	2026-09-24	0	3	182	168스테이지 이후 스테이지 보상	lliilililliliill
45640	2026-09-24	0	2	376	언제 다까죠....	마술피리
45639	2026-09-24	1	1	99	장비 골라주세요	크리스마스
45637	2026-09-24	0	2	151	반죽 열면 크탈 10개씩 주는 미션 사라진 건가요?	야과
45636	2026-09-24	2	6	823	마일리지 상점 보통 머사요?	F예비군공
45635	2026-09-24	0	0	140	아레나 덱 아무나 추천해주실 분 ㅜㅜ ㅜ	시온
45634	2026-09-24	0	0	199	경험치 던전  500스테이지 이후 수동컨 공략	응백
45633	2026-09-24	0	4	148	반죽 까는데 크리스탈 안주는걸로 바낌??	응ㅇㅇ
45631	2026-09-24	0	1	251	와글아레나 셋팅이..	쿠키워킹
45630	2026-09-24	0	13	1025	찐 무과금 노광제  스테이지 근황   반죽 카페 노광제 안계시나여  스테이지덱 사진 올렸어요 제가 쓰는덱입니다  전갈사용해요  반죽 드디어0개입니다	Jeg
45628	2026-09-24	1	3	1209	경험치 던전 패치됨?	도덕킹
45622	2026-09-24	0	0	10	할리우드 길드 모집	addk1230
45618	2026-09-24	0	1	126	반죽 많이 주는거 좋아요	속사포
45616	2026-09-24	0	2	97	이제 곧 오븐렙 29 되는데	천안ll햄리
45615	2026-09-24	0	3	182	장비질문 드려요!	타마타마
45609	2026-09-24	0	0	129	3240뽑 6성	RyH3
45606	2026-09-24	3	16	657	강화플레이트 확률 조작아닌가요? ㅡㅡ	달챠
45602	2026-09-24	0	1	75	와글와글상점 질문좀요	Huebl
45600	2026-09-24	0	0	37	누가 제일 좋나요..	딸기먹자
45593	2026-09-24	0	2	182	오븐 다이아 없어짐??	Pilee
45592	2026-09-24	0	1	189	광고 참 웃기게 하시네	박살맛쿠키
45591	2026-09-24	0	3	71	명중률같은 스탯 어디서 보나요?	진찐
45590	2026-09-24	0	0	92	토벌 프리셋은 뭐로 맞춰??	레붕이
45588	2026-09-24	0	0	81	쿠키 투력 올리는게 이게 전부인가요??	코코2
45587	2026-09-24	1	0	268	아레나 장비 집중 ??	성주니즘쿠키
45584	2026-09-24	0	1	230	우유 10성찍었는데 슈가 10만개 있는데	레붕이
45581	2026-09-24	1	3	647	시작부터 즐거운 한가위	lIllllllllllllIlIIIl
45579	2026-09-24	0	2	216	어떤 던전 재화가 중요도 1등인가요?	어추어누큐
45578	2026-09-24	0	1	229	와글와글 아레나 상점에서 입장권 사야되나요???	어추어누큐
45574	2026-09-24	1	1	321	오 한가위 아침부터 기분좋은...!	쭈영법사
45569	2026-09-23	0	1	595	패키지 장비 공격력 버그급인데 이거 ㄷㄷㄷ	오데마
45566	2026-09-23	0	2	471	바리공주뽑 30회 첫트	아이스아메리카노2
45564	2026-09-23	0	1	214	쿠폰안준다고 징징대는애들은 도대체 뭐임??	레벅
45562	2026-09-23	0	1	146	고속반죽굽기가 절실해용	라면걸
45559	2026-09-23	0	0	89	마일리지 고급선물상자	제제1233
45558	2026-09-23	0	1	203	장비를 뽑아도 투력이 더이상 안올라요...	두쫀쿠키
45557	2026-09-23	0	0	38	그....	익명 K
45555	2026-09-23	0	0	107	?	우주정복자
45554	2026-09-23	0	3	467	근데 반죽 쓰면 크리스탈주는거	야르렁렁
45552	2026-09-23	1	5	296	프리셋적용되요?	Taijiguy
45551	2026-09-23	0	3	198	명중 집중 질문좀요	Huebl
45550	2026-09-23	0	1	334	아레나 장비세팅 알려주실 고수분들 부탁드려여	애싱
45549	2026-09-23	0	1	234	스테이지 장비 이거 바꿔야하나요??	아이로스페이스
45548	2026-09-23	13	4	623	코인 연구석 덱	이터리고
45547	2026-09-23	9	11	1278	[기록?]꼴찌이던 우유,딸크 많이묵은날 그리고 요즘쓰는덱~.~(스테용,바리읎슴)	도마도마
45545	2026-09-23	0	1	256	쌋..ㄷ	apah14753
45539	2026-09-23	0	0	130	기받았습니다	HNAGANOM
45537	2026-09-23	0	4	1044	광고제거만 산 무소과금 시커,방랑자 5성 달성🔥	아이로스페이스
45533	2026-09-23	0	1	375	현재 최고스테이지 몇인가요?	옥루
45532	2026-09-23	0	1	156	S430서버 돌파력 794단계면 빠른편인가요	류으으
45531	2026-09-23	1	2	210	기 받아가세요	청룡
45530	2026-09-23	1	2	498	소과금 와글와글 아레나 덱 알려주실분 ㅜ	안녕하데져
45528	2026-09-23	1	3	954	반죽 던전 개꿀팁 드립니다	Barbarossa
45527	2026-09-23	0	5	383	반죽 녹일때 다이아주던거	출출
45523	2026-09-23	0	1	254	아레나 장비덱 추천해주세요	밥무
45522	2026-09-23	0	0	33	레벨업,,,	말랑말랑모찌
45521	2026-09-23	0	0	62	in30 랭커길드 부스러기단 길드원 모집중	광빵동
45517	2026-09-23	0	0	268	반죽 던전은 또 왜이러는데? 패치하고나서 개 븜신됐네	냐챨
45516	2026-09-23	0	2	385	스토리 아레나 덱 추천해주세요	wysga
45515	2026-09-23	1	0	329	달토끼맛 쿠키 10성	CSㅣ승연
45513	2026-09-23	0	0	378	경험치 던전 잠수함패치한건 입꾹닫고 있네 양심없는것들이 ㅋㅋ	냐챨
45511	2026-09-23	2	2	308	어제 6펑의 힘	악림
45509	2026-09-23	0	2	649	달토끼 룬	작은용병2
45504	2026-09-23	0	8	676	 현상태에서 무과금 스테이지덱 어떻게 해야 최고의 조합인가요	묘서유
45503	2026-09-23	0	10	478	프리셋 버그터진거임? 이거뭐죠	VOICE길원모집
45501	2026-09-23	1	2	166	힐량 차이가 너무 크게 나는데 왜 그럴까요?	류으으
45498	2026-09-23	2	6	1724	아레나 바리공주 미쳤나봐요	레몬LemoN
45497	2026-09-23	0	2	141	무과금 뉴비 덱좀 짜주새요ㅠㅠ	몽구
45494	2026-09-23	1	3	1083	달토끼 5성 이상 투자할만한가요?!	무식한쿠키
45489	2026-09-23	0	0	131	스테이지 장비 부옵 질문	yo디제뽕디스빠뤼
45488	2026-09-23	1	1	282	업뎃 후 모든 보스 접해본 후기	팔사삼십육
45485	2026-09-23	1	11	619	스테덱 추천좀요 형님들	용버억
45483	2026-09-23	0	1	80	오븐 세팅 오류?질문	라루
45481	2026-09-23	0	3	420	아 진짜 1개만 나오라고	HNAGANOM
45479	2026-09-23	0	0	163	감감술래 좋은가요?	자이언트뽀삐
45478	2026-09-23	0	0	186	바리공쥬	아니 이건 아니잖아
45476	2026-09-23	0	4	230	40일차)442서버 무과금 플레이 기록	공백
45475	2026-09-23	0	1	258	슈가룬 돌릴까요	하치
45465	2026-09-23	0	3	87	마일리지 류 기간 지나면 리셋되나용?	짱구야 놀자
45464	2026-09-23	0	3	124	갤스토어 수요일페이벡 이벤트 참여했는데 왜 안되는거에여?	주혀니
45462	2026-09-23	0	2	279	오늘 패치 어떤 것 같나요	Gaudium
45456	2026-09-23	0	2	200	198스테 막혔는데 혹시 명중탓일까요?	전업마법사
45452	2026-09-23	0	0	87	쇳물 패키지 제발	입대한학생
45449	2026-09-23	0	0	330	달토끼맛 쿠키 9성	CSㅣ승연
45447	2026-09-23	1	3	340	과금 스페셜패스? 이거 어떤거같아요 효율이	3363
45443	2026-09-23	0	4	303	현질 관련 질문	꾸덕한젤리빈
45440	2026-09-23	0	1	333	달토끼 슈가 추천 부탁드립니다!!	토나와리
45439	2026-09-23	1	1	343	와레나로 느낀점 뒷서버도 상당히 강하다;;	젠틀한드럼통
45438	2026-09-23	2	2	411	쿠키 뽑기 1만 개	MK
45436	2026-09-23	0	4	940	이제 돈 안써도 5성 가능할까요?	용팔
45434	2026-09-23	2	1	227	와레나 불만들이 많았지만	보루1
45430	2026-09-23	0	1	351	바리공주 2마리	으휴라
45428	2026-09-23	0	2	103	이거 오류인가요??	달삶
45425	2026-09-23	1	2	174	익명의 도전자	매생이
45421	2026-09-23	0	1	105	도와주세요 ㅠ) 구글 플레이 게임즈 결제	skskpw1
45420	2026-09-23	0	3	323	와레나 상점에서 마일리지로 열쇠 살수있네요.	한갑
45415	2026-09-23	1	0	179	원스토어 쿠폰 같이 받아요!	212233
45414	2026-09-23	0	2	363	50% 쿠폰 떴네요	dddd
45408	2026-09-23	2	6	456	금욕 2주차	포포리
45406	2026-09-23	0	1	232	님들 펫 얼마나 뽑으심??	라라라라
45405	2026-09-23	0	2	133	반죽까면 다이아	18기 일어과 이현송
45403	2026-09-23	2	8	1307	달토끼 위치 추천좀 부탁드립니다 (스테이지)	ws9401
45402	2026-09-23	0	1	440	스테이지 완화가 아닌거같아요;;	라면걸
45401	2026-09-23	0	4	130	보석 픽업뽑기에 쓰는게 낫나요 고급뽑기에 쓰는게 낫나요??	WDWUNE1
45400	2026-09-23	0	7	249	장비선택좀 도와주세요~~	크하른
45394	2026-09-23	0	1	380	이거 코인 다쓰면 전투력 얼마나 오르려나	9ray1623
45391	2026-09-23	0	2	1131	오븐방랑자가 떡상한 이유	지은
45389	2026-09-23	0	0	42	(질문) 허브에서 스킬 적용 확률에는 뭘 넣어야 하나요?	역보관
45387	2026-09-23	1	3	583	와글 아레나 뒷섭 고래들 많네	데모닉2
45385	2026-09-23	0	1	320	완화된 스테이지가 아닌 계속막히던 60번대 스테이지에서 달토끼넣으니깐 쭉쭉밀리네요...	개쳐
45384	2026-09-23	0	2	163	장비 뭐고를까유	s0xl1xxn
45383	2026-09-23	4	5	3464	바리공주 써보는데	신비한쿠키사전
45379	2026-09-23	1	2	507	감감술래 놀이 달토끼맛 쿠키 확률 이거 맞아?	과일세트
45378	2026-09-23	0	1	386	스테이지 갑자기 개쉬운데 이유가있나요	계란말이삶아먹기
45377	2026-09-23	0	4	397	현재 유일한 크럼블 할인쿠폰 정보입니다 총5장 내용ㄱㄱ	할인쿠폰마스터
45376	2026-09-23	0	6	243	플레이트 강화 이거 확률 조사해야 될듯 ㅋ	까올
45375	2026-09-23	1	5	820	진짜 플레이트 강화가 개박은이유	재훈
45373	2026-09-23	0	0	163	바리공주 고성 써보신분 계신가요	두식몬
45372	2026-09-23	0	0	299	확률 ㅈ같이 낮춰놨네 ㅋㅋ	뽀그미
45371	2026-09-23	0	0	102	색동저고리 펫 15성시 능력치좀 알려주세요	코코리따
45370	2026-09-23	0	6	466	스테이지 너무 쉽네 하..	이터널슈가쿠키임
45369	2026-09-23	0	0	181	일일 던전이 이제 안깨지네요..	만보만만보
45365	2026-09-23	3	2	534	장비 아레나랑 토벌이랑 어떻게 차이를 둬야하나요?	매원
45363	2026-09-23	0	1	776	감달토끼 쓸만하나요?	배고파맛쿠키
45360	2026-09-23	1	2	697	너무 순해졌는데;;;;	한갑
45358	2026-09-23	0	0	176	크럼블 허브 스테이지 투력컷 바로 업뎃 됐네	팔사삼십육
45353	2026-09-23	0	0	156	크럼블탈출은지능순	Noyes
45352	2026-09-23	0	0	128	일단 마수걸었네요	쭈영법사
45350	2026-09-23	1	4	428	신규 탱커 뽑기	네오탁이
45346	2026-09-23	0	0	371	와글 티켓 마일리지 지리네	보루1
45343	2026-09-23	0	3	405	아레나 복붙이라고 억까하더니	젠틀한드럼통
45342	2026-09-23	0	4	525	스테 난이도 너프 레전드긴 하네요	Barbarossa
45341	2026-09-23	0	1	159	플레이트 터진거 소급적용 보상  오늘 들어오는거 아닌가요??	delicious
45334	2026-09-23	1	1	169	쇳물 패키지 어디갔어~~	밀크흑당버블티
45333	2026-09-23	0	2	479	와글와글 아레나에 이건 뭔가요?	촉촉한쿠키
45332	2026-09-23	1	2	684	고수님들 신규 펫 어떤가요?	지우갱
45331	2026-09-23	0	3	81	서버는 어떻게 보는 건가요?	조럥이떡
45330	2026-09-23	0	2	322	와펜은.....머야	포포
45329	2026-09-23	0	1	161	쿠폰 받아가세요 30% (갤스전용)	쿠키카레
45326	2026-09-23	2	0	169	스테이지 패치는 잘했네	보루1
45320	2026-09-23	0	10	225	이벤트없이 복붙업데이트 하고이게끝임?	영양만점비둘기
45319	2026-09-23	0	2	756	달토끼 좋나여	졍이
45317	2026-09-23	0	0	2	동글뱅이 길드 자유가입	국키
45315	2026-09-23	0	0	287	SSR 쿠키 마일리지화.....	마술피리
45309	2026-09-23	2	2	361	기 받아가세여	지나가던사과
45307	2026-09-23	0	10	1177	나 오늘 죽나..	머핀이
45305	2026-09-23	0	0	96	형들 질문!!	음음응
45303	2026-09-23	0	0	227	비겁한쿠키는 이제 비겁하지않다	뭔디
45302	2026-09-23	0	0	22	13렙 고야미 길드에서 길원 모집해요 	사이먼도미닉
45300	2026-09-23	0	0	14	길드원 2분 구해요 길렙 내일13렙	노뱅님
45295	2026-09-23	0	0	19	곧 12렙 길드에서 길드원 한분 구합니다!	뿌뿌꾸
45294	2026-09-23	0	0	101	갤럭시 스토어 쿠폰	29564831264532321482
45293	2026-09-23	0	7	138	현질 할인받고하는방법있나요	눈눈
45290	2026-09-23	2	6	1242	달토끼 슈가룬 어떻게들 하고있나요?	개쳐
45289	2026-09-23	0	1	113	쇳물패키지+반죽 갯수 패치 필요	크럼블즈
45288	2026-09-23	1	7	401	경험치 던전...	랩소디제이
45285	2026-09-23	0	0	33	크럼블허브 안맞는뎅 보는곳 따로 있나요 패치후	3363
45283	2026-09-23	0	1	619	바리공주 슈가룬 옵션	키캄
45281	2026-09-23	0	4	242	명중 집중 수치0인데 오류인가요?	이슬람 마카체프
45278	2026-09-23	0	0	51	크럼블허브 패치 안된거같은데 권장투력 어디서 봐요	3363
45276	2026-09-23	1	8	805	호구호구야..	레몬LemoN
45274	2026-09-23	0	5	895	바리공주 안나온다 = 정상	냐챨
45273	2026-09-23	0	2	165	저번시즌의 불행이 이번시즌에...	asnak
45272	2026-09-23	0	2	190	근데 신쿠키 이름	야르렁렁
45270	2026-09-23	0	1	296	pc버전이 나왔지만	레벅
45269	2026-09-23	0	1	152	아레나용 장비 추천좀 해주세요	닉네임부처
45266	2026-09-23	0	0	399	와레나 떡벽 체감 레전드네요	Barbarossa
45265	2026-09-23	4	0	339	일단 바로다가 9성 찍었네요.	자연경의무공
45264	2026-09-23	0	4	472	제 아레나 갑자기 왜 약해진거죠..?	쭈영법사
45261	2026-09-23	0	0	376	픽뽑 620 고뽑 10500 크탈픽뽑 80만개 결과	레벅
45260	2026-09-23	0	0	67	플레이트 강화 보상	숲트리머
45259	2026-09-23	0	0	188	스테덱 이렇게 끼고 있는데 유지하면 될까요?	noje1999
45258	2026-09-23	0	3	128	겔럭시스토어는 쿠폰 안되고 원스토어 쿠폰만 오늘까지 사용가능요	3363
45256	2026-09-23	0	1	339	고뽑 7000장뽑아서 TSSR	블루캣독
45250	2026-09-23	0	2	452	스텔라 10개로 95	은솔
45246	2026-09-23	0	2	455	회피덱 떡상	노쇳물강화마스터
45243	2026-09-23	0	0	428	바리맛이랑 달토끼 후기 어떠신가요?	금수미앙
45242	2026-09-23	0	2	842	달토끼	유도리12
45239	2026-09-23	0	13	854	바리공주 너무 안 나오네요..	쫑비
45238	2026-09-23	0	1	201	보스 쿨민 토네이도 안도는데	릴지은
45237	2026-09-23	0	4	304	쿨링민트맛 쿠키 사용,,,	심심할때합니다
45235	2026-09-23	0	5	244	플레이트 확률 맞냐이거?	쓰리고앤피박
45230	2026-09-23	0	0	100	아레나 플레이트랑 스테이지 플레이트	yangyang3156
45229	2026-09-23	0	0	232	덱구성	IDM
45228	2026-09-23	0	1	149	장비 질문!!	흐우우
45223	2026-09-23	1	4	352	TSSR 몇마리당 한마리 나옴?	잠이가솔솔
45219	2026-09-23	0	4	61	총투 4.1G 길드구합니다 소과금러	조영빈
45216	2026-09-23	0	7	400	레전더리 장비 패키지	양도녁
45215	2026-09-23	0	2	281	업뎃 후 명중, 집중 어디서 보나요?	촉촉한쿠키
45212	2026-09-23	2	0	65	추석인데 쿠폰좀 시원하게 뿌려주세ㅐ요	비니피그
45206	2026-09-23	0	0	62	3연속 하락 뭔데	HIG52
45200	2026-09-23	0	1	26	(완료)길드 구합니다~	캐무
45199	2026-09-23	0	0	47	호밀 룬 옵션 뭐 드나요	푸죤
45198	2026-09-23	2	0	367	바리공주님을 뵙습니다	레몬LemoN
45197	2026-09-23	1	4	1851	바리공주 개사기 입니다...	류으으
45195	2026-09-23	0	0	56	플레이트 강화 확률까라	두부좋아해
45192	2026-09-23	0	0	171	이번 아레나 실험할게 너무많다	레벅
45191	2026-09-23	0	6	477	커터 10000개 결과	경기도민
45190	2026-09-23	0	3	275	쿠키 레벨업 시스템 개선한게 더불편..	하율
45188	2026-09-23	0	0	282	뽑기 결과	꾸덕한젤리빈
45187	2026-09-23	0	3	368	야 프리셋에 껴놓은 장비도 옮기게 해줘야지	라라라라
45184	2026-09-23	0	0	95	크럼블 가능한 추천코드 쓰고 쿠폰 받아가세용	하데스
45182	2026-09-23	0	3	216	원스토어 반값쿠폰 ㄱㄱ 패스지르기좋음	miamor
45181	2026-09-23	0	3	884	떡새끼 확률 머냐?	추억
45180	2026-09-23	1	6	187	크럼블사용가능 할인쿠폰 직접써보고 공유합니다	할인쿠폰마스터
45179	2026-09-23	0	2	453	비틱할게요	skyekek6m
45177	2026-09-23	0	0	87	쿠폰	꾸덕한젤리빈
45171	2026-09-23	0	0	83	이제 핵 전멸임?	이치로
45170	2026-09-23	1	0	294	선택상자 신캐포함시켜주넴	HNAGANOM
45169	2026-09-23	0	1	363	축복10 찍은 선물인건가	류으으
45168	2026-09-23	3	0	87	게임 아이콘 바꾼거 너무 맘에 든다	귀욤귀욤탱글탱글
45167	2026-09-23	0	0	106	피겨 슈가룬	말랑말랑모찌
45164	2026-09-23	0	0	337	토끼 일단 5성 찍었고요	수판독서사
45163	2026-09-23	0	0	83	갤럭시 쿠폰 ㄱㄱ	우잉우이잉
45161	2026-09-23	0	0	304	무한바퀴?? 너가 왜 거기서 나와?	싸이버거
45154	2026-09-23	0	3	202	난 멀었다	냐낭이
45153	2026-09-23	0	10	1228	8천뽑 결과	HNAGANOM
45151	2026-09-23	0	0	243	연장점검해라	로닌
45150	2026-09-23	0	3	91	오븐클릭안됨....	필살기
45149	2026-09-23	0	0	336	난이도 하향 체감	흐우우
45148	2026-09-23	0	0	428	스테이지 난이도 떡하락	무명
45147	2026-09-23	0	0	204	20강 있는사람 있음?	꿀구마
45145	2026-09-23	0	2	107	30% 낚이지 말고 진짜 5천할인 쿠폰 받아가세용	아리송이래송
45138	2026-09-23	1	0	74	문열렸음	뚱이아
45137	2026-09-23	0	0	67	30퍼 쿠폰 받아가셔유	새롭게해봐요
45133	2026-09-23	0	0	35	갤스쿠폰 초대 수락하고 쿠폰 받아가세요~!	bonokiller
45132	2026-09-23	0	2	380	ㅋㅋ 이걸 다 해줬다고 표현하는구나	do
45131	2026-09-23	0	0	23	문열어라	뚱이아
45129	2026-09-23	1	1	290	갤스 이벤트 모두 10성찍으세요	빤쓰담
45125	2026-09-23	0	1	251	쿠오스랑 크럼블은 어차피 결과가 같다.	다들너무흥분돼있어
45124	2026-09-23	1	4	572	오늘 12시5분에 추가된 수정사항이 뭔가요??	레벅
45123	2026-09-23	0	3	289	갤스30프로 이벤트 바리공주 10성고고	중고매이아
45121	2026-09-23	0	0	86	얼른 업뎃 완료되면 좋겠다	연보라ㅣ
45120	2026-09-23	0	0	155	기안장 시즌2가 나왔네요	로블
45116	2026-09-23	2	10	883	억까는 그만하는게..	UDT76
45114	2026-09-23	3	1	1040	아레나 메타가 다 바뀌려는 건가	사계
45112	2026-09-23	0	0	336	쿠폰 크럼블에서 사용 못해요 ㅋㅋ	ㅡ겨울ㅡ
45109	2026-09-23	1	0	199	막스테기준 권투력 36퍼 감소정도면	쁘락지
45107	2026-09-23	0	2	278	갤스 쿠폰 크럼블은 대상아님 그만 올려	파묵
45082	2026-09-23	0	4	791	와글와글은 좀...서버 스타트 기간이 다른데ㅡㅡ	키캄
45076	2026-09-23	0	0	69	데브 크럼블 원툴 전략이 필요한듯? 풀더빙을 킹덤말고 여기에 하는게 어때?	광광이
45075	2026-09-23	1	1	143	카페가	줘바리
45015	2026-09-23	0	0	113	갤스 30% 쿠폰 대상게임 아니라 못쓰네	리센느54
45012	2026-09-23	0	6	207	다이아 사용처	세파트
45004	2026-09-23	0	2	494	아이콘 짜친다	박살맛쿠키
44989	2026-09-23	0	0	111	쇳물 패키지 기대 해도 될려나	공백
44985	2026-09-23	0	0	139	빨리 서버 열어라	줘바리
44974	2026-09-23	0	2	580	무기 15에서 16성공하면 투력얼마오름?	레붕이
44972	2026-09-23	0	5	961	#크럼블 사용가능#[50%30%15%할인쿠폰]오늘까지 발급가능 패치 후 상점에서 손해보지마세요	할인쿠폰마스터
44971	2026-09-23	1	6	1119	갤럭시 쿠폰 이벤트 열렸음	202동2203호 HJ파더
44968	2026-09-23	0	2	189	갤럭시 쿠폰 나눔 하네요 받아가세요~	종사자
44945	2026-09-23	1	21	2225	신쿠키 나오면 또 돈질러야되고 이젠 딴겜 할란다	플레이트 박살 조작
44944	2026-09-23	0	0	411	이거 받아가요 선착인듯요 ㄱㄱ	로건00
44940	2026-09-23	0	2	217	가속권 질문	Huebl
44939	2026-09-23	2	6	1849	크럼블이야 말로 이 쿠키가 재등장하기 좋은듯	박살맛쿠키
44937	2026-09-23	0	5	1074	14일차 늅늅이 도파민 중독되기 전	음음응
44931	2026-09-23	1	30	1134	(고민 해결) 형님들 아레나 종료 전 다 돌려서 점수 올리는 게 더 좋나요?	쿠아아이나
44930	2026-09-23	0	2	419	과금 할인쿠폰100%지급 패치후에 할인받아 결제하세요	자유를원합니다
44928	2026-09-23	0	2	711	난이도 하향전 35% 최소투력 온몸비틀기 등반 마침표	뭔디
44916	2026-09-23	2	3	665	오븐 갯수까는것도 늘려다오 ㅠ	떡집아이
44911	2026-09-23	0	4	430	과금 할인쿠폰100%발급 패치하고 구매할때 쓰세요	자유를원합니다
44909	2026-09-23	1	6	710	공지보니 의견보고 좀 하는거 같은데	배나온건이
44907	2026-09-23	1	0	419	크크크 2개부족....	진라면순한맛쿠키
44905	2026-09-23	0	0	257	업뎃전 펫 기록용	마술피리
44904	2026-09-23	0	3	410	님들 투력55퍼 넘고안넘고가	차니
44895	2026-09-23	0	23	725	길드 고민이 많습니다..	천방지축어리둥절
44891	2026-09-23	0	1	585	이제 스테이지공략이 필요없겠네	보루1
44888	2026-09-23	0	4	433	이거 어떻게 해야 할까여	가을이나탈까
44884	2026-09-23	1	4	1064	광제 유저인데요 곧	프리뱅뱅
44882	2026-09-23	1	4	164	For today.	막군
44881	2026-09-23	0	2	311	빨리 점검하고 패치끝났으면 좋겠네	박살맛쿠키
44872	2026-09-23	0	8	1137	시커 나락갈려나..	뽀그미
44867	2026-09-23	0	1	179	오늘 패치이후로 징징대면 프로징징이	젠틀한드럼통
44865	2026-09-23	0	13	728	시커 10성이신 분들 과금 어느정도 하셨나요?	매원
44863	2026-09-22	1	8	495	중상위 길드가입 가능할런지	끄잉끄잉
44861	2026-09-22	10	11	1490	재미삼아 끄적여본 브시커 스가	S2 롤대녀
44849	2026-09-22	0	0	119	📌 쿠니버셜 스튜디오 초대권이 날아왔어요!	시원 Siwon
44845	2026-09-22	1	0	14	강요사항x 자유롭고 편안하게 게임하실 길드원 구합니다. '대벼룩'	방달곰
44843	2026-09-22	0	2	205	이거 오른쪽꺼를 장착해야 할까요?	소리
44838	2026-09-22	0	2	481	차단멤버 공유	레벅
44835	2026-09-22	1	8	535	ㅋㅋㅋㅋㅋㅋㅋ 아에?	악림
44833	2026-09-22	0	2	293	일던 슬슬 꽤 빡센데요	Barbarossa
44832	2026-09-22	0	3	222	여러분..경던 추천 공격력이 642인데 팀투가 501이면..소탕하는게 맞나요..?	흐에엥
44828	2026-09-22	0	2	236	일일던전 열쇠 질문	차가운곰도리
44817	2026-09-22	3	3	277	근데 왜 신규로 나올때마다 도감은 안 해주는가	크림이
44816	2026-09-22	0	2	121	단장은 어찌.하나요?	무지한무지
44814	2026-09-22	0	6	555	이거 냅뒀다 나머지 맞춰주고 7퍼작?	심심할때합니다
44805	2026-09-22	1	2	85	궁금한게있어요!	야나기93
44803	2026-09-22	0	4	348	찐무과금 노광제  스테이지 방치1일차  705m367 달성  다들 파이팅  사진은 쿨민에서 막힘요   지금은 비겁한쿠키 한테 막힘요	Jeg
44801	2026-09-22	0	1	171	39일차)442서버 무과금 플레이 기록	공백
44789	2026-09-22	1	1	218	1주일차 뉴비 느낀점	이십다시오
44786	2026-09-22	1	18	233	몇몇의 악성 시비 병50들만 차단하면 카페가 아주 보기 좋습니다.	레벅
44785	2026-09-22	1	0	30	13렙 고야미 길드에서 길드원 모집해요 	사이먼도미닉
44782	2026-09-22	0	2	71	길드 구합니다.	캐무
44780	2026-09-22	0	6	231	토벌땜 마카롱 치즈 슈가룬 공증했는데 아레나에서 엄청 지지않나요? 저는 토벌보단 아레나인데 이거 걍 다 돌려버릴까요	3363
44776	2026-09-22	0	3	295	치즈케이크 치케 치즈 슈가룬 공증 해야할까요 스증해야할까요 토벌땜 공증했는디 아레나에서 쥐어터집니다 ㅠ	3363
44758	2026-09-22	0	2	149	[50%30%15%할인쿠폰5장] 내일 업데이트 이후 사용가능 소진전에 쟁여두세요	자유를원합니다
44753	2026-09-22	1	1	139	업뎃	Duck
44741	2026-09-22	0	2	255	마지막 10뽑이엇는데 4성되따	팔란티어장기보유자
44737	2026-09-22	0	2	381	박살소급보고 강화시도결과	도마도마
44729	2026-09-22	0	1	325	플레이트 강화 순서 추천좀여	센요
44728	2026-09-22	0	1	210	쇳물은 무료로 많이 풀지말고 패키지로 해주세요	치킨쿠키
44727	2026-09-22	0	2	248	근데 추석인데 쿠폰은 없나보네요	마꼬
44724	2026-09-22	1	2	310	우유 슈가룬	준시
44719	2026-09-22	0	1	250	이겜시작하고 첫 업뎃인데	아무거나상관없음
44718	2026-09-22	0	0	139	이 ㅈ 같은 게임은	쿠킹덤에서왔다
44714	2026-09-22	0	0	38	눈꽃 길드연구10렙 토벌 100위권	문법
44706	2026-09-22	0	1	567	바리공주 시너지 구리네...	잠이가솔솔
44703	2026-09-22	0	2	90	50%30%15%할인쿠폰5장 내일 업데이트이후 사용가능 소진전에 쟁여두세요	자유를원합니다
44701	2026-09-22	0	12	1506	아 제이슨아 그래서 너 축복 몇인데 ㅋㅋ	시시
44700	2026-09-22	0	1	125	한 장비에서 박살 여러 번 겪은 경우	펲푸
44687	2026-09-22	0	0	133	갓패치 찬양 ~ ㅅㅅ	뚱92
44685	2026-09-22	2	3	274	크럼블에 없어서 다행인 시스템	천사맛쿠키
44683	2026-09-22	0	7	304	와	펲푸
44682	2026-09-22	2	5	319	이게 아까 내가 쓴 글인데	시시
44677	2026-09-22	2	1	155	크크크 당첨자 중에 해시태그 없는 사람 좀 있네	사계
44676	2026-09-22	0	2	21	XKNXH6074 친구초대 이벤트 맞교환만	태빠
44674	2026-09-22	0	2	168	아니 플레이트 강화 확률	졸ㄷㅣ
44672	2026-09-22	0	8	260	반죽개편하라고	에스님
44666	2026-09-22	0	0	108	크럼블 아이콘 바뀌엇다	지나가는나그네
44664	2026-09-22	0	0	287	돌격형??? 음 솔직히 모르겠음	이터널슈가쿠키임
44658	2026-09-22	5	6	471	스테이지 덱 (248 이후 반자동)	티모찬
44655	2026-09-22	0	6	224	시골서버 사람들 도시서버로 올라갈수있는 템좀	등린이공부중이애요
44653	2026-09-22	2	9	1257	크크크 이벤트 당첨자 이거 맞나?	사계
44649	2026-09-22	4	3	417	15강 이후 강화 결과	서신우
44647	2026-09-22	1	0	116	업뎃 괜찮긴해~	T100 쿠박이
44646	2026-09-22	0	4	168	장패드 감사합니다 잘쓰겟습니당	뚱꼬
44638	2026-09-22	3	1	209	장패드 감사합니다	도미
44636	2026-09-22	13	15	1971	업데이트에 대한 개인적인 생각	도미
44629	2026-09-22	0	2	217	두달동안 편의성 패치만 하고있는거 아님?	용사맛 쿠키
44626	2026-09-22	1	3	226	시커 5성 드디어 완..!	쭈영법사
44625	2026-09-22	0	1	120	자게가 클린해지니 재미가 없다...	다낭옴닉1278
44624	2026-09-22	0	1	64	장비 하락 확률 아무리 생각해도 잘못된거 같은데 유지보다 하락이 더 잘되냐 우째	봉황
44619	2026-09-22	0	0	106	플레이트 확률 말이안되네ㅋㅋ	맛간장
44618	2026-09-22	0	0	143	아레나 장비 둘중 뭐가좋을까요??	ㅇㅅㅇㅇㅁㄹ
44612	2026-09-22	0	0	89	플레이트 박살은 그렇다치고	어늘어늘이
44610	2026-09-22	0	1	129	패치 하루 전에 하는거 좋네용	양동이
44608	2026-09-22	0	3	184	내가 왜 아레나 마감도 안치고 길탈을 했을까...	슬씻
44607	2026-09-22	0	2	341	GM과 짜고 현질유도했다는 유저	마꼬
44604	2026-09-22	3	10	1084	이러면 15강 이상 장비는 오늘 눌러도 되겠네요	서신우
44603	2026-09-22	0	0	146	얘는 어떻게 카페 정지 안먹는거지	천사맛쿠키
44602	2026-09-22	0	3	168	컨텐츠에 왜 이렇게 목 메는건데...	사신
44599	2026-09-22	0	2	140	이번업뎃 만족인데 분탕질하는앤 뭐냐	오태식이
44597	2026-09-22	1	1	230	덱 어떻게 짜는게 베스트에요?	쿠크다스여
44596	2026-09-22	0	0	34	전문 징징이놈들은 확실히 인성도 별로고	치킨쿠키
44595	2026-09-22	0	4	411	바리공주덱 어떤지 봐주세요!	방팔자방
44592	2026-09-22	1	12	1400	본인, 약 200정도 과금한 유저로서 팁드리자면.	다들너무흥분돼있어
44590	2026-09-22	0	3	219	저격) 뭉게구름맛쿠키님. 멀쩡한 사람 영자로 몰아갔으면 사과는 제대로...	다낭옴닉1278
44584	2026-09-22	2	6	52	203-20 도와주세요 ㅠㅠ!!	유기농돌소금
44583	2026-09-22	1	18	1948	무과금 시커 운영자계정아닙니다 인증합니다	가영곰
44581	2026-09-22	0	1	126	님들 도움으로 체콜 7성 찍었음	수판독서사
44580	2026-09-22	0	3	188	30만원쓴 글쓴이 차가운사자	장쳰
44579	2026-09-22	0	2	175	명중 어느정도 하시나요	제철레몬
44578	2026-09-22	0	2	129	퓨바맛쿠키가 있나여?	승수승
44576	2026-09-22	0	0	247	바리공주 미리보기 왜이리 웃김	박살맛쿠키
44573	2026-09-22	1	3	251	보통 이거 언제 쓰나요	로블
44572	2026-09-22	0	2	164	신규쿠키 들개랑 피감 중첩안되겠지 당연히	안산의문의사나이
44569	2026-09-22	0	3	83	168-30에서 막혔네요.	랩소디제이
44568	2026-09-22	1	12	553	내일 오방이랑 공주 성능에 대한 징징글은 이해하지만	치킨쿠키
44566	2026-09-22	0	0	33	슈가룬 프리셋만 추가 하면 될듯	뚱이아
44565	2026-09-22	1	1	116	다른 게임사였으면 찍소리도 못할것들이	베이베
44564	2026-09-22	0	1	65	정상화인가요	Gaudium
44563	2026-09-22	0	5	168	스테 확장하면 이면도 막히나..?	사신
44562	2026-09-22	1	7	209	패치가 맘에 들어 데브 주식 100주 더 샀다	다낭옴닉1278
44560	2026-09-22	0	0	87	와레나 전섭 통합이면 깔개 확정인데 보상 궁금하다	웃꺄
44557	2026-09-22	1	0	125	다시 갓겜 되는 거겠지?!	전업마법사
44556	2026-09-22	2	2	192	정까했던 사람들도 이번 패치는	하데스
44555	2026-09-22	0	4	261	아무리 생각해도 이번 신규 쿠키는...	다낭옴닉1278
44554	2026-09-22	4	3	325	차원에 이면? 징징이 또나오네	장쳰
44553	2026-09-22	1	1	352	일던 난이도 너프는 이거 있어서 안한듯요?	천사맛쿠키
44551	2026-09-22	0	1	249	일일던전 난이도 높다는건 좀	박살맛쿠키
44549	2026-09-22	0	1	115	그래서 낼 11시까지 완료해야 되는거 머임?	전업마법사
44543	2026-09-22	7	9	481	호의가 계속되니 권리인 줄 아네ㅋㅋ	시시
44541	2026-09-22	0	14	844	차원의 이면이 각 스테이지 모두 깨면 아닌가요?	차가운사자
44540	2026-09-22	0	1	232	스테이지 난이도 하향할거면	A2EE
44539	2026-09-22	0	27	626	일일던전 하향 패치는 왜안해줭	쿠키워킹
44538	2026-09-22	0	0	72	박살 복구	뚝뚝뚝
44534	2026-09-22	0	0	76	이또뭔	9ray1623
44530	2026-09-22	1	8	191	유명 징징이 ㅅㄲ들한테도 여론 안좋은 이유	치킨쿠키
44528	2026-09-22	0	0	209	마참내!!!!	도마도마
44527	2026-09-22	0	6	282	박살 복구해준다는게	뉴비비
44526	2026-09-22	0	4	208	아레나 복지혜택 적용 질문	시커즈
44522	2026-09-22	0	5	667	이 게임 히든 쿠키도 있어요?	은하계감자싹
44519	2026-09-22	1	3	77	질문	카스
44518	2026-09-22	0	9	231	님들 본인 서버 몇백대인지하고 아레나 팀투력 알려주실분	호이2
44516	2026-09-22	0	4	120	쟁탈전 한달 더기달려야되네 아오	쁘락지
44515	2026-09-22	4	10	2073	이러는데 확률주작이 아니라고? ㅋ	피넛퓨레
44514	2026-09-22	0	0	101	이번 패치는 나름 잘했네	하데스
44513	2026-09-22	1	0	186	내일 스테이지 미느냐고 다들 바쁠듯	박살맛쿠키
44510	2026-09-22	1	4	366	다들 내일 업뎃 전까지 시커뽑기재화는 다 사용하세요~	레벅
44508	2026-09-22	2	16	1181	스테이지완화	속사포
44507	2026-09-22	0	8	207	이제 소소하게 말나오는 거 뭐있지?	파우파우
44506	2026-09-22	0	2	159	가보자구	구릉이
44504	2026-09-22	2	0	107	패치노트 대로만 나오면 갓패치 반열이지	라이스쿠키
44503	2026-09-22	0	1	131	보상감소는 그대로임?	seongㄹ긵
44502	2026-09-22	0	2	260	내일 아레나마감하고 바로 다 박살내면되는거지?	모오찌2
44500	2026-09-22	4	9	744	그냥 차원의 이면 딱 그거에요	Barbarossa
44499	2026-09-22	2	31	1515	이젠 제발 접어달라는건가	Duckㅏ
44498	2026-09-22	0	2	367	차원의이면 328스테이지 클리어 조건	보루1
44496	2026-09-22	0	2	406	차원의 이면은 모든스테이지 다깨야가능한건가?	잠이가솔솔
44495	2026-09-22	1	6	194	박살 중복 보상 맞나요?	크럼블즈
44493	2026-09-22	0	1	228	방랑자 떡상?	아스트랄
44492	2026-09-22	3	0	76	이제 당분간 카페도 어느정도 정상화가 되겠군요	레벅
44491	2026-09-22	0	3	132	누가 머리 봉합좀 해줘	마지막 잎새
44488	2026-09-22	0	3	71	뚱	노지션
44487	2026-09-22	0	0	138	스테이지 너프 프리셋개선 인정	잠이가솔솔
44486	2026-09-22	0	0	100	내일 패치로 정상화되겠네	박살맛쿠키
44484	2026-09-22	0	0	142	메인스테이지 1~328 하향 패치 굿~	보루1
44483	2026-09-22	1	7	1281	차원의 이면 내가 잘못본거냐? 매인스테 전부 클리어 한사람만 할수있는거라고?	쁘락지
44480	2026-09-22	3	2	169	생각보다 더 만족스러운데	파우파우
44479	2026-09-22	0	3	173	이제부터 플레이트 관련 징징이들 자비없이 팬다	치킨쿠키
44478	2026-09-22	0	6	228	박살 개선 업데이트 관련해서	구로로
44475	2026-09-22	0	10	1407	고급 600개, 엄청난 300개 결과	준시
44474	2026-09-22	1	2	248	접기 전에 박살내고 접은 사람들 복귀 각 잡아준건가	다낭옴닉1278
44473	2026-09-22	0	11	403	손킨 기획에 대핸 설명이 없네?	오태식이
44472	2026-09-22	0	2	130	돈도 안쓰는 애가 겜지킴이 활동은 제일 열심히네	박살맛쿠키
44471	2026-09-22	0	0	222	보따리풀면되나요	준시
44470	2026-09-22	1	5	380	이제 플레이트 개선해줬으니 더이상 박살로 글 안나오겠지?	레벅
44469	2026-09-22	0	1	257	플레이트 업뎃전에 전부 강화해서 날리면 되나요	뽀그미
44457	2026-09-22	0	0	14	딸기쇼트케이크 길드원 1명모집중	딸기쇼트케이크길드장
44454	2026-09-22	0	0	23	13렙 고야미 길드에서 길원 모집해요 	사이먼도미닉
44453	2026-09-22	1	3	215	천사맛쿠키는 진짜 별미다	레벅
44452	2026-09-22	0	4	149	[50%30%15%할인쿠폰][발급은9/23까지] [사용은10/17일까지] 쟁여라도 두세요!!	자유를원합니다
44431	2026-09-22	0	1	150	전섭 아레나	노쇳물강화마스터
44428	2026-09-22	0	2	328	오 다음 TSSR 이쁜데?	배나온건이
44423	2026-09-22	0	2	36	6xx서버 축복6렙 총전투력 777m 길드 구합니다!	쿠키우걱우걱
44418	2026-09-22	1	1	159	저등급 쿠키들	코코아
44408	2026-09-22	0	20	467	와	GODJE
44407	2026-09-22	0	4	183	바이커 그냥 삭제 안될까요	peyz
44405	2026-09-22	1	8	589	진짜 망겜되어버렸네 리젠도 없고 다 접으니 길드원모집뿐	용사맛 쿠키
44398	2026-09-22	0	1	276	아직도???????	Volta
44392	2026-09-22	0	8	520	경던 아레나덱으로 돌리니	라면걸
44389	2026-09-22	0	3	139	쿠키런 고수분들 있나여	수판독서사
44387	2026-09-22	0	2	115	아니 pv영상에 쟁탈전 있었잖아	에스님
44377	2026-09-22	0	6	156	168 이후로는 투력에서 막히네	다낭옴닉1278
44362	2026-09-22	1	4	322	쟁탈전은 아예 나가리 된 거임?	에스님
44354	2026-09-22	0	5	253	손컨기획 철회하라니깐?	오태식이
44348	2026-09-22	0	0	71	아레나 잘하고 싶어요 슈가룬 아이템 등 어떻게 셋팅해야하나요	3363
44344	2026-09-22	2	7	817	내일 패치 제일 무서운 점	박살맛쿠키
44342	2026-09-22	2	2	222	길드전랭킹 추이관련 심심해서 만들어보고있는대	POPOE
44335	2026-09-22	0	5	359	업뎃이후에 시작하는게 나은가요?	김가네쿠키
44329	2026-09-22	0	3	56	뉴비 길드가입하고싶습니다..	누깅
44323	2026-09-21	0	2	195	장비 추천좀 해주세요..	꾸리하냐
44320	2026-09-21	0	1	33	214-20 클리어덱	응백
44310	2026-09-21	1	3	1445	원트에 19강 박살ㅎㅎ	속사포
44309	2026-09-21	0	1	148	오븐29렙부터 누적 보상 제한 생긴 거 원래 있었음?	가야지
44301	2026-09-21	2	4	276	S2 랭킹 	S2 롤대녀
44291	2026-09-21	1	1	46	쓰레기 길드에서 길드원 모집합니다 &lt;&lt;&lt;&lt;&lt;&lt;	윤달달이
44277	2026-09-21	0	4	606	무과금 시커뽑 곧6성 자랑좀 할게요..	가영곰
44273	2026-09-21	0	5	145	[50%30%15%할인쿠폰][발급은9/23까지] [사용은10/17일까지] 쟁여라도 두세요!!	자유를원합니다
44265	2026-09-21	0	2	100	인기멤버 추천 감사합니다 	CSㅣ승연
44263	2026-09-21	1	1	126	노움연구소 도와주세요	유기농돌소금
44259	2026-09-21	0	1	188	슬슬 겜 망하는데 추석기념 랜덤 tssr100마리 5만원정도에 팔아라 가기전에 한탕 하고 가	3363
44257	2026-09-21	0	0	42	길드 보상 질문	sks
44255	2026-09-21	0	2	103	총투 8G, 축복6/ 길드 구합니다	얍빠
44251	2026-09-21	0	0	227	진호정 길드	렁구
44238	2026-09-21	0	3	159	혹시 권장투력은 어디서 보나요??	경기T비니
44237	2026-09-21	0	6	202	38일차)442서버 무과금 플레이 기록	공백
44232	2026-09-21	0	3	171	쿠키런 크럼블 운영은 마치 도도한 여자같음	데브레인저양심없스
44224	2026-09-21	0	1	115	다들 머나온다 하는데 추석이벤트에 대해서는 언급이없네요 ㅠㅠ	개쳐
44222	2026-09-21	10	18	2109	플레이트 박살 진짜 너무하다	전환
44220	2026-09-21	0	0	9	친구 추천 펫을 받고 싶어요~	국방장관
44217	2026-09-21	1	16	734	길드 옮기려고 하는데	리밍
44210	2026-09-21	0	0	8	친구추천코드 입력 해주실분~~	애피타이져
44209	2026-09-21	1	13	881	차단기 교체 작업이후 아파트 전체 화재남	s2day
44202	2026-09-21	0	3	225	지친다	달려라브로
44201	2026-09-21	1	1	183	이직하고 워라밸 떡락 중...	연애쿠키
44200	2026-09-21	1	0	74	스테이지 에피소드 개념으로 가자	사계
44197	2026-09-21	0	0	210	토벌 마무리	도덕킹
44196	2026-09-21	0	0	20	딸기쇼트케이크 길드원 1명모집줄	딸기쇼트케이크길드장
44195	2026-09-21	0	1	70	오	거언회
44186	2026-09-21	0	2	103	도와주세요	제제이야
44177	2026-09-21	0	6	295	장비 선택 질문	에무
44170	2026-09-21	0	4	196	스테 장비 질문...	딱복큘라
44168	2026-09-21	0	2	112	길드 초대 아예 끄는 기능 만들어주시면 안되나요	Barbarossa
44167	2026-09-21	0	1	31	친구 추천 코드 펫을 얻고 싶습니다!!	애피타이져
44161	2026-09-21	1	5	1151	2주 동안 플레이트 패키지도 다 샀는데 ㅋㅋㅋ	qomop
44160	2026-09-21	0	0	134	이런거 뭐 해야되나요	Gor3eous
44157	2026-09-21	1	2	510	킹덤도 난리났네 ㅋㅋ	박살맛쿠키
44151	2026-09-21	0	2	252	쟁탈전이 먼저가 맞다 데브야..	시유라
44150	2026-09-21	0	1	123	직원들 퇴근했어?	암요
44147	2026-09-21	0	3	193	아니 제발 소통 좀 하자니까 또 안 하네	에스님
44146	2026-09-21	1	3	196	진짜 쟁탈전 없는거야? 한 달 더 기다려야해?	에스님
44143	2026-09-21	0	4	337	브라이트시커 슈가룬	장레오최애견주
44142	2026-09-21	0	4	656	ㅋㅋㅋㅋㅋㅋㅋ 진짜 얼탱이가 없네	거언회
44139	2026-09-21	0	0	234	서버통합 아레나 진짜 충격인건 맵도 똑같음	잠이가솔솔
44138	2026-09-21	2	2	185	뭔 컨텐츠가나와도 다똑같아..ㅋ	뽀그미
44136	2026-09-21	0	4	249	쟁탈전 나와도 불만 ㅈㄴ많을듯 ㅋㅋ	보루1
44133	2026-09-21	0	0	106	데브는 양심적으로 와레나 신규 컨텐츠라고 말하지는 말아라	문곰문
44132	2026-09-21	0	2	156	뭐가 나와도 불만..	뽀그미
44129	2026-09-21	2	3	187	쟁탈전 대신 나온거라고 쳐도 전섭아레나 인데 기존 아레나 형태 그대로 복붙임	라이스쿠키
44128	2026-09-21	0	2	73	축복 3&gt;4가는데 몇포인트 필요하나요ㅠㅠ	영덕대게
44126	2026-09-21	0	4	294	얼마나 준비한 게 없으면 섭통 아레나를 벌써 낼까	파우파우
44119	2026-09-21	0	0	138	4주동안 머보고 기다리냐	잠이가솔솔
44114	2026-09-21	0	0	15	딸기쇼트케이크 13렙 길드원 1명모집	딸기쇼트케이크길드장
44113	2026-09-21	0	6	170	플레이트 확률 진짜 ㅋㅋㅋ	합천돼지국밥
44112	2026-09-21	0	2	386	신규 tssr 또 돌격이냐?	멸적
44111	2026-09-21	0	3	177	쟁탈전누르면 준비중이다 팝업있지않았나?	따야한드아ㅠㅠ
44110	2026-09-21	0	1	55	어후....	멸적
44106	2026-09-21	0	2	172	순수하게 궁금한건데 쟁탈전 개발 노선이 좀 바뀐건가	Gaudium
44105	2026-09-21	0	5	362	전섭아레나 갓겜 ㅅㅅㅅ	보루1
44103	2026-09-21	1	4	1421	진호정 길드 탈출하세요 길마 팔고있네요	훈s
44101	2026-09-21	1	2	782	플레이트강화 개쫄리네 ..ㅋ	뽀그미
44099	2026-09-21	0	3	211	공식카페는 길드모집글만 엄청 많은듯	박살맛쿠키
44097	2026-09-21	0	0	101	in30 랭커길드 부스러기단 모집중입니다.	광빵동
44094	2026-09-21	3	5	916	패치보니까 한탕겜인듯 이만 떠나봅니다ㅂ2	곰도리푸
44090	2026-09-21	0	6	192	비겁이 공략다르게해야될까요?	M구릉달
44089	2026-09-21	0	2	1265	확실히 망해가는게 느껴진다.	다들너무흥분돼있어
44088	2026-09-21	0	1	200	딸크 피감 슈가세팅 잘못된거임?	레붕이
44085	2026-09-21	0	2	357	쿠폰받으세요	3363
44084	2026-09-21	0	5	270	이번패치에 쟁탈전 없으면 접을듯	에스님
44075	2026-09-21	0	11	1309	데브 직원 여론조작했다고 실토했네	암요
44069	2026-09-21	0	6	626	데브가 여초집단이라 감도 드럽게 없음	챗지피티
44067	2026-09-21	0	2	293	내일 패치노트 나오는거 맞나요?	유니키
44066	2026-09-21	0	2	151	우유맛 3스택짜리 버프 뭔지 아시는분?	조맹렬
44063	2026-09-21	0	2	116	그마 3 첫 진입 기념	런커
44062	2026-09-21	1	5	296	아레나 장비 추천좀 해주세요	준시
44061	2026-09-21	1	5	784	지금 진짜로 비상인게	쁘락지
44059	2026-09-21	1	2	596	오늘 밤에 업데이트 미리 선공개 해주자	사계
44058	2026-09-21	0	0	27	명상에서 길드원 모집합니다	그리더
44050	2026-09-21	11	6	1524	[정리] 9월 23일(수) 업데이트 안내	토야
44046	2026-09-21	0	0	89	원스토어 50% 할인 쿠폰 받아가세요	촉촉한쿠키
44041	2026-09-21	0	4	380	스테이지 명중 집중	가을이나탈까
44038	2026-09-21	4	5	1088	미리 보는 다음 업데이트	서신우
44036	2026-09-21	1	8	363	쟁탈전 진짜 안내나?	잠이가솔솔
44035	2026-09-21	0	4	141	지금 201스테이지인데 더 이상 자동컨 안되는거 맞나요?	GDGDGG
44034	2026-09-21	0	3	183	혹시 장비 스킬가속 최대치가 얼만지 아시는분~!!	알래시안
44029	2026-09-21	0	11	347	무과금 스텔라 7질문드려요	F예비군공
44027	2026-09-21	1	0	157	얼마나 워라벨을 지키고싶은건지 감도 안오네	데브레인저양심없스
44020	2026-09-21	0	2	207	서버아레나할때 투력 올릴수있는것만주면깔개든 뭐든한다	아무거나상관없음
44016	2026-09-21	0	2	186	쟁탈전 안나오나	Gaudium
44015	2026-09-21	0	0	111	이번추석때 2만 초까지 갤런처 가자!	라이스쿠키
44012	2026-09-21	1	1	392	전서버 아레나 나오네 ㅋㅋㅋ	보루1
44011	2026-09-21	0	1	59	친구야 같이 게임하고 쿠폰 받자^^	보이면작살
44010	2026-09-21	0	2	175	경쟁만 심화시켜서 돈벌겠다 이거야 ㅋ	박살맛쿠키
44008	2026-09-21	5	10	295	여기는 징징이들만 있나?	내가만든쿠끼
44006	2026-09-21	0	1	179	토벌정산중에 길탈하면	날다람쥐12
44002	2026-09-21	5	14	1813	근데 정말 꼬접마려운 시점이 매일 찾아오네	Terra
43995	2026-09-21	4	3	192	마이너스 코인	서신우
43990	2026-09-21	2	4	2570	SSR 달토끼맛 쿠키	뱅국
43986	2026-09-21	0	4	149	[50%30%15%할인쿠폰][발급은9/23까지] [사용은10/17일까지] 쟁여라도 두세요!!	자유를원합니다
43978	2026-09-21	4	5	2436	TSSR 바리공주맛 쿠키	뱅국
43973	2026-09-21	1	13	921	길드 옮기고싶은데	poppy
43971	2026-09-21	0	2	142	노움연구소 질문이용	오짱
43969	2026-09-21	0	3	204	쥐토바이 겜망하는데 큰 일조를 할거임	방국봉
43960	2026-09-21	0	6	1280	피노 슈가룬 왜 스가라고 라는거죠? 지속시간보면 스킬 쿨탐보다 긴데	3363
43958	2026-09-21	2	5	813	간만에 와봤는데 겜 아직 안 망했구나	페퍼로니피자올리브추
43957	2026-09-21	0	1	37	224지역 비쿠 조합 추천좀요	월향
43953	2026-09-21	1	2	234	찐무과금덱 유저  227-30  비겁한쿠키 클리어덱  노광제    축복2렙  용병단 4렙 	Jeg
43948	2026-09-21	0	6	501	새콤달곰에 대하여	벼리쨔
43946	2026-09-21	0	3	126	원스토어 50퍼쿠폰 낼까지	3363
43942	2026-09-21	0	2	265	782M 197.588G	도미
43941	2026-09-21	0	0	102	토벌템 추천 부탁드립니다	왕복이
43940	2026-09-21	0	3	151	쇳물 수급처좀 더 내놔라	개구리S2
43937	2026-09-21	0	2	73	새콤달곰 얻는 방법	벼리쨔
43936	2026-09-21	1	4	821	이거 프로필 어떻게 얻어요??	망멍뭉망
43934	2026-09-21	0	4	323	회피덱 간다	노쇳물강화마스터
43931	2026-09-21	0	1	372	크럼블 망해가는데	gunbbang
43923	2026-09-21	0	0	379	콜라보도 대실패	데브레인저양심없스
43920	2026-09-21	0	2	381	데빌시스터즈 원상복구	s2day
43912	2026-09-21	0	0	37	장비 스텟창 어디서 보나요?	초저녁달
43910	2026-09-21	0	0	102	ㅈㅈㅇㅇ	younggg
43896	2026-09-21	0	10	1304	진짜 장비,슈가룬 이거보고 한 사람있어요?...	속사포
43895	2026-09-21	0	1	162	근데 크럼블 레벨도 성장 요소로 좀 해주면 안됨?	하위욥
43892	2026-09-21	0	0	26	토벌 4연승중 길드원 한분 구해요! 곧13렙길드	노뱅님
43889	2026-09-21	0	3	263	체콜 질문	준시
43888	2026-09-21	0	4	356	별사탕 너무 부족한데 저만 그런가요?	행방
43887	2026-09-21	1	4	274	박살시스템의 본질의 문제점이 뭔지아냐 운영자형?	오태식이
43884	2026-09-21	0	0	120	토벌매크로	도레미
43872	2026-09-21	0	2	153	핵 유저 안잡아요?!	세링
43869	2026-09-21	0	0	221	은근 자동사냥꿀팁	레벅
43868	2026-09-21	0	4	420	명중 장비로 바꿨는데도 명중 수치가 안 올라요	용안
43867	2026-09-21	0	0	115	원스토어 과금시 50%, 30% 쿠폰 할인	고기파이
43865	2026-09-21	0	2	136	장비 둘중에 유니크가 낫나요 ?	그망
43859	2026-09-21	0	1	124	오븐 장비 뽑기 할때 다이아 주는 질문	세뤼
43858	2026-09-21	0	0	18	딸기쇼트케이크 길드원 3명모집 13렙길드	딸기쇼트케이크길드장
43857	2026-09-21	0	4	297	무기 선택좀..ㅜㅜ	탁주한잔10원
43856	2026-09-21	0	9	308	플레이트 개열받네	댕근
43854	2026-09-21	0	0	56	길드 구하시는분들 ! 모십니다 🙇‍♀️	밍잉
43842	2026-09-20	2	5	679	SSR,TSSR 기록용	마술피리
43834	2026-09-20	1	2	215	제가 보건데 이게임은	후륜
43825	2026-09-20	0	3	130	원스토어 반값쿠폰 ㄱㄱ	miamor
43824	2026-09-20	0	1	216	248-30 비겁 클	하위욥
43816	2026-09-20	1	2	273	아레나 스증&gt;치확인거죠???	번번
43813	2026-09-20	0	0	107	시커 3성으로 210배정도 뽑았으니.. 자야지	세링
43805	2026-09-20	2	8	430	플레이트 박살 유지 확률 녹화	플레이트 박살 조작
43796	2026-09-20	0	4	337	tssr 뽑기 구슬 이월되나요?	파랑새a1
43794	2026-09-20	0	4	100	시작한지 6시간차 뉴비입니다… 덱 맞추는거 도와주세요	이민귤
43791	2026-09-20	0	5	112	길드 구합니다	밤고구마맛쿠키
43774	2026-09-20	0	0	366	바리공주 등장?	쓴맛쿠
43772	2026-09-20	0	3	171	37일차)442서버 무과금 플레이 기록	공백
43770	2026-09-20	0	1	52	퀘스트 한번에 받기 오류	주노얌얌
43761	2026-09-20	0	2	185	오늘 시작한 뉴비인데 tssr 명함만 따도 ㄱㅊ?	파랑새a1
43759	2026-09-20	0	0	21	딸기쇼트케이크 13렙 길드 129섭 1위 길드원 2명모집	딸기쇼트케이크길드장
43753	2026-09-20	0	0	24	뉴비 질문	fruitofholys
43750	2026-09-20	0	21	2109	아레나 진짜 이게 맞는건가요?	예령
43745	2026-09-20	0	3	211	반죽 반복퀘도 유저 몰래 잠수패치해놔서	월향
43744	2026-09-20	0	7	1000	아레나 핵 전문가분들 모십니다.	폭주개구리
43739	2026-09-20	2	6	1029	스텔라링크 100	djnsf
43738	2026-09-20	0	2	130	11뽑에 행복	오구
43729	2026-09-20	1	12	1295	원래 이게 정상인가요?	언제나야옹이
43726	2026-09-20	0	2	109	노움 연구소 질문..	딱복큘라
43721	2026-09-20	1	0	77	다좋다치자	비니피그
43715	2026-09-20	0	3	83	이번주는 여기까지 담주 용병단 렙4되고 주말에 밀어야겠다ㅋ	팔란티어장기보유자
43714	2026-09-20	0	0	71	안깨지는 보스 클리어 덱 보니까.	앙요
43709	2026-09-20	1	10	1400	커터 다야 굳었다 대규모업뎃에 사기쿠키내놔라	팔란티어장기보유자
43707	2026-09-20	1	10	245	찐무과금  227-10 쥐토바이  클리어덱  노광제  더있나요 댓좀요	Jeg
43706	2026-09-20	1	4	404	뉴비 질문좀요 ㅠㅠ	사자섬
43705	2026-09-20	0	6	161	오늘 시작한 뉴비인데 픽업 뽑아야댐? 아니면 업데이트 기다렸다가 새로운거 ㄱ?	파랑새a1
43702	2026-09-20	0	0	21	딸기쇼트케이크  13렙 곧 14렙 길드원 1명모집	딸기쇼트케이크길드장
43699	2026-09-20	4	2	468	경험치 던전 막혔을때 쉽게 깨는법 공유합니다	응백
43698	2026-09-20	2	11	644	담주 쟁탈전 안뜨면 유저 다 떠나갈듯하네요	길현아행사그만다녀라
43695	2026-09-20	0	3	131	50%30%15%할인쿠폰 발급9/23까지 사용은10/17일까지 쟁여만 두세요	자유를원합니다
43687	2026-09-20	0	1	182	노쇳물강화	노쇳물강화마스터
43679	2026-09-20	2	3	643	슬슬 재미없긴 하네요	Barbarossa
43677	2026-09-20	0	2	600	장비셋팅 종결 및 슈가룬 꿀팁 / 정보게시판 나눠주길 기원 17일차	레벅
43676	2026-09-20	0	4	158	아레나랑 토벌 석류빨대 누가 받나요	가야지
43675	2026-09-20	0	0	36	11렙 길드 / 연구 9렙 / 토벌 엘마5 길드원 두분 구해요	뿌뿌꾸
43674	2026-09-20	0	2	90	새콤달곰 도와줄실분....	오우리ㅣ
43667	2026-09-20	0	2	101	탐구의 빛은 사라지나요?	키캄
43663	2026-09-20	0	2	115	드디어 용병단 4레벨..!	쫑비
43662	2026-09-20	0	8	326	토벌전 딜량	뿅뿌
43661	2026-09-20	0	5	753	데브 이거 다 할거죠?	Barbarossa
43660	2026-09-20	0	8	312	아레나 저항 어떤가요	번번
43656	2026-09-20	0	6	1042	SSR 랜덤 상자 절대 사지 마세요	Barbarossa
43655	2026-09-20	3	12	928	시커 슈가룬 가속 써야 되나요?	서신우
43652	2026-09-20	0	4	61	톡방 없는 12렙 길드 입니다	자두자두졸려요
43643	2026-09-20	0	0	168	퓨바맛 쿠키 채팅 뜨는거에 속는 분들	Barbarossa
43639	2026-09-20	0	2	110	246-30 쿨민 기록용	하위욥
43625	2026-09-20	0	2	69	쿠블 스킨	아기새44
43619	2026-09-20	0	1	312	언제 다씀??	개주명
43616	2026-09-20	0	0	83	팀투 1G 달성	승 연
43615	2026-09-20	2	3	305	플레이트 진짜 정 떨어진다	사계
43614	2026-09-20	1	3	422	궁금해요~ 이 숫자는 뭐예요?	쉐밀떡
43611	2026-09-20	0	0	212	248 30 비겁이 컷	Barbarossa
43610	2026-09-20	0	0	190	한 1~2년갈것같은데	잠이가솔솔
43604	2026-09-20	1	2	131	5성 7성?? 차이?	으으아방치하자
43601	2026-09-20	0	2	213	토벌전덱 문의	똥맛쿠키
43590	2026-09-20	0	5	116	크럼블패스 구매시 질문있습니다!!	코달리
43587	2026-09-20	0	4	370	아레나 장비 바꿀만 한가요	하위욥
43586	2026-09-20	4	2	1746	다음 신쿠? (실루엣 및 예상)	럼블
43585	2026-09-20	0	0	51	데브여 쿠키별 슈가룬 프리셋을 만들어달라!	레벅
43584	2026-09-20	1	0	19	LV.11 [씬쿠키] 길드 모집!! 1명 남았습니다	이로와
43577	2026-09-20	0	2	135	체콜 임플란트에서 ㄱㅊ나요??	camu
43576	2026-09-20	0	1	147	안보인다더니 꾸역꾸역 글까지 올리구	박살맛쿠키
43575	2026-09-20	0	6	914	크럼블 몇년 예상하나요	Gaudium
43572	2026-09-20	0	1	174	이번 트쓰알 쿠키	누깅
43567	2026-09-20	0	1	115	회-피	노쇳물강화마스터
43564	2026-09-20	1	5	630	젠장 팩맨인가..!	마시멜로우
43563	2026-09-20	0	3	714	명,집이 너무 높은가요?	마술피리
43561	2026-09-20	0	1	255	바리공주가 갑자기 나오네	배고파맛쿠키
43559	2026-09-20	0	1	252	263서버도 301뚫었네?!	속사포
43556	2026-09-20	1	7	405	뉴비 아레나덱 질문요	누깅
43555	2026-09-20	0	2	72	구글 결제 해본사람?? 아직도안되나??	따야한드아ㅠㅠ
43554	2026-09-20	0	0	70	쥐토바이 비겁 = 폐사구간	오태식이
43553	2026-09-20	3	32	838	컷! 징징 끝 ! 고마오요 🙇🏻‍♀️	별이꽁
43552	2026-09-20	0	2	75	요즘 방치는 다운그레이드 있는편아닌가?	잠이가솔솔
43551	2026-09-20	0	2	182	업데이트 당일날까지 발급가능 50%할인쿠폰 미리 쟁여두세요	자유를원합니다
43550	2026-09-20	1	4	126	4일차 뉴비 저점매수 하실분(길드가입)	joooon0
43549	2026-09-20	0	0	217	뭐야 바리공주니 뭐니 하는거 진짜였네	박살맛쿠키
43548	2026-09-20	0	0	552	진짜 다음 신쿠 바리공주구나	Gaudium
43547	2026-09-20	1	3	350	신규 쿠키 실루엣	레비아탄
43546	2026-09-20	5	12	727	역시 갓겜충들이 먼저접음 ㅋㅋ 데브 멍청 갓겜 ~	T100 쿠박이
43545	2026-09-20	0	1	65	내 폰 열받아 터질까봐 스테이지도 못밀겠네	박살맛쿠키
43542	2026-09-20	0	9	479	다음 업뎃 언제인지 나왔나요?	제철레몬
43541	2026-09-20	2	6	671	토벌전 피드백 해주세요	에스프레소사랑해
43540	2026-09-20	1	5	367	데브 크럼블 팀는 뭐하는 거임?	내가만든쿠끼
43539	2026-09-20	0	2	12	친구초대 교환하실분~	큄꾹
43538	2026-09-20	0	11	739	휴 명중 집중컷 어느정도 맞췄네요	반쥭
43535	2026-09-20	0	0	11	155-10 	피논
43530	2026-09-20	0	2	74	기분탓인가	llllIIIllllllIl
43527	2026-09-20	0	4	90	초고강 사용처	미르
43525	2026-09-20	0	2	206	얘는 누군가요	사계
43516	2026-09-20	0	1	185	장비 다 오픈하려면 몇시간 켜놔야하는데	쿠키오토
43515	2026-09-20	0	2	120	방치겜에 다운그레이드 요소 있는게 어이없는거지ㅋㅋ	통모짜쿨냥이
43512	2026-09-20	0	8	518	투력낮은 이터널등급	인트
43509	2026-09-20	0	1	147	아..., 도저히 비겁이 땜에 못해먹겠다..	담배좋아요
43500	2026-09-20	0	11	315	복귀 질문이요	이채영
43496	2026-09-19	0	2	137	쟁탈전... 나와줘	쿠쿠루핑퐁
43494	2026-09-19	1	2	187	장비선택	s0xl1xxn
43492	2026-09-19	0	2	98	뭘 골라야 할까요..?	소리
43490	2026-09-19	1	4	991	다들 목요일 대비 크탈이랑 커터들 얼마나 보관중이세여	레벅
43467	2026-09-19	0	0	48	328까지	슈퍼콘초코
43460	2026-09-19	0	3	128	반복퀘스트 관련(버그?)	asdfghjkl
43459	2026-09-19	0	2	19	친구추천코드 맞교환 하실분 구해요	박숑
43458	2026-09-19	0	1	275	석류 스킬가속 슈가룬 필요없나요?	ㅇㅅㅇㅇㅁㄹ
43448	2026-09-19	0	3	169	크럼블 결제 50%할인 9/23일까지	자유를원합니다
43447	2026-09-19	1	0	113	오늘의 경치 던전도 클리어+.+	도덕킹
43440	2026-09-19	1	5	235	하 또 갈등되네요...	밍규
43437	2026-09-19	0	6	248	토벌전덱 브시커 대체 있나요?	콩떠
43434	2026-09-19	0	2	96	석류 버프 받는 우선순위가 탄속&gt;공격력 맞나요?	명란감자
43428	2026-09-19	1	0	122	36일차)442서버 무과금 플레이 기록	공백
43419	2026-09-19	0	8	214	이온맛 쿠키 룬 고민	뿌뿌꾸
43416	2026-09-19	1	1	352	아레나 장비 이터널도 6스가 감?	팬더맛쿠키
43410	2026-09-19	0	8	574	뭘 골라야 할까요..	푸리린
43408	2026-09-19	0	0	77	📌 쿠니버셜 스튜디오 초대권이 날아왔어요!	시원 Siwon
43404	2026-09-19	10	11	869	경험치 던전 공략법 (491클립)	승 연
43403	2026-09-19	11	0	575	던전 덱 공유	승 연
43401	2026-09-19	0	4	134	장비 선택 plz...	지므듣
43388	2026-09-19	0	0	99	시커5성 따따라리	아이스콘
43385	2026-09-19	0	6	1335	재화 다들 쌓아두시나요?	옥스퍼드
43381	2026-09-19	0	1	206	한번에 받기 오래두면 손해보는게있나요?	개쳐
43377	2026-09-19	1	3	615	검 몰빵	goatjh
43376	2026-09-19	1	17	699	토벌전 컨설팅 부탁드립니다	연애쿠키
43372	2026-09-19	1	1	179	신작게임 더 나오면 진짜 위기일듯	박살맛쿠키
43371	2026-09-19	2	5	800	토벌전 덱 조언 부탁드려요	콩떠
43367	2026-09-19	0	1	110	고치라고	크림이
43364	2026-09-19	1	8	689	펫 선물 그냥 삭제해주시면 안되나요	Barbarossa
43361	2026-09-19	0	2	198	치케한테 석류빨대 맞추려는건 무리임?	팬더맛쿠키
43358	2026-09-19	0	8	424	데브스 대기업 아니었나요??	NOMAT
43357	2026-09-19	0	0	83	쟁탈전 기다려라	노쇳물강화마스터
43354	2026-09-19	0	0	126	어차피 길어봣자3달이 한계다	팔란티어장기보유자
43349	2026-09-19	0	1	269	뭐야 ㅅㅂ 스테이지보상	여누우
43347	2026-09-19	0	2	113	본인 집중이나 명중보는거 어디서 보나요?	리오쓰
43346	2026-09-19	0	1	374	아레나장비우선순위	도레미
43340	2026-09-19	1	0	105	아레나 장비 추천좀여	hoonyie
43338	2026-09-19	0	1	129	슬슬 손컨이 지루해지기 시작해요	오태식이
43337	2026-09-19	3	5	579	비이상! 3만 결사대 붕괴!	크라운용감한쿠키
43336	2026-09-19	0	1	131	명중은 몇까지 맞추면 좋을까요?	루시오
43332	2026-09-19	0	4	134	총투5g 괜찮은길드 구합니다(마감)	시흥쭌
43323	2026-09-19	0	0	151	244-10 독수리 기록	하위욥
43322	2026-09-19	0	0	69	슈가룬 확률 개같네요..	흉악한뱃사공
43314	2026-09-19	3	2	330	무과금 시커 5성 드뎌 달성ㅠ.ㅠ	밍이당
43310	2026-09-19	2	0	89	운영진은 박살 만든 사람 징계 좀 먹여라	챗지피티
43309	2026-09-19	1	3	303	박살 만든 인간 제정신인가?	챗지피티
43308	2026-09-19	0	1	44	투력	꾸덕한젤리빈
43307	2026-09-19	0	2	222	뽑기 들어갑니다	인크
43303	2026-09-19	0	3	36	셋업 도와주세요	fruitofholys
43300	2026-09-19	0	1	119	무기 선택 도와주세요	kang young
43295	2026-09-19	0	3	230	길드 추방할 때	설탕창고
43292	2026-09-19	0	3	73	1일차 뉴비 도와주시면 너무 감사드립니다...ㅠ	whddnr274
43290	2026-09-19	1	0	74	도깨비의 세계 사전예약 하러갑시당!(바람의나라연 후속작)	산드로
43289	2026-09-19	0	2	161	레벨 낮춰서 맞추는게 공증박는거 보다 좋나요?	이이익
43286	2026-09-19	0	0	90	갤런처 유저수 줄었네요	Gaudium
43284	2026-09-19	16	12	1708	토벌덱 변경해야 될 게 있을까요?	서신우
43282	2026-09-19	0	11	598	축복8에 조졋다 질문안받는다	투게더
43281	2026-09-19	0	0	289	무과금덱 노광제 224-30  비겁한쿠키  클리어덱  스펙 스샷 올렸어요  클리어 하시길  	Jeg
43280	2026-09-19	1	5	254	243-30 비겁 기록용	하위욥
43278	2026-09-19	0	1	182	개인적으로 생각하는 짜치는보상 Top1	끔이에요
43274	2026-09-19	1	0	137	오븐29부터 다이아제한은 짜친다	잠이가솔솔
43266	2026-09-19	0	7	522	진지하게 오븐 29랩 이후 보상제한은 무슨이유임?	끔이에요
43263	2026-09-19	0	0	168	어느 걸 선택하시겠습니까?	까불면아야한다
43256	2026-09-19	0	0	72	LV 14온돌 길드에서 길드원 모집합니다~(마지막 한 자리)	세아모
43249	2026-09-19	0	7	708	원래 다른 방치형 게임들도 일던같은거 리트하고 그래요?	자넨바
43248	2026-09-19	6	7	2617	아니 이렇게 뜨는거 첨 당해봐요	부산불꽃갈매기
43245	2026-09-19	0	2	296	과연 23일 패치에는 뭐가 나올지	Gaudium
43244	2026-09-19	0	0	119	243-30 비겁 두번째 벽 	하위욥
43239	2026-09-19	0	1	82	쿠키평가 해주세요 	fruitofholys
43238	2026-09-19	3	4	1077	처음할땐 슈가룬 무조건 스증이었는디	다다미 넉장 반
43237	2026-09-19	0	3	155	9/23까지 50%30%15% 할인쿠폰 100%지급	자유를원합니다
43236	2026-09-19	1	2	115	플레이트 강화 표기확률 조작 맞는거 아닌가?	미좌
43232	2026-09-19	0	13	550	탐구의빛좀 뿌려라	과금할바엔주식1주
43228	2026-09-19	0	0	11	코드 맞교환하실분	Ravensong
43225	2026-09-19	0	4	335	오븐에서 장비 뽑는거 있잖아요	배고파맛쿠키
43222	2026-09-19	0	1	134	AI도 플레이트 박살 시스템은 추악하고 악랄하다고 생각하는구나	박살맛쿠키
43219	2026-09-19	0	10	681	이제 막 슈가룬 작 시작하려는 쿠청년입니다!	돌하루팡
43217	2026-09-19	1	1	166	브시커 스가는	쿠키워킹
43207	2026-09-19	0	0	261	243-10 쥐 바이커 기록용	하위욥
43200	2026-09-19	0	4	441	방치게임이래서 시작했는데 아니네	개돼지22
43199	2026-09-19	0	4	602	브라이트시커 몇성까지	조럥이떡
43195	2026-09-19	0	1	103	이거 뭔가요?	코골이손님
43194	2026-09-19	0	10	774	제 아레나 덱 심각한 문제가 있을까요?	루엘라
43190	2026-09-19	0	0	4	친구초대이벤트 같이하실분	Ravensong
43188	2026-09-19	0	0	189	어제 카페에서 올20강했다는 글본거같은데	캣그라스먹어볼까
43185	2026-09-19	0	0	25	11렙 길드에서 길드원 구합니다	뿌뿌꾸
43180	2026-09-19	0	1	208	50정도 썼는데 게임이 너무 역하다	supertroll
43171	2026-09-19	0	0	205	이터널	인트
43170	2026-09-19	0	1	149	170지역부터 갑자기 왤케 어려운 거 같지	루엘라
43168	2026-09-18	0	0	184	왜 하필...	악동팡
43162	2026-09-18	0	1	82	179-10 역대급으로 안 깨지네요...손가락 문젠가	루엘라
43160	2026-09-18	27	15	1242	경던 공략이다	눈눈
43159	2026-09-18	6	3	547	역시 사람은 기세구나	넥스트타임베베
43154	2026-09-18	0	0	108	243-10 바이커 벽느낌	하위욥
43153	2026-09-18	29	4	1425	248 이후 사용중인 덱(일부추가)	도마도마
43144	2026-09-18	0	0	46	쿠키런 크럼블 가챠 손맛 미리 보는 시뮬 봇 있는 소소한 디코	Volta
43132	2026-09-18	2	1	228	시커 10성 	마술피리
43128	2026-09-18	0	0	17	추천인 코드 아직 안하신분	오육칠팡
43124	2026-09-18	0	2	79	장비 질문입니다!	장난치즈마
43122	2026-09-18	1	2	535	경치던전 ㅅㅂ ㅋㅋㅋㅋㅋ	도덕킹
43111	2026-09-18	0	1	104	첫 쿠키 100레벨 달성!!	랩소디제이
43109	2026-09-18	0	2	112	결제할때 50%할인받으세요	자유를원합니다
43107	2026-09-18	0	4	99	컨텐츠 진행 순서	꾸덕한젤리빈
43100	2026-09-18	3	0	100	35일차)442서버 무과금 플레이 기록	공백
43096	2026-09-18	0	3	183	신캐	학이형
43082	2026-09-18	0	1	552	체리콜라 어캐씀?	어늘어늘이
43071	2026-09-18	0	5	142	드디어 나도 용병단 4	블라썸 레인
43060	2026-09-18	0	1	99	비겁이 이게 맞냐 뚱카롱 x뿔 룐들아!!	23djxbws44
43058	2026-09-18	0	1	285	첫 스텔라 100프로	크림이
43057	2026-09-18	3	9	1025	(기록)크럼블 던전 / 길토전 갱신 ~!!	도마도마
43056	2026-09-18	0	1	224	시커 6성이랑 7성 딜차이 많이 나나요?	두식몬
43055	2026-09-18	0	2	94	비겁이 지긋지긋하다 정말..	Dior
43041	2026-09-18	1	2	390	우유 슈가룬	어늘어늘이
43029	2026-09-18	1	4	937	명중 집중 얼마나 올려야 안전빵 인가요?	반쥭
43028	2026-09-18	0	2	61	비겁한 쿠키 관련 질문	Volta
43026	2026-09-18	0	14	246	5일차 뉴비 조언부탁드립니다	Angelicide
43024	2026-09-18	0	1	151	축복7에서 8가는데 얼마드나요?	이미용
43013	2026-09-18	0	0	21	100 	피논
43012	2026-09-18	1	0	159	게임 구조가 개판인거 투성이네	구글
43007	2026-09-18	0	5	354	토벌전 피드백 부탁드립니다	뇽늉냥뇽
43006	2026-09-18	0	7	292	토벌전 질문	인트
43002	2026-09-18	0	9	237	174스테인데 이거 왤캐 안밀리는거임?	개돼지22
42989	2026-09-18	0	2	172	박살 완화패치 머 나온얘기가 있나여?	쿠키워킹
42988	2026-09-18	0	2	52	초보덱 좀 봐주세요.	끝잠
42985	2026-09-18	0	1	29	원스토어 친구코드 등록하고 50프로 쿠폰 받아가세요	q20
42984	2026-09-18	0	3	637	이번에 마일리지 상점 패치로 이득 본 사람은...	랩소디제이
42981	2026-09-18	0	6	132	초보 레벨 분배 좀 도와주세요ㅠㅠ	차밍잉
42975	2026-09-18	0	4	103	나중에 신규 보스 몹 나오면 또 얼마나 악랄하게 나올지	박살맛쿠키
42972	2026-09-18	2	4	799	우유 슈가룬..	묘서유
42970	2026-09-18	0	0	33	비겁이 ㅅㄲ	월달
42967	2026-09-18	1	1	350	전갈맛 쿠키는 슈가룬 옵션 뭘로 뽑나요?	월향
42960	2026-09-18	1	2	279	무과금 219-30 비겁한쿠키  클리어덱  스펙 사진 올려요  노광제	Jeg
42959	2026-09-18	0	5	336	유저들끼리 플레이트 강화 기록 취합좀 해봅시다.	튜브1919
42953	2026-09-18	0	3	196	235-10 하..	뿌뿌꾸
42952	2026-09-18	0	0	76	일뽑좀 더뿌려라	라잇호
42946	2026-09-18	0	2	195	248 탈출하고 249에서 쿨링민트 만났는데	용사맛 쿠키
42941	2026-09-18	0	4	152	크럼블 패스	조럥이떡
42939	2026-09-18	0	2	91	성공확률이 40%인데 다섯번 연속 실패하는건 문제있는거 아닌가 ㅋㅋㅋ	고약한바지
42936	2026-09-18	0	4	405	이상태에서 걍 나가면	갓제
42931	2026-09-18	2	31	2534	하.. 시커 1502뽑 5성....	도마도마
42920	2026-09-18	0	1	116	크리스탈 수급	wwi
42919	2026-09-18	1	7	1004	브시커는 룬은 왜 올 스가에여?	쿠키워킹
42916	2026-09-18	0	2	413	와 드디어 첫 스텔라 완성🌟	둘기머쓱
42909	2026-09-18	0	2	198	흠 스테 장비 의견좀ㅠ 선택장애	쿠키워킹
42907	2026-09-18	1	0	89	영혼의 파트너	막군
42905	2026-09-18	0	2	338	240-30 비겁 기록용	하위욥
42903	2026-09-18	0	1	408	재미없어 떠납니다	ㅊ312321
42902	2026-09-18	1	22	689	과금 추천해주세요	조럥이떡
42892	2026-09-18	0	0	68	프리셋좀 빨리 해줬으면 좋겠네	잠이가솔솔
42890	2026-09-18	2	1	179	마카롱아 스킬을 적에게 날려봐	사계
42889	2026-09-18	0	1	75	스테이지밀때 석류버프	xoxoxoxoxoxoxoxoxoxo
42888	2026-09-18	0	5	538	환불	1짱
42887	2026-09-18	0	1	139	크림소다는 탄속에 어떤 적용 받는걸까요??	비밀41
42881	2026-09-18	0	0	149	근데 키우기겜 장르 운영이 다 거기서 거긴가 봄	박살맛쿠키
42880	2026-09-18	2	6	979	피노누아 9성 찍을 가치 있나요?	넌 내게반했어
42877	2026-09-18	1	9	579	플레이트 강화, 게임물관리위원회 제보라도 해야겠음	튜브1919
42872	2026-09-18	0	0	40	11렙 길드에서 세분 구합니다!	뿌뿌꾸
42871	2026-09-18	0	3	100	3일차입니다 도와주세요	해달
42867	2026-09-18	0	13	105	안녕하세요 뉴비입니다. 도와주세요	fruitofholys
42864	2026-09-18	0	2	199	227-30 (540M)  클덱	가영곰
42863	2026-09-18	0	1	181	쥐바이크 현실적인 개선법	코럼블코
42858	2026-09-18	0	1	191	장비 선택 조언 부탁드립니다..!	글로리아
42856	2026-09-18	0	4	661	어짜피 결제할거 50%할인받으세요	자유를원합니다
42851	2026-09-18	1	11	718	비겁한쿠키 깼어요 감사합니다  216-30   스샷 올릴게요 스펙  무과금덱 	Jeg
42847	2026-09-18	0	1	137	플레이트 확률 이게 맞나..	으아아각
42846	2026-09-18	1	15	1193	플레이트 15강 이후 뭐부터?	개구리S2
42837	2026-09-18	3	9	1588	1서버 랭킹 근황	사계
42836	2026-09-18	4	5	1924	스테밀때 명집중 보다 투력이 우선인거같은 느낌져만 드나요?(생각 공유하고싶어요)	가즈으아앙
42833	2026-09-18	0	0	57	만들어놓고 테스트도 안할듯	박살맛쿠키
42829	2026-09-18	0	0	183	아레나 장비 질문	corwkdtn429
42827	2026-09-18	0	5	211	비겁이 하,,ㅠㅠㅠㅠㅠ	Glare
42825	2026-09-18	0	0	83	덱투 1G달성 기록용	나인
42824	2026-09-17	0	7	113	총투 1g195m 길드구해봐요	엉덩푸딩
42819	2026-09-17	0	0	311	방금 뽑기 하고 너무 아쉽네;	배나온건이
42818	2026-09-17	0	0	67	106에서 126 하루만에 왔는데 힘드네 골드던전 돌았는데	배나온건이
42814	2026-09-17	1	0	164	형들 장비뭐가더 좋을까요?	태어난김에세계일주
42813	2026-09-17	0	2	131	253-20 마오카이(수정)	도마도마
42808	2026-09-17	0	0	32	뉴비 질문이요	음음응
42806	2026-09-17	0	2	313	플레이트 600개 넘게 모은걸로 강화하는데	드럼아
42804	2026-09-17	1	2	223	이터널 장비 	구원s
42802	2026-09-17	2	2	153	무과금 500m 달성	블라썸 레인
42800	2026-09-17	0	0	113	이터널	뇽늉냥뇽
42797	2026-09-17	0	3	467	플레이트 확률 조작 뭐 다 했다고 생각하실거고	류으으
42796	2026-09-17	0	2	149	박살 아이디어 낸 사람은 진짜 오래오래 사세요	으아아아워
42791	2026-09-17	0	1	232	궁금하네요 이터널 계속 전투력 낮은 것만 올라오는데 	우울이응
42789	2026-09-17	0	2	117	혹시 설인 무슨덱으로 잡으시나요??	경기T비니
42787	2026-09-17	0	0	293	토벌전 꿀팁 드립니다	Barbarossa
42786	2026-09-17	0	0	106	토벌전 방식 좀 패치해주시면 안될까요	여유만빵
42784	2026-09-17	0	5	379	토벌덱 300m이면 정적점수 몇 정도임?	ㅈㅅ
42782	2026-09-17	0	2	320	장비 프리셋 담주 패치된다는 이야기가 있었음?	내가만든쿠끼
42781	2026-09-17	0	2	120	장비선택좀 도와주세요 ㅠㅠㅠㅠ	지녕03
42778	2026-09-17	0	0	161	흠..매일 일던 45판을 손컨해야한다니	사신
42776	2026-09-17	0	3	265	경험치 던전 조합 뭐가 좋을까요	머니
42773	2026-09-17	0	0	274	광고 미쳤냐 ㅋㅋ	이붕어
42771	2026-09-17	0	2	112	장비선택도와주세요	준시
42764	2026-09-17	2	0	104	첫 쿠키 10성 달성!!	랩소디제이
42754	2026-09-17	0	1	217	248 이후 스테덱 추천좀	오똥뎅
42748	2026-09-17	0	2	219	1만4천 마일리지 120마일리지 당첨 헷	개구리S2
42747	2026-09-17	0	1	220	이래도 플레이트 확률 믿을래? ㅄ들많네 진짜 ㅋㅋ	윤도비잉
42742	2026-09-17	0	2	349	마카롱 슈가룬	cwscws4045
42741	2026-09-17	0	0	103	34일차)442서버 무과금 플레이 기록	공백
42737	2026-09-17	0	4	163	장비 둘 중에 어떤 거 끼나요?	보라매경
42732	2026-09-17	0	2	87	쿠키 공격력 어떻게 높이나요??	이붕어
42729	2026-09-17	0	2	247	용병단장 정하는 이유가 뭐임	가야지
42715	2026-09-17	3	5	372	토벌전 궁금증 해결해주실분!!	shyoo8248
42712	2026-09-17	0	1	82	템 골라주세요ㅠㅠㅠ	Duck
42702	2026-09-17	0	3	543	오늘자 아레나 프리셋에서 까서 날려먹은 장비들	Barbarossa
42691	2026-09-17	0	4	1342	토벌 최상위길드 덱은 따로있겟져?	오레오커피
42689	2026-09-17	0	1	177	아레나는 갯수는 매일 들어오잖아용	나비두디
42687	2026-09-17	0	1	94	펫 뽑기권 질문 좀 하겠습니다	차밍잉
42685	2026-09-17	0	0	219	토벌전 17초	코코호로요이
42683	2026-09-17	0	0	37	구글 결제 아직도안됨??	따야한드아ㅠㅠ
42680	2026-09-17	0	1	175	보통 스테이지 조합 어떻게 가는건가요?...	F예비군공
42679	2026-09-17	0	2	103	반죽 다야	꿀벌
42672	2026-09-17	0	2	150	장비 프리셋 변경했는데 왜 쿠키 명집 수치가 안바뀔까요	용용이펀치
42670	2026-09-17	0	0	277	시커 스가 40맞추고	uniteze
42669	2026-09-17	0	7	239	스테장비셋보다 토벌장비셋 투력이 너무 낮아요..	센요
42667	2026-09-17	1	1	127	장비 선택 조언 부탁드립니다	파뺘
42664	2026-09-17	0	1	302	시커 3성 전투력 381m인데 토벌 20g가 한계네.. 전투력의 100배 이상 뽑는건 어떻게하냐...	광광이
42661	2026-09-17	0	0	334	유니크 장비 못 버리는 이유...	반쥭
42659	2026-09-17	0	0	39	뉴비 질문드립니다....	휴먼라이트
42656	2026-09-17	0	1	156	아레나 방어 성공하면 명성포인트도 주나여? 메달은 주던데	3363
42647	2026-09-17	0	6	360	스텔라 링크 조언 부탁드립니다	카니형
42646	2026-09-17	1	4	1210	토벌전 첫 1T !!!	속사포
42645	2026-09-17	0	1	148	플레이트 강화기록 공개 절대안할듯	박살맛쿠키
42641	2026-09-17	0	4	127	플레이트 확률을 계산해볼때 고려할점	김상만73세
42628	2026-09-17	0	1	139	아레나 티켓 사용	소보루치약
42620	2026-09-17	0	0	104	ㅋㅋ아직까지 퀘스트 수동이엇으면	차니
42619	2026-09-17	0	8	1046	드디어 이터널로 다 맞췄네요^^	차가운사자
42615	2026-09-17	0	1	158	에일리옷 도넛 스증 올리면 변이확률 올라가요? 다른사람이 스증 올리라는데	3363
42611	2026-09-17	1	0	293	235-30 비겁 기록용	하위욥
42609	2026-09-17	1	4	669	다이아 수급 이야기가 나오는데	뭉게구름맛쿠키
42604	2026-09-17	0	3	146	고수만	허식
42600	2026-09-17	0	8	524	마일리지 개편 체감 어떤가요	Gaudium
42599	2026-09-17	0	6	205	무과금 바궁6성	푸죤
42597	2026-09-17	0	3	917	솔직히 마일리지 개맛있는데??ㅋㅋㅋㅋ	젠틀한드럼통
42596	2026-09-17	3	7	734	플레이트 강화 이력 문의 결과	산지직송사과
42595	2026-09-17	0	11	200	4일차 뉴비 과금 추천해주세요	Angelicide
42594	2026-09-17	0	2	232	장비 둘 중에 어떤걸로 할까요?	노랑굴
42593	2026-09-17	1	4	594	스테장비가 왜 아레나장비보다 아레나 승률이 높죠?	박원빈01
42592	2026-09-17	0	1	282	근데 마일리지 막상 사보니까	차니
42590	2026-09-17	1	1	281	체력 증가 vs 피해 감소	야과
42586	2026-09-17	6	4	617	경치던전 480대 클리어 덱	도덕킹
42585	2026-09-17	0	6	414	tssr확률 건드렸나 ; 몇칠째 못보네 한마리도	벤벡크만
42581	2026-09-17	0	0	408	235-10 쥐 바이커 기록용	하위욥
42578	2026-09-17	1	3	211	맨날 하향하향 징징징징	장쳰
42574	2026-09-17	0	1	226	아레나 장비 추천 부탁드립니다	이케맨
42572	2026-09-17	0	5	398	이것 뭐에요???	로즈oo
42566	2026-09-17	0	2	122	장비 어느거 쓸까요	준시
42565	2026-09-17	0	0	130	234-30 쿨민 기록용 	하위욥
42556	2026-09-17	0	0	219	아이콘 변경됬네요	길현아행사그만다녀라
42555	2026-09-17	0	2	189	형들 오븐 반복퀘 정상적으로 나오시나요?	수혆
42549	2026-09-17	1	9	698	퓨바맛 쿠키가 뭘까요??	케이1
42544	2026-09-17	0	4	299	무과금입니다 211-30 비겁한쿠키 덱  필요하면 말해줘요 스펙 스샷 찍어드릴게요  무과금덱  광제 무과금님도 깰수있어요  도움은 안되겠죠	Jeg
42539	2026-09-17	0	0	147	형님덜 크럼블팀 운영자가 욕먹어야되는게 아니고	오태식이
42538	2026-09-17	0	1	183	장비 자동뽑기 질문	준시
42533	2026-09-17	0	0	299	마일리지 고급 선물 상자	뱅국
42530	2026-09-17	0	0	90	오늘 시작..?	오육오
42528	2026-09-17	0	0	162	님들은 가스라이팅에 당하신겁니다	오태식이
42527	2026-09-17	6	25	1443	초코강 400개 트라이 10성시작	나는야 루돌프
42526	2026-09-17	19	7	1841	경험치 던전 어렵다는 분들	뿌뿌꾸
42523	2026-09-17	1	4	779	플레이트 강화 뭐냐 진짜	룩빡숙
42522	2026-09-17	0	2	1049	마일리지 확실히 팍 팍 줄어드네 ㅋㅋㅋㅋㅋㅋㅋㅋㅋㅋ	광광이
42519	2026-09-17	0	12	840	이거 시커 8성찍는데얼마들까요?	uniteze
42518	2026-09-17	0	8	278	투력 낮아져도 명중 집중 고르나요?	개돼지22
42517	2026-09-17	0	2	281	TSSR 전용 픽업권은 픽업끝나면 뭐로 변환해서 돌려줌 ?	델몬트S007
42515	2026-09-17	0	6	160	선택부탁드려용	스테이지덱
42513	2026-09-17	1	1	466	마일리지 상자깡 결과	오리는꽥꽥
42512	2026-09-17	0	0	134	마일리지상점	준시
42511	2026-09-17	0	1	532	던전 열쇠 복사버그 뭐임??	zxf12ij
42509	2026-09-17	0	2	396	쿠폰 이제 없나요 ? 	삼미호빵
42505	2026-09-17	0	0	279	마일리지 상자깡	방치또방치
42503	2026-09-17	0	1	487	ㅋㅋㅋ 너네도 이꼴 보고 싶었던거 맞지??	오억
42502	2026-09-17	0	3	168	스테 장비 봐주세용	마카홍
42501	2026-09-17	5	3	1369	마일리지 개편 너무 좋네요^^	iilllililili
42498	2026-09-17	0	1	265	장난치나	곽꼭두
42497	2026-09-17	2	1	369	마일리지 5 상자깡	사계
42490	2026-09-17	0	5	678	시커5성 vs 밀키10성	SonyOneKill
42489	2026-09-17	0	2	474	명중은 미쓰뜨니까 챙기라는거 알겠는데 집중은 왜 챙기라는거임?	3363
42488	2026-09-17	0	0	267	232-30 비겁 기록용	하위욥
42487	2026-09-17	2	9	620	경험치 던전 난이도 하향 건의	인성ll충북음성
42483	2026-09-17	0	1	140	나만 그럼?	크림이
42479	2026-09-17	0	0	65	그래서 플레이트 개선공지는 언제?	젱젱
42478	2026-09-17	0	3	419	초코방울20성 찍을려면 패키지로만 찍어야되나요?	불닭아미 아수라
42474	2026-09-17	3	7	623	일일던전 팁좀,,,	심심할때합니다
42472	2026-09-17	0	7	646	다들 명중 집중 얼마나챙김?	미소
42471	2026-09-17	0	2	217	장비 명중,집중 적용?	남해 102
42461	2026-09-17	0	2	236	오늘 패치 후 결제할때 50%할인받으세요(원스토어)	자유를원합니다
42458	2026-09-17	0	2	262	스테이지 막혔을때 켜두고 방치하나요?	앙요
42452	2026-09-17	0	0	27	11렙 길드에서 길드원 구합니다 	뿌뿌꾸
42451	2026-09-17	0	2	169	서버 변경	삐약이
42450	2026-09-17	0	5	330	장비 이건 뭘 골라야 할까요...	밍규
42448	2026-09-17	0	12	735	커터 마니모앗다	우리아기사랑해
42446	2026-09-17	0	0	284	스텔라 8뚫으면 투력뻥 기대했는데	박살맛쿠키
42441	2026-09-17	0	4	631	249 부터는 널널할거라는 말 듣고 죽어라 달렸는데 아님..	오서방
42438	2026-09-17	0	2	288	이거 슈가룬 개념 어디서 보나요?	수판독서사
42433	2026-09-17	0	2	138	쿠키런 허브에 명중, 집중, 스증 질문	자두과자
42431	2026-09-17	2	1	270	경험치 던전 483클리어덱 공유점...ㅜ	도덕킹
42429	2026-09-17	0	0	54	오픈까는거	도쿄사는훈이
42428	2026-09-17	0	2	169	다음패치에 난이도 하향은 있을까요?	엉덩푸딩
42423	2026-09-17	0	1	143	플레이트 성공이랑 하락 확률 바뀐 거 아닌가	루엘라
42421	2026-09-17	0	0	135	아직도 제대로 해명하지않고 사과도 안하는 진호정 길드	스지드
42413	2026-09-17	1	6	498	219-10 쥐돌이 클덱 (460M)	메리크
42412	2026-09-17	0	0	217	마일리지상점 다털어	아쿠아
42411	2026-09-17	3	0	215	전호정인지 진호정인지 신지든지 스지든지	장쳰
42407	2026-09-17	2	0	170	성장 정체기	인트
42406	2026-09-17	1	0	262	203-10클덱	미넨
42403	2026-09-17	0	4	58	아이템 추천 부탁드립니다	영원한수달
42399	2026-09-16	0	4	111	쥐돌이 덱 이거 괜찮아요?	엉덩푸딩
42397	2026-09-16	0	2	253	일뽑으로 브시커 5성 달성	오구
42391	2026-09-16	2	8	514	비겁이 만드신분은 퇴사하시길	류으으
42385	2026-09-16	0	15	683	경험치 던전 또 막혀버렸네요.	랩소디제이
42384	2026-09-16	0	1	106	한번에 받기 계속띄워놓으면	개쳐
42380	2026-09-16	0	1	127	쿠키들 레벨을 어떻게 해야되나요?	구너민
42379	2026-09-16	0	2	212	오늘은 따로 점검 없나요?	잉상
42377	2026-09-16	0	3	326	249이후 미시는 분들 스테보상 질문 	도마도마
42375	2026-09-16	0	1	296	저 자랑하고 싶어용 ㅎㅎ	갓제
42374	2026-09-16	0	6	167	결제실수 했는데	뽀요요욘
42372	2026-09-16	0	5	167	장비 뭐 고르는 게 낫나요?ㅠㅠ	밍규
42369	2026-09-16	1	1	139	장비뽑으면 다이아주던거 사라짐?	쌩뉴비임니다
42368	2026-09-16	0	0	87	스테넘어가는 버그 있는듯	구름이 안녕
42363	2026-09-16	0	4	155	ssr 선택상자 석류 사도 될까요??	이붕어
42362	2026-09-16	0	2	174	장비 실수로 교체했는데	소키
42360	2026-09-16	0	0	79	원스토어 50% 쿠폰 받아가세요!	손 안대도
42355	2026-09-16	1	0	233	경험치 던전 조작 컨트롤 	도마도마
42351	2026-09-16	0	0	117	장비 선택	김밥천국지배자
42350	2026-09-16	1	4	262	박살 확률조작의심	땡전
42349	2026-09-16	0	5	97	40스테이지 덱 편성 알려주실분 구합니다 체콜10성보유	우유맛
42348	2026-09-16	1	2	280	경치던전 난이도 무엇?	도덕킹
42347	2026-09-16	0	0	43	장비 뽑기 크리스탈 질문	장난치즈마
42344	2026-09-16	0	2	170	제발 아시는분 노움연구소	방학찍먹
42339	2026-09-16	3	0	329	마일리지 상점 안털면 도태 (..) 빨리 다 사요 사 !!	별이꽁
42338	2026-09-16	0	3	286	저만 마일 상점 똑같나요?	방치크럼블길마
42332	2026-09-16	0	3	137	원스토어 50%할인쿠폰 지급이벤트	자유를원합니다
42329	2026-09-16	0	0	129	230-30 쿨민 기록용	하위욥
42326	2026-09-16	0	2	60	친구야 같이 게임하고 50% 쿠폰 받자^^	보이면작살
42324	2026-09-16	0	2	133	광제단으로 (구) 최대 스테이지 등반 완료!	MK
42313	2026-09-16	0	2	380	우유 슈가룬 선호도...	Hycalix
42312	2026-09-16	1	1	122	33일차)442서버 무과금 플레이 기록	공백
42308	2026-09-16	0	2	79	총투력 1g 바로가입 길드 드가요	또봉
42303	2026-09-16	0	2	433	281 스테이지 클리어!! 마일리지상점 오전안에 꼭 구매하시길!!	악림
42298	2026-09-16	1	2	197	장비 질문...	딱복큘라
42297	2026-09-16	1	2	226	아 진짜 인간적으로 재화좀 줘라	쿠키런강팀장
42295	2026-09-16	1	2	377	길드싸움 웃기네ㅋㅋㅋㅋㅋㅋㅋ	잠이가솔솔
42289	2026-09-16	2	1	317	걸러야될 길드중 포함시키는곳은	오태식이
42285	2026-09-16	0	0	76	쟁탈전이 신규 성장컨텐츠같은데	보루1
42283	2026-09-16	1	1	203	아니 근데 할짓 없으신가 	엄시우
42279	2026-09-16	0	5	1270	자신과의 싸움중인 진호정 길드(링크 참조)	스지드
42275	2026-09-16	0	0	26	11렙 길드에서 길드원 구합니다~	뿌뿌꾸
42274	2026-09-16	0	1	316	결국 해명못한 진호정 길드 (링크 참조) 지금은 세탁해서 운영 중임	스지드
42267	2026-09-16	0	3	48	질문있습니다!	엉궁방
42265	2026-09-16	2	2	184	용병단 카드 질문	장난치즈마
42264	2026-09-16	0	5	921	진호정 길드ㅋㅋ 내부균열 생겼네요(2)	스지드
42263	2026-09-16	0	3	69	(해결)현재 쿠키 편성 덱 2번 버그있나요?	초코e몽
42258	2026-09-16	0	12	954	진호정 길드ㅋㅋ 내부균열 생겼네요	스지드
42252	2026-09-16	0	0	67	원스토어 50퍼 쿠폰 받아가세요 ! (링크타고 입력)	택잉
42247	2026-09-16	0	0	59	원스토어 결제 50%쿠폰 받아가세요	우투
42245	2026-09-16	0	2	388	치명저항은 뭔데 이렇게 전투력 계수가 높지??	람쥐썬더
42241	2026-09-16	0	4	257	스테이지 169~248 난이도	쿠쿠키키키키
42239	2026-09-16	0	3	145	길드 가입 시 총투 4G 700 정도인데 길드 구해봅니다!	앵
42238	2026-09-16	0	3	191	총투 1G 185M이면 어느정도 길드 갈 수 있음?	가야지
42237	2026-09-16	1	23	928	비겁이는 잘못 설계 된게 아닐까싶을정도네요	아무거나상관없음
42232	2026-09-16	0	3	136	일던 동일난이도 반복 도전 없음?	길현아행사그만다녀라
42228	2026-09-16	0	2	348	여태 공지 중 처음으로 잘했다	라이스쿠키
42225	2026-09-16	3	3	900	던전열쇠 초기화 ㅈㄴ이썩겠네	잠이가솔솔
42224	2026-09-16	0	0	57	쥐	3363
42219	2026-09-16	0	9	799	이거 저만 본건가요?	태양1014
42217	2026-09-16	4	7	1240	공지 내용 추가 내역	사계
42213	2026-09-16	4	0	411	스테이지덱	박살맛쿠키
42207	2026-09-16	1	1	260	3연속 레전뽑앗어요;;	과자
42205	2026-09-16	0	0	29	110 달성	배나온건이
42204	2026-09-16	0	0	78	64-30 비쿠컷	오데마
42200	2026-09-16	0	3	344	소과금 660뽑 시커 인증합니다	일각고래
42197	2026-09-16	0	0	186	195-10 클리어 덱	쿠키런 조아요
42191	2026-09-16	1	29	502	안녕하세요 찐찐뉴비입니다	랭악귀 ㅋㅋ
42190	2026-09-16	0	2	229	앞 서버는 상위 10위 총투 몇정도 되나요?	찬식
42189	2026-09-16	0	2	165	차라리 현재 스테나온거 전부 난이도 하향하고 신스테부터 난이도 완화하는게 어떰?	길고양이
42184	2026-09-16	0	0	76	무과금덱  쿨민덱  209-30 무과금님  광제님  도움이될진 모르겠지만 올려봐요 깰수있을거예요  스펙 스샷이 필요하면 올려줄게요 	Jeg
42182	2026-09-16	0	7	699	무과금 광제유저 시커 280뽑 5성	메리크
42181	2026-09-16	0	8	953	허허 아레나는 성장 영향 없는거 저만 이제 알았네요	반쥭
42178	2026-09-16	0	0	327	248 이후 퀘스트 글 종종보고 무슨말인가 했는데.. 이것도 의도한건가요?	도마도마
42176	2026-09-16	0	0	129	신규 테마 신규 보스 나와도 구경 못함	박살맛쿠키
42175	2026-09-16	0	7	183	고수 형님들!!  용병단 뉴비 질문드립니다	돌하루팡
42173	2026-09-16	1	12	630	진짜 궁금한건데 왜 스테이지 돌려먹기는 뭐라 안함?	엔써
42170	2026-09-16	0	3	193	쿠키 렙업 순위	ffanyourself
42168	2026-09-16	3	3	387	연구소는 레벨 올리는게 중요한가요 연구 다하는게 좋은가요?	채채융
42164	2026-09-16	0	4	194	혹시 저번주 확장 스테이지 보상개선되고 재탕인가요?	룰루형님
42163	2026-09-16	0	2	18	추천인 교환 하실 분 계실까요 ㅜㅜ	경기II탱
42162	2026-09-16	0	1	262	레드베리암살자  쥐토바이보다 더역겹네 ㅋ	뽀그미
42160	2026-09-16	0	2	455	경험치 던전 464 이제 막히는데	김키즈
42157	2026-09-16	0	1	276	마일리지 상점 리셋한다는뜻일까?	잠이가솔솔
42155	2026-09-16	0	2	141	마일리지 적용 언제인가요?	해로
42154	2026-09-16	0	0	25	아이패드 가로모드 안되나요?	블리쩡쩡
42153	2026-09-16	0	2	281	근데 이겜 장비 옵션 보라하던데	엘렌
42151	2026-09-16	0	7	342	스테이지보상 너프 얼마나됐길래 다들 원성인가 했는데	엘렌
42147	2026-09-16	0	0	67	62-30 쿨민 컷	오데마
42144	2026-09-16	0	5	257	가치없는 패키지는 삭제해라!	박살맛쿠키
42143	2026-09-16	0	0	87	불편사항 개선보다 불쾌요소 삭제가 먼저다	살몬
42142	2026-09-16	0	0	101	LV 14온돌 길드에서 길드원 모집합니다~(마지막 한 자리)	세아모
42141	2026-09-16	0	2	130	치킨봇 잘 안잡힐 때 팁(?)	도마도마
42137	2026-09-16	0	1	409	우리섭 랭킹 1위분 접으셧네,,	쭈영법사
42127	2026-09-16	0	1	278	랭킹 1등이 몸에 불지르고 해결했자너	잠이가솔솔
42126	2026-09-16	0	6	268	시커 930뽑 6성 	용팔
42121	2026-09-16	0	9	1338	형님들 다음 쿠키 존버하시나요?	도야
42117	2026-09-16	1	15	815	248-30 비겁이 극적인탈출 ;;	뱜
42113	2026-09-16	1	2	579	비겁이,삼토바이? 그만해 형들~	속사포
42112	2026-09-16	0	0	55	님들은 네시간마다 들어오는 상자 언제들어오나요?	poppy
42109	2026-09-16	0	0	68	그리고 강화 확률 생각해봤는데	배나온건이
42108	2026-09-16	0	3	545	플레이트 강화 진짜 ㅋㅋㅋㅋ 글 안쓰려고 했는데	고약한바지
42107	2026-09-16	0	2	112	갯 she볼 ㅈ토바이	오징어먹고싶다
42106	2026-09-16	0	1	63	근데 생각해보면...	배나온건이
42105	2026-09-16	0	0	73	데브형아 오늘은 없뎃이야?	응애뉴비
42104	2026-09-16	0	2	150	행운의 보상 주사위 굴리기 횟수 관련 문의	토끼곰돌
42099	2026-09-16	0	0	30	10-30 조언 부탁드립니다	카피바라짱
42097	2026-09-16	9	4	1329	길드 운영에 대한 개인적인 생각	도미
42087	2026-09-16	0	1	159	진호정 길드 무조건 거르세요	gdgd1
42086	2026-09-16	0	0	58	천천히 꾸준히 하시게요^^	차가운사자
42084	2026-09-16	0	2	343	진호정 길드의 실체 (링크참고)	스지드
42079	2026-09-16	0	0	60	원스토어 친구코드 등록하고 50프로 쿠폰 받아가세요	q20
42078	2026-09-16	1	12	1601	과금해도 막막한데 무소과금들은 얼마나 막막할까	박살맛쿠키
42075	2026-09-16	0	0	179	경험치 부족으로 인해...	지므듣
42073	2026-09-16	0	0	257	227-30 비겁 클 기록용	하위욥
42072	2026-09-16	0	0	389	203-30 클덱	뚜쉬뚜쉬
42069	2026-09-16	0	2	230	203-10 클덱	뚜쉬뚜쉬
42065	2026-09-16	1	0	141	와 일반뽑에도 바람궁수가 나오네	이붕어
42063	2026-09-16	0	0	71	마일리지상점	M평범남
42055	2026-09-16	0	10	738	이게임에 공략이랄게 있나요	두쫀쿠키
42054	2026-09-16	4	43	1475	이 게임은 잘못만들었음	본투비레이스
42037	2026-09-16	0	1	122	장비 선택	s0xl1xxn
42034	2026-09-16	1	22	944	비겁한쿠키입니다  무과금 광제님 깰수있을거예요   208-30  드디어 깼어여  필요하면 스펙 스샷 필요하면 말해주세여    도와주신분 감사합니다   무과금덱  도움되셨나요?	Jeg
42030	2026-09-16	1	3	194	쓰레기 패키지는 양심있으면 삭제하세요	박살맛쿠키
42028	2026-09-16	0	4	186	플레이트 확률이 진짜 내가 운이 ㅈ나 없는건가요?	하율
42021	2026-09-16	0	2	43	총투 2g 길드구해요	로로찌
42014	2026-09-16	1	5	151	열쇠 관련 질문(5.5과금 관련)	으으아방치하자
42009	2026-09-16	0	3	243	과금하는데 우선순위가 있나요?	따랑해
42007	2026-09-16	0	3	377	이터널장비	거제굴톤파이리ㅣ
42004	2026-09-16	0	2	1168	ㅋㅋㅋ 아니 근데 집중 누가 씀?	Lua
42001	2026-09-16	0	2	553	명중 집중 900대인데 체감클까요?	키위요거트
41994	2026-09-16	1	1	276	32렙 4칸 이터널 9개	노쇳물강화마스터
41982	2026-09-16	0	0	57	쿠키런 크럼블 같이 수다 떨면서 하실 분	Volta
41979	2026-09-16	0	14	649	오늘의 버그제보 베스트상	레벅
41977	2026-09-16	2	8	527	마일리지 개선 꼬라지	박살맛쿠키
41975	2026-09-16	0	0	229	좀비덱(한방덱 카운터)	노쇳물강화마스터
41973	2026-09-16	0	1	24	추천인 코드 도와주실분 ㅠ	우연
41967	2026-09-16	0	0	167	이 카페엔 2개의 음모가 존재한다.	레벅
41962	2026-09-16	0	1	86	갓겜수호단들 그렇게 게임을 사랑하면 과금 좀 해	박살맛쿠키
41954	2026-09-16	0	4	60	13렙 길드 해적단 길드원 모집중	운이잇나
41953	2026-09-16	0	2	202	플레이트 하락 정신 나갔네	지여누
41951	2026-09-16	0	1	7	추천인 교환합니다	킴쿠
41945	2026-09-16	2	3	1137	널리널리 퍼져가는 장비셋팅 및 슈가룬 꿀팁	레벅
41940	2026-09-16	1	5	415	귀찮음의..산물	POPOE
41939	2026-09-16	1	3	294	아레나장비 머쓸까요?	뫀코코
41929	2026-09-15	0	11	660	오븐50개열때마다 다이아주던거삭제????	올리
41927	2026-09-15	0	0	100	62-30 클리어 덱	Volta
41926	2026-09-15	0	1	193	정지 당했다고 글 싸지르는 것도 웃김	ㅂㅈㄷㅁ
41921	2026-09-15	1	3	402	아니 에바잖아 ㅋㅋㅋㄱㅋㄱ	봉스
41913	2026-09-15	1	6	200	다들 한번씩이라도 구경오세요!! 절대 후회 시켜드리지 않을게요..!	Volta
41911	2026-09-15	0	2	197	솔직히 랜덤 상자보다	도미
41909	2026-09-15	0	2	146	ㅋㅋ 플레이트강화 이거맞나	캐무무
41905	2026-09-15	0	2	468	227-10 쥐토바이 기록용	하위욥
41899	2026-09-15	0	4	93	오래 유지할수있는 길드구합니다	푸솔라오우너
41898	2026-09-15	0	3	260	픽업뽑기권 이번 픽업에 다 안쓰면 사라지나요?	졍이
41895	2026-09-15	4	3	450	핵을썼으면 그냥 조용히	장쳰
41886	2026-09-15	0	2	153	비겁이깨다가 암걸려 뒤지겠네요	고놈물건이네
41874	2026-09-15	0	6	467	장비 분해 50개	fila스포티브
41864	2026-09-15	0	1	91	질문	starttv1
41853	2026-09-15	1	2	199	비겁한쿠키 248-30	일봐라
41845	2026-09-15	0	0	80	sr쿠키 랜덤권을 팔지	보루1
41843	2026-09-15	0	0	57	고수님들 질문드립니다	starttv1
41822	2026-09-15	0	0	71	10위권 내 길드가입 희망합니다!	강원북이
41817	2026-09-15	0	2	43	친구초대 코드 하루남았습니다…도와주세요ㅠㅠ	힝구잉
41816	2026-09-15	0	0	33	13렙 해적단 길드원 모집중	운이잇나
41815	2026-09-15	0	2	105	마카롱	바댕이
41809	2026-09-15	0	0	126	32일차)442서버 무과금 플레이 기록	공백
41803	2026-09-15	0	0	90	18연속 유지..	루치앙
41797	2026-09-15	0	0	91	정말로 이래도 안 오실거에요?? :)	Volta
41793	2026-09-15	0	1	303	축복5 아래는 마일리지 아껴야 하는거 아님 ?	어진
41787	2026-09-15	0	0	38	노움연구소 특별연구 10 재화 몇개들어가나요?	개쳐
41786	2026-09-15	2	5	20	Lv 11 [태극기펄럭] 길드원 모집!! (옾챗 보유)	JK8775
41785	2026-09-15	5	14	2445	시원하게~~ 터트리고 갑니다	알랄롤랄
41784	2026-09-15	0	0	24	13렙 길드 해적단 모집중	운이잇나
41778	2026-09-15	0	3	249	내일은 그럼 다른 패치나 업뎃없음요?	민수아빠입니다
41776	2026-09-15	0	1	48	장비 질문좀 할게요	개돼지22
41774	2026-09-15	0	0	88	다음 업뎃 언제인가요?	starttv1
41767	2026-09-15	0	3	280	마일리지 넘처난다고 핵고래인척 빙의하는애들	오태식이
41765	2026-09-15	0	1	177	게임이 끝난건아님..	전독자
41764	2026-09-15	0	4	225	이 겜 서버는 못 바꾸나요?	눈뉴냔냐리
41759	2026-09-15	0	0	69	쿠키런 추천인 유료로 해주실분 5개만	람헤랑
41758	2026-09-15	0	0	76	마일리지는 진짜 빨리좀 업댓 해라	쿠키워킹
41755	2026-09-15	0	3	314	용사파티 길드도 빌런 길드 맞음	Rhgtgvvc
41752	2026-09-15	0	0	12	새콤달콤 추천인 해주실분	람헤랑
41751	2026-09-15	0	2	220	마일리지 가장 필요한게 이거 아닌가	천사맛쿠키
41747	2026-09-15	0	0	52	언제쯤 정상화될까	Gaudium
41745	2026-09-15	0	3	281	마일리지 상점 이게 개편 한거임?	줘쑨
41742	2026-09-15	0	5	184	마일리지상점 초기화 되는건가요 ? 	o2
41735	2026-09-15	1	6	159	251 비겁이 피가안다는데..	뽀그미
41727	2026-09-15	0	1	160	삼세번이라고 진짜 일말의 기대를 했다	시유라
41723	2026-09-15	17	10	1654	마일리지 개선 전,후 비교표(수정본)	삼송스
41715	2026-09-15	1	3	995	접을거면 빨리 접는게 좋을 것 같다	이터널슈가쿠키임
41714	2026-09-15	1	1	293	풀숲 길마는 내로남불임 ? 	어진
41713	2026-09-15	0	16	828	가방에 자동 사냥 보상 전부 바로 까는 게 좋을까요?	허브맛 쿠키
41711	2026-09-15	0	3	266	마일리지 관련 정리 글	쁘락지
41705	2026-09-15	0	20	1266	마일리지 얼마 있는지 적고 가보세요	사계
41704	2026-09-15	0	0	62	강화확률맞냨ㅋㅋㅋㅋㅋ	슈퍼슈처
41703	2026-09-15	1	1	126	그냥 축복 상점 만들어라	하데스
41702	2026-09-15	0	0	48	아이고....	Gaudium
41701	2026-09-15	0	0	200	탈출합니당	닥스훈트레오
41698	2026-09-15	0	0	93	마일리지 개선 무르자	파우파우
41696	2026-09-15	0	1	153	일단 SSR뽑기는 마일리지 100만대아니면 안살듯	잠이가솔솔
41693	2026-09-15	0	0	70	이런것도 개선이라고 공지까지 시간 걸린게 웃김	문곰문
41692	2026-09-15	1	0	65	마일리지는 보너스가 아니라 필수 시스템이다	vnvnahs
41690	2026-09-15	0	0	141	게임이 망함 ㅋㅋㅋㅋㅋㅋㅋ	noji523
41689	2026-09-15	0	1	186	목요일 오전에 마일리지 다사고	잠이가솔솔
41688	2026-09-15	0	0	70	플레이트 이게 맞나요?	a10sbdbje
41687	2026-09-15	0	5	41	30-30 쿨민 공략좀 ㅠ	섹미
41686	2026-09-15	0	0	41	소규모라 업뎃 개선 느린건 유저가 알아줘야하고 돈은 돈대로 많이 벌고 싶고 하나만하자	박살맛쿠키
41685	2026-09-15	0	11	653	마일리지 1m넘는사람이 많음?	준준이쿠키
41684	2026-09-15	0	8	142	마일리지 반죽으로 일괄 바꾸고 새로 시작하자	사계
41683	2026-09-15	8	6	751	신규마일리지정리	힐링힐링
41681	2026-09-15	0	0	76	마일리지 개편 관련 추가 요청드립니다.	무명
41680	2026-09-15	0	0	102	킹덤도그렇고 이것도 겜해본사람들 없음	불타는빔
41677	2026-09-15	0	3	251	마일리지개선 평가	오태식이
41674	2026-09-15	1	9	69	11렙길드 마카롱쿠키에서 길드원 3명 구합니다	마카롱카마
41672	2026-09-15	2	2	330	내가 보려고 만드는 마일리지 교환소 신구대조	나인
41670	2026-09-15	0	3	180	근데 왜 운영자님들을 뚱카롱이라고 해요?	오태식이
41669	2026-09-15	0	4	198	아니 그래서 20000마일리지를 60마일리지로 만들라고?	똥맛쿠키
41668	2026-09-15	0	6	1119	전 서버 1위 분 혜안 다시금 존경스럽네	박살맛쿠키
41667	2026-09-15	0	0	62	뚱카롱들 18시 칼퇴 못해서 뿔나서 쉴드 소환했구나	라이스쿠키
41664	2026-09-15	0	0	50	애초에 마일리지라는걸 만들지 말아야했다	젠틀한드럼통
41663	2026-09-15	0	5	156	해줘도 징징 안해줘도 징징 ㅋㅋ	뽀그미
41662	2026-09-15	0	2	195	중?과금러 뉴비 점점 후회중	류으으
41658	2026-09-15	0	8	200	영자님이 개돼지들 말 너무 잘 들어줘서 원하는게 끝도 없네	이터널슈가쿠키임
41655	2026-09-15	0	0	54	개발진이 겜안분ㅋㅋㅋㅋ	알데칼도
41652	2026-09-15	2	0	106	마일리지 해소 및 축복 레벨 별 상점	hysy
41647	2026-09-15	1	7	485	우리섭 1등 쿠코 이사람핵인가요?	원주존맛탱
41645	2026-09-15	3	7	187	적당히 징징대라 개선 해줘도 징징거리네	이터널슈가쿠키임
41642	2026-09-15	0	0	81	걸러야될 길드는 많은데 찾기가 힘드네 제보좀	오태식이
41641	2026-09-15	0	3	244	에휴 바보들아 생각을 해봐라	허식
41638	2026-09-15	0	1	219	마일리지 개편에 상자에서 어마어마한 기싸움을 느꼈다	라이스쿠키
41636	2026-09-15	0	5	206	마일리지 교환소에 초코강이랑 시럽쇳물 추가해주면 어디 덧남?	월향
41635	2026-09-15	0	4	153	마일리지 개편 기존이랑 비교해줄 사람 없냐??	젠틀한드럼통
41633	2026-09-15	0	6	170	마일리지 개선이랍시고 올린꼬라지보니 다른것도 답없겠네	박살맛쿠키
41632	2026-09-15	10	8	843	'강제추방'이라는 말, 한 번 짚어보고 싶습니다	길드장
41630	2026-09-15	0	2	125	장비는 레벨 몇까지 나오나요?	쿠키워킹
41626	2026-09-15	0	5	189	답답하네 서버통합하면 좋은 점 정리해줄게	젠틀한드럼통
41624	2026-09-15	0	6	114	이번 업데이트 준비때 마일리지 개선 해준다면서요	벚 꽃
41621	2026-09-15	0	3	69	업데이트 로드맵 같은 건 언제쯤 나오나요	팬텀
41619	2026-09-15	0	1	95	서버통합 하라는 애들은 너네 좌뇌 우뇌나 통합하셈 ㅋㅋ	쁘락지
41612	2026-09-15	1	2	141	너네 연휴 전날 점검은 아닌거 같은데	누양
41609	2026-09-15	0	2	89	친구 1명남았는데 정말안구해지네요 ㅠㅠ	개쳐
41608	2026-09-15	0	2	113	겜 오픈한지 얼마나 댔다고 벌써 섭통 얘기가 도냐...	다낭옴닉1278
41606	2026-09-15	1	0	118	서버통합은 꿈도꾸지마쇼	여유만빵
41603	2026-09-15	0	0	53	179-10 바이커 막힘	다낭옴닉1278
41600	2026-09-15	0	3	165	서버 통합 해봤자 유저 이득 0아닌가?	박살맛쿠키
41598	2026-09-15	0	0	13	총투500 길드 구합니다	ㅁㅅㅇ
41596	2026-09-15	0	6	174	스테 장비인데 전 후 ?	개구리S2
41595	2026-09-15	0	1	228	플레이트만 박살내는게 아니었네	박살맛쿠키
41588	2026-09-15	0	0	90	서버통합 해	미림
41583	2026-09-15	2	2	304	176-30 비겁이 이 덱으로 드뎌 깼네요	반쥭
41581	2026-09-15	0	0	71	3-20 어떻게 깨면 되나요??ㅠㅠㅠ	아몬드맛땅콩
41577	2026-09-15	2	4	205	알바들 섭통 선동하는 거 보니까	하데스
41574	2026-09-15	1	10	220	반죽 제한은 없애도 되겠는데요?	라이스쿠키
41571	2026-09-15	0	7	245	총투 1G면, 토벌 점수 몇이 적정점수라고 보심?	찬식
41570	2026-09-15	2	3	257	우연이겠지만 어떻게 네이버 닉이.,,	라이스쿠키
41568	2026-09-15	0	3	210	유저가 서버합쳐서 얻게 되는것들	잠이가솔솔
41564	2026-09-15	0	6	215	서버 합치려고 알바들 여론만들려고하네ㅋㅋㅋㅋ	잠이가솔솔
41559	2026-09-15	1	1	243	임플란트 타워 pvp층 너무 안깨지네요	크림빌레나
41558	2026-09-15	0	2	482	ㅋㅋㅋ근데 걍 개발자 솔직해서 난 웃긴데	젠틀한드럼통
41555	2026-09-15	0	2	100	레벨 분배 좀 질문 할게요	차밍잉
41553	2026-09-15	0	0	140	플레이트 강화 문제는 당장 시급하게 조치해야할거 같은데	두둥
41549	2026-09-15	0	1	90	토벌전 내일 시작이에여 모레 시작이에여	뭉치맨
41542	2026-09-15	0	0	94	이렇게 보니 패키지는 진짜 많네요	라이스쿠키
41537	2026-09-15	0	8	298	대체 뭐가 문제일까요 187-10	PEACE0723
41529	2026-09-15	0	4	168	형냐들 도와주세요	겨울눈서리
41526	2026-09-15	1	0	148	데브 얼마나 일찍 퇴근하고싶은지 감도안잡히네	do
41524	2026-09-15	0	1	100	토벌용 장비 질문	옥스퍼드
41520	2026-09-15	1	6	477	350번대 서버 랭킹 1등 246층인데 이제 슬슬 폐사할 것 같다	도람
41519	2026-09-15	0	5	131	크럼블패스 질문합니다	이어루
41518	2026-09-15	0	2	225	게임에 질려버림	고놈물건이네
41516	2026-09-15	0	2	283	길드 탈퇴하면 아레나도 약해지나요??	3363
41505	2026-09-15	0	0	137	227-30 기록용 	뇽늉냥뇽
41503	2026-09-15	0	0	77	259지 오니까 콜라보 몹들 드럽게 안죽음	두둥
41498	2026-09-15	0	2	222	퓨바맛 쿠키가 머임?	루엘라
41495	2026-09-15	1	1	73	3일차 뉴비 질문 있습니다!	훈디
41492	2026-09-15	0	3	165	이제 슬슬 168다와가는데 고뽑 존버해야함?	알눈
41489	2026-09-15	0	1	212	249부터 너프했다는소린 어디서나온거임??	뽀그미
41479	2026-09-15	2	1	216	쥐토바이(폭주단 바이커) 개선해야 하는 이유	동농까마귀
41475	2026-09-15	1	2	304	224-30 비겁 클 기록용	하위욥
41470	2026-09-15	0	5	144	뉴비인데 이런류 겜 첨이라 한번만 도와주세오	인간사냥개
41466	2026-09-15	0	0	84	LV 14온돌 길드에서 길드원 세 분을 모집합니다~	세아모
41465	2026-09-15	0	6	50	총투 1G 길드 구합니다!	Lsm001
41464	2026-09-15	0	10	439	246-30 쿨민(시커x)	뱜
41459	2026-09-15	0	4	136	스텟 확인 방법좀 알려주세요	한방에보내벌
41452	2026-09-15	0	3	101	파티를 어떻게 개선하면 될까요	배고파맛쿠키
41446	2026-09-15	0	2	176	퓨바맛쿠키!?	도토리1
41442	2026-09-15	0	1	149	초코왕방울이랑 파란새 중에	김지현
41434	2026-09-15	2	5	1032	이렇게 쓰니까 스테도 나름 잘밀리고 괜찮은듯 	오징어먹고싶다
41432	2026-09-15	4	13	948	토벌전 나온상황에서 강퇴는 당연한거 아닌가?	젠틀한드럼통
41431	2026-09-15	0	3	34	13렙길드 해적단 길드원 모집중	운이잇나
41429	2026-09-15	0	2	128	권장 투력	장난치즈마
41426	2026-09-15	0	2	157	글 리젠도 떨어지는게 보이네	뭐
41416	2026-09-15	0	8	384	비겁이 35로 클리어하시는분들 리스펙합니다	의문의금융맨
41412	2026-09-15	1	3	227	스킬가속 질문 좀 드려요~~	레니군단
41408	2026-09-15	0	0	207	용병단장이랑 복지효과 아레나에서도 적용되나요?	Satellite
41406	2026-09-15	0	4	550	243-30 비겁 잠수패치임?	냥이잠
41404	2026-09-15	0	3	240	핵 자체를 막진 못하는 건가?	두둥
41397	2026-09-15	0	6	1045	자고 일어났더니 길드가 터져있네 ㅋㅋ	크럼블라
41396	2026-09-15	0	3	142	보스전을 악질적으로 만들어놓고 방치형이라는거 웃기긴해	두둥
41389	2026-09-15	0	5	806	경험치 ㅈ같네요	어늘어늘이
41388	2026-09-15	1	4	313	25섭 1위 찍먹	서신우
41387	2026-09-15	0	2	196	이거 가져가는게 맞져?	alisonn1
41381	2026-09-15	0	2	631	경험치 던전 430	제일가는망나니
41380	2026-09-15	0	1	153	오븐 반죽뽑기하면 다이아 10개씩 안주나요?	탁주한잔10원
41379	2026-09-15	0	2	137	이 게임을 시작하면 무간지옥에 빠지는거임.	다들너무흥분돼있어
41376	2026-09-15	0	2	352	풀숲 길드 길마가 비매너네요	하진빈
41370	2026-09-15	0	0	24	빨리 오셔서 소통하고 질믄하고 덱 공유하고 친구초대 코드 공유해요!!	Volta
41368	2026-09-15	0	1	161	아레나 뉴비입니다. 아레나 아이템좀 알려주세요. 저보다 2배는 낮은분들한테도 털리네요. 슈가룬작 등등도 좀 알려주세요	3363
41366	2026-09-15	0	3	365	아이 미친..	언
41361	2026-09-15	0	1	294	200-30 클덱	뚜쉬뚜쉬
41359	2026-09-15	0	0	13	57-30 쿨민 ㅋ	오데마
41358	2026-09-15	0	0	179	아침 플레이트 강화 감사르	하위욥
41357	2026-09-15	0	6	517	2번 터지는게 가능한 일이냐??	단단한바지
41350	2026-09-15	0	5	121	181-20 그루터기 애들이 자꾸 끔살 당하는데 뭐가 문제일까요?	GDGDGG
41349	2026-09-15	0	5	333	스테보상 180이후로 적어짐??	엉덩푸딩
41339	2026-09-14	24	25	3001	아 제발 써봐 이거	댕근
41336	2026-09-14	1	3	299	3.3 영구성장 슈가코팅 이거 졸라 별로인데 개선 좀안되나 ㅠㅠ	봉황
41335	2026-09-14	0	0	129	길드장이긴 하지만	ㄱㄱㄱㄱ
41334	2026-09-14	1	10	579	비겁이는 설계 자체가 미스같은데	Satellite
41326	2026-09-14	0	0	73	메소 타게팅 미치겠네	dhef9965
41322	2026-09-14	0	2	323	올 이터널 영롱 캬	개코
41308	2026-09-14	0	1	217	장비 옵션 항상 고민이네요ㅠㅠㅠ	하하은
41305	2026-09-14	1	0	155	교체 할까여?	시라소니 77
41296	2026-09-14	0	1	253	펫뽑기하다가 띠용??	hamong22
41293	2026-09-14	1	0	86	진짜 딱 한번만이라도 구경 와주세요..!! ㅠ	Volta
41290	2026-09-14	0	1	128	탱의 의미가 있나 이게임?	미넨
41289	2026-09-14	0	0	32	방치형인데 배속같은거도없고 겜 어케하란거임	이재철
41283	2026-09-14	0	1	175	이터널 장비인데 유니크 보다 뎀디 낮으먄 안 씀?	크림이
41281	2026-09-14	0	2	210	오븐29렙부터 누적 보상 한계 만들어둔 건 누구 머리에서 나온 거냐	가야지
41279	2026-09-14	0	2	328	퓨바맛 쿠키 유출???	핑계
41278	2026-09-14	0	2	190	오븐뽑기 반복퀘스트 사라진거같은데 저만그런가요?	승이주인
41275	2026-09-14	0	0	68	선생님들	Sddww
41268	2026-09-14	0	2	206	전지멜로우 20성 능력치	열이에요
41248	2026-09-14	0	3	161	31일차)442서버 무과금 플레이 기록	공백
41246	2026-09-14	0	4	163	길드가입희망합니다. 토벌 37G	에스님
41242	2026-09-14	0	2	202	스테 보상 너프를 했으면	하위욥
41240	2026-09-14	1	1	142	스테이지 273 도착!	악림
41225	2026-09-14	0	2	211	안쓰는쿠키도 레벨올려두는게 좋나요?	처음하는아이
41224	2026-09-14	0	5	152	무과금 176 도착	푸죤
41199	2026-09-14	0	5	19	추천친구 맞교환 하실분 구합니다!	개쳐
41195	2026-09-14	0	1	278	광제단은 무리해서 다이아쓰는 길드 들어가지마	잠이가솔솔
41194	2026-09-14	0	3	36	13렙 해적단 길드원 모집중	운이잇나
41187	2026-09-14	0	2	102	장비50뽑 다이아10개	명탐정코난
41184	2026-09-14	0	7	755	핵을 어떻게 티안나게 쓴다는거냐 ㅋㅋ	뽀그미
41183	2026-09-14	3	23	1555	총투 4G가 30치는건.. 어떻게 하는거지?	젠틀한드럼통
41181	2026-09-14	0	0	62	엿같은거	프리믹서
41168	2026-09-14	0	0	76	40-30 스테이지 무슨 덱으로 하는게 제일 좋은가요?	꿈을향해나아가
41166	2026-09-14	0	0	53	때로는.... 영자여....	XYLITOLX
41165	2026-09-14	1	46	1388	길드 잘린분 여태 같이해왔을껀데	불타는빔
41164	2026-09-14	0	2	828	체리콜라 슈가룬 뭐찍어야하나요	프리뱅뱅
41162	2026-09-14	2	6	923	광고제거 사고 무과금 코스프레 하는사람들 정신병 있으세요?	샤넬바디워시
41161	2026-09-14	0	0	30	78-30 도와주세요	우엉이울면
41160	2026-09-14	0	3	89	24% 성공보다 14% 하락이 더 잘되냐 ㅋㅋ	BKGOGO
41152	2026-09-14	0	0	117	플레이트 보상	속사포
41151	2026-09-14	6	6	761	인기글 막아놔서 핵이슈 끌올해요	로잉
41134	2026-09-14	0	0	8	추천친구 맞교환하실분!!	개쳐
41130	2026-09-14	0	12	403	아레나 뭐가 문제일까요	보라매경
41123	2026-09-14	0	9	153	아레나 궁금한점이 있는데요	RAMSHA
41122	2026-09-14	2	16	916	스테 많이 미신분들 질문!!	악림
41115	2026-09-14	2	8	687	무과금덱  일일 던전 다들 덱 어떤가요  전 이래써요  다이야 몇개 모았나요  다른 스샷도 필요하신분 있나요  저도 유튜브나 공카  이덱 저덱 하는중입니다   경험치 덱도있어요 나중에 막히면  사진 수정할게요	Jeg
41112	2026-09-14	0	0	51	LV 13 온돌 길드에서 길드원을 모집합니다~	세아모
41111	2026-09-14	3	4	730	인기글도 막아놧네 ㅋㅋ	알데칼도
41110	2026-09-14	0	1	62	친구초대 이벤트 친구가 1-30 넘었는데	개쳐
41106	2026-09-14	0	4	634	와 글보니깐 핵안쓰면 바보네..	민수아빠입니다
41103	2026-09-14	0	4	174	질문드립니다.	택잉
41102	2026-09-14	0	1	189	신캐는 몇성까지 키우고 재화 아끼는게 맞음?	Yottori
41099	2026-09-14	0	2	196	핵은 모든게임에 다 존재함	보루1
41098	2026-09-14	0	0	118	246-20 망치공주 질문이요..	시라소니 77
41096	2026-09-14	0	4	105	224 스테 등반 중 인데	하위욥
41093	2026-09-14	0	4	299	그럼 부계파서 티안나게핵쓰면 과금없이 서버1등이라고?	쁘락지
41092	2026-09-14	0	2	129	100스테 명중 947인데 충분함?	9ray1623
41090	2026-09-14	0	0	76	장비 옵션 질문입니다 고수님들	심심할때합니다
41081	2026-09-14	0	1	233	203-10	그려려려
41075	2026-09-14	0	1	99	임플란트 845 도와 주십쇼ㅜㅜ	주성치
41066	2026-09-14	0	0	30	에라이	빨강자두
41065	2026-09-14	0	2	196	스테이지 명중 어느정도 챙기시나요	인트
41057	2026-09-14	0	4	725	핵들때문에 35% 구간대 잠수함 패치한거냐 ?	뭔디
41055	2026-09-14	1	5	168	독수리x 대포o	뱜
41046	2026-09-14	0	0	50	169챕 입성	다낭옴닉1278
41045	2026-09-14	0	0	117	덱 두가지중 추천좀 해주세요	연신내
41042	2026-09-14	1	0	95	핵쟁이들 안잡을거임?	알데칼도
41039	2026-09-14	2	2	462	방랑자는 버렸나요? 광고조차	그겅
41036	2026-09-14	0	1	148	체콜 3성인데	제이어드
41035	2026-09-14	0	4	180	길드토벌전 보상	개쳐
41029	2026-09-14	0	0	125	제발 ㅠㅠ	스테이지덱
41025	2026-09-14	0	3	248	연구 질문	야과
41023	2026-09-14	0	2	201	폭주단 트럭	크림이
41020	2026-09-14	1	3	383	멍청한 사람들이 게임 만드니까	우양굳드
41011	2026-09-14	2	4	238	200-30에서 진행이 막힘	Satellite
41009	2026-09-14	1	3	714	다들 다음주패치 기다리시는거같은데	캣그라스먹어볼까
41008	2026-09-14	0	3	382	장비프리셋 질문.. 이제 이터널 장비 뽑기 시작했는데	토마토999개
41006	2026-09-14	0	1	118	인기글 없어진거 오류인가	ㄱㄱㄱㄱ
41003	2026-09-14	0	0	57	마고띠웅	1liche 체리
40998	2026-09-14	0	1	208	피겨맛쿠키 10성	1liche 체리
40995	2026-09-14	0	1	149	크림소다맛 슈가룬! 	말랑말랑모찌
40994	2026-09-14	3	1	285	179-30  비겁이 덱기록용 35%보정 도전하시는분 참고하세용	이게무야
40993	2026-09-14	0	1	43	쿠키 레벨은 어떻게 올리나요	ㅛ 25ㅛ
40992	2026-09-14	6	42	930	보스에 대한 불만이 왜 이렇게 많은 걸까요?	니보힘
40986	2026-09-14	0	1	418	이터널 장비는 증가폭이 크긴하네요	천사맛쿠키
40985	2026-09-14	0	3	15	초대코드 교환하실 1분	퓨닐
40982	2026-09-14	0	3	60	스테이지 100대 초중반	어늘어늘이
40980	2026-09-14	0	1	143	스테이지 난이도 점진적 상향으로 변경해주세요	차가운사자
40978	2026-09-14	1	10	516	211-10 투력 425M 쥐토바이 개극딜 클덱	부라더덩
40974	2026-09-14	2	6	498	243-30 비겁이(명랑,시커x)	뱜
40973	2026-09-14	0	5	129	무과금 조합 망치공주 조합 206-21 도움될까 올려봐요   스펙은 스샷 필요하면요 말좀해줘요       스샷 올릴게요  스테이지 올라가니까 어렵네요     전 광고  다봐요	Jeg
40961	2026-09-14	0	0	76	석류 스킬	복쿠리
40952	2026-09-14	0	1	214	도넛 집중 적용되나요???	hyunile
40949	2026-09-14	0	0	79	핫꿍 행님, 보령 행님을 찾습니다 ㅠ.ㅠ	연우
40941	2026-09-14	0	0	158	스테이지덱이랑 크럼블 던전은 어케 해야하나요	띠 모
40938	2026-09-14	0	0	125	너네는 더 욕먹어야함	윤도비잉
40935	2026-09-14	0	0	25	눈꽃 토벌100위권 길연9렙 길원 괌	문법
40928	2026-09-14	0	3	148	메크로어케하나여?	도레미
40927	2026-09-14	0	12	601	무한반복 지루하지 않나요?	vz
40926	2026-09-14	0	0	33	크럼블 던전보상	맛붕
40925	2026-09-14	0	1	150	400대 이후 서버중에 248스테 깬사람?	피넛퓨레
40922	2026-09-14	0	0	91	딸크야?	쓴맛쿠
40921	2026-09-14	0	0	53	[디스코드] 쿠키런 크럼블 정보·소통 서버 초대 (직접 만든 시뮬레이터 봇 탑재!)	Volta
40917	2026-09-14	0	0	66	핵은 좀 빨리 잡아주라	다낭옴닉1278
40913	2026-09-14	1	4	348	가장 큰일 난 점은 이제 서로 못 믿는 상황이 온거임	한날
40910	2026-09-14	0	1	200	99퍼의 유저는 스테이지 난이도가 젤 최악임	보루1
40909	2026-09-14	0	1	129	단장버프 중복되욤?	3363
40908	2026-09-14	0	5	183	235 쥐토바이 피드백	도레미
40902	2026-09-14	0	12	603	핵 팔이도 생겼는데 대처 없다고?!?	세링
40900	2026-09-14	0	1	545	체리콜라 사용처 드디어 알아냄	올해는미안해요
40890	2026-09-14	1	1	205	접을때가 된듯..	엠버
40888	2026-09-14	0	0	274	길드모집글이 끊이지 않는다는 건…	두둥
40885	2026-09-14	0	3	188	플레이트 박살관련 시스템 문제	하율
40883	2026-09-14	0	0	141	핵 이슈 관련 공지 전까지 현질 안합니다	세뤼
40878	2026-09-14	0	0	44	이제 163스테 진행중. 200스테 이후가 개빡이라는데 기대되네여	다낭옴닉1278
40877	2026-09-14	0	3	545	투력 11등유저가 갑자기 크럼블3등되고 스테도 하루만에 다올리는데	꺼비꺼빙
40875	2026-09-14	0	0	89	핵 및 강화 해결 전까지	막군
40874	2026-09-14	0	10	441	접게 되는 유형	세링
40871	2026-09-14	0	2	168	성공 확률 30%인데 연속 14번 안붙을 수 있냐?	용개미
40862	2026-09-14	0	4	294	다이아 60만개 모앗는데 체리 뽑는게 좋을까요? 현재 2성입니다	장군e
40860	2026-09-14	3	7	255	게임의 대부분을 운으로만 해야하는 시스템 문제	하율
40857	2026-09-14	0	1	157	기운 받아가셔요	지므듣
40856	2026-09-14	0	0	154	게임이 왜 점점 나락이냐	처직처직
40851	2026-09-14	0	0	186	싯팔 민심 회복 방법 알려준다	단단한바지
40847	2026-09-14	0	9	634	비겁이 잡다가 겜 접습니다	원분
40846	2026-09-14	6	5	1006	최상위권 길드가 전부다 핵이라고???	속사포
40840	2026-09-14	0	0	128	30뽑 레전 2개	193846294657926
40839	2026-09-14	0	12	524	길토전 본인투력 몇배정도가 잘친건가요?	밀크흑당버블티
40838	2026-09-14	0	0	86	싯팔련들아 플레이트 확률 조작 어쩔거냐	단단한바지
40837	2026-09-14	0	0	47	249-1스테지	한짱
40827	2026-09-14	1	5	172	까까 길드원분들 이 글을 보신다면 댓글 한번씩 부탁드립니다.	드래곤12345
40821	2026-09-14	0	2	199	다르건몰라도 핵관련해서는 공지 올라와야 할꺼같은데?	비겁한 데브
40820	2026-09-14	0	6	311	스텔라 별자리 질문이요	F예비군공
40816	2026-09-14	0	0	103	초코강 강화하기 6일, 7일차	준시
40814	2026-09-14	0	0	133	핵도 배속이랑 보스 자동도전 있는데	Akrad
40813	2026-09-14	0	0	114	플레이트 박살 계속 올라오네	두둥
40811	2026-09-14	2	2	193	근데 확률 의심되면 공정위에 신고를해	T100 쿠박이
40809	2026-09-14	0	1	142	단장렙4 열정페이 초고속승진 중복됩니까?	3363
40808	2026-09-14	0	4	125	선택좀 부탁 드립니다 ㅠㅠ	한짱
40805	2026-09-14	0	0	54	피노누아보다 체콜이 더 안나와잉	댕근
40804	2026-09-14	0	2	224	환불받는방법 있음?	처직처직
40803	2026-09-14	0	0	179	우리 갓겜수호단들 ㅇㄷ? ㅋㅋㅋ	T100 쿠박이
40799	2026-09-14	0	4	37	새콤달곰 막차 교환하실분	뱅온
40797	2026-09-14	0	0	320	장비 좀 터질 수도 있지	터리
40796	2026-09-14	0	2	211	초코강 300개 패키지	부산ll젼우
40795	2026-09-14	0	1	461	환불받고싶어해도되는거맞지 ?	델몬트S007
40794	2026-09-14	1	3	252	플레이트강화 진심 백프로 확률 조작있다	델몬트S007
40793	2026-09-13	0	3	290	프리셋 변경 빨리 해주자...!	사계
40785	2026-09-13	0	0	74	[디스코드] 쿠키런 크럼블 정보·소통 서버 초대 (직접 만든 시뮬레이터 봇 탑재!)	Volta
40782	2026-09-13	2	0	532	243-10 쥐토바이 (안죽는 세계선을 찾아서..시커x)	뱜
40774	2026-09-13	0	1	439	플레이트 강화 혹시 순서가 있나요??	개쳐
40770	2026-09-13	0	0	41	51-30 비쿠 캇	오데마
40769	2026-09-13	0	0	59	도넛 집중 적용되나요??	hyunile
40764	2026-09-13	3	2	530	근데 솔직히...겜 상태가..	랑데부926
40763	2026-09-13	0	6	488	이거 필수구매인가요?	넌 내게반했어
40762	2026-09-13	0	1	286	업데이트 한 지 며칠 지났다고	루루루루루
40758	2026-09-13	1	15	541	혹시 크럼블던전 팁같은게 있을까요? 겜잘알님들 꿀팁 방출해주세요!!	하몽입니다
40756	2026-09-13	0	0	224	반죽 31기념 이틀차 또 득	크림이
40755	2026-09-13	0	0	132	반죽 31 된 기념 이틀차	크림이
40752	2026-09-13	0	2	457	와 그러면 최상위권 길드 다 핵이었음?	에스님
40751	2026-09-13	0	0	315	디시 념글 보고 왔는데 ㅈㄴ 충격적이네	에스님
40750	2026-09-13	0	0	68	개발자들 일 안 하나, .	에스님
40749	2026-09-13	0	0	194	현재 모든 서버에 핵유저들이 많아졌나요?	파동Padong
40739	2026-09-13	0	1	136	내일도 데브 주식 또 떨어지겠구나	라이스쿠키
40734	2026-09-13	0	0	241	이속 돌고돌아 원점..	악림
40731	2026-09-13	0	2	40	뉴비 조언좀 부탁드립니다	용가리리리
40725	2026-09-13	1	1	348	하 저번 공지 이후 징징 멈추고 추가 현질도 했는데...	한날
40724	2026-09-13	1	0	7	조건없는 자유길드 '대벼룩'에서 길드원 모집합니다. 뉴비환영	방달곰
40723	2026-09-13	2	5	354	장비 올 15강	서신우
40722	2026-09-13	0	0	154	30일차)442서버 무과금 플레이 기록	공백
40720	2026-09-13	0	0	51	지금도 푸르름은 맑게 있어	이상한 놈
40717	2026-09-13	1	3	234	본격! 스테이지에서 세계선을 찾던 내가 토벌전에서도 세계선을 찾게 된 건에 대하여	곰은사람을찢어
40713	2026-09-13	0	2	117	한번에 클리어하기 멈춤	개쳐
40712	2026-09-13	0	0	41	알려줘요~	한짱
40708	2026-09-13	0	0	122	핵쟁이들 다 계삭하면 해결됨	비겁한 데브
40706	2026-09-13	0	1	37	눈꽃 길연9렙 토벌160등	문법
40705	2026-09-13	5	8	1041	근데 솔까 얘네가 핵때문에 환불 해주겠음?	엄시우
40702	2026-09-13	0	2	235	ㅋㅋㅋ 어떻게 2트만에 !	터리
40693	2026-09-13	2	2	165	241-30 쿨링민트	뱜
40692	2026-09-13	1	8	314	원래 168까지 고속도로인가요?	알눈
40686	2026-09-13	1	0	71	운영도 ㅈ같고 소통도 ㅈ같고 핵도 못잡고 돈쓰는데 서비스가 하나도없네 ㅋㅋ	윤도비잉
40684	2026-09-13	11	5	1539	이게 맞냐 데브야	쿠크
40682	2026-09-13	0	0	127	코리아 쿠키런 크럼블 서버에서 초대장이 왔어요.!!	Volta
40679	2026-09-13	0	0	74	데브 너네는 핵도 못잡고 잠수 패치하고 환불해라그냥 단체 고소드가기전에	윤도비잉
40676	2026-09-13	0	0	59	Nuclear launched detected	막군
40673	2026-09-13	1	2	202	스테이지 팁 게시물을보다보면	개쳐
40661	2026-09-13	0	0	61	쿨민 단장3렙 전투력보정 35	3363
40656	2026-09-13	1	2	139	[질문] 길마가 미접이여도 계속 길마로 유지하나요?	프로웃음사냥꾼
40654	2026-09-13	1	0	104	핵 잡아라 진짜 주가 하한가 보기 싫다 	세링
40651	2026-09-13	0	0	194	데브야 핵잡아라	seongㄹ긵
40650	2026-09-13	0	0	393	쿠키런 크럼블 최신 쿠폰 티어표	IllIllI
40646	2026-09-13	0	0	23	쿠키런 60계치킨 이벤트참여	히예쓰
40645	2026-09-13	0	1	248	핵이고뭐고 283-30 비겁이	속사포
40643	2026-09-13	0	8	491	명량사용안함  노광제 무과금덱203-30 클리어덱 조합 공유  클리어 하시길	Jeg
40633	2026-09-13	6	4	1772	토벌전 900배 꿀통 푼다	다들알잖아
40632	2026-09-13	0	0	83	203지 비겁한 쿠키에 막힘...	월향
40627	2026-09-13	0	0	115	이거 권투력 좀 낮춰야하지않나?	월린
40620	2026-09-13	0	0	29	초보 질문 좀 하겠습니다	차밍잉
40613	2026-09-13	0	11	142	도움 좀 주실수있을까요 34-30에 쿨링민트 한테 막혔어요	아무거나상관없음
40612	2026-09-13	1	0	36	그룹1위 Sing 상위권 지향 길드원 모집 합니다.	넥스터
40610	2026-09-13	1	0	297	219-30 비겁 컷 기록용	하위욥
40608	2026-09-13	1	0	304	임플란트 850 클리어	포현1017
40602	2026-09-13	0	1	287	소문 보니까	Gaudium
40597	2026-09-13	0	1	33	24-30 공략 방법 좀요 ㅠ 	섹미
40596	2026-09-13	0	0	46	12렙 길드 지인10명 운영중 길드원 구해요	노뱅님
40594	2026-09-13	1	1	138	쥐토바이 &lt;&lt; 얘가 접은유저중 50퍼는 만들었음 ㄹㅇㅋㅋㅋ	T100 쿠박이
40590	2026-09-13	0	2	205	토벌전 조합 뭐써야 하나요	머니
40589	2026-09-13	0	5	565	퓨바맛 쿠키가 왜	벼락받은하얀양
40586	2026-09-13	0	1	155	시커랑 밀키웨이	미용츄르
40581	2026-09-13	1	1	358	망겜 접는다	경남으넹
40580	2026-09-13	2	0	70	오븐 장비 퀘스트	이준홍
40579	2026-09-13	2	1	313	장비옵션	루디파팡
40577	2026-09-13	3	0	224	(비틱주의) 역대급 행운 ㄷㄷㄷㄷ	아뱀
40576	2026-09-13	1	6	466	TSSR 쿠키 얻어도 별등급 낮으면 안쓰는게 좋나요?	아무거나상관없음
40567	2026-09-13	0	0	91	후반기준 얼음과자새 20성 vs 캐쉬펫 왕방울 10성	방학찍먹
40565	2026-09-13	2	11	1062	우유맛 열정페이 사용법	와따웅나
40563	2026-09-13	0	2	88	매주 플레이트 패키지를 사도 박살 시스템으로 무과금화와 함께 유저멘탈까지 박살	두둥
40556	2026-09-13	0	2	65	아까 시작한 뉴비입니다 질문좀드릴게요	이붕어
40554	2026-09-13	1	9	954	박살 진짜 어떤 대가리에서 나온거냐 ㅋㅋㅋㅋ	호호이얏
40548	2026-09-13	0	16	549	현질하기 가성비 좋은 패키지 문의 (고수분들 부탁드려요!)	옥스퍼드
40546	2026-09-13	1	3	647	오 스텔라링크 별모양	검돌
40545	2026-09-13	0	0	110	픽업 감사합니다~	Justice
40543	2026-09-13	0	6	170	집중 991.6 장비 선택	냐냐
40542	2026-09-13	0	2	330	이온맛 쿠키 슈가룬 스킬증폭 질문 드립니다.	kkty924
40540	2026-09-13	0	4	150	사격형 쿠키 메론소다 vs 바람궁수	랩소디제이
40535	2026-09-13	0	0	572	240-30 비겁이(명랑,시커x)	뱜
40534	2026-09-13	0	2	43	질문좀 드릴께요ㅠㅠ	한짱
40533	2026-09-13	0	1	161	돌파력 패키지 1.5짜리 구매하신분들	하위욥
40532	2026-09-13	0	0	27	초대이벤 완료	냐낭이
40528	2026-09-13	66	14	2258	스테이지 덱 공유	1liche 체리
40527	2026-09-13	1	0	113	크럼블장비로알아보는 킹덤쿠키무기들	계피호떡맛쿠키
40522	2026-09-13	0	0	81	쇳물을 판매하기 위해 하락과 박살이 있다?..	Barbahboss
40518	2026-09-13	0	1	132	패키지 효율	절전
40510	2026-09-13	0	0	575	219-10 쥐돌이 클	하위욥
40509	2026-09-13	0	0	50	선생님들 3430 쿨링민트 도와주십쇼ㅜㅜㅜ	진도링
40508	2026-09-13	1	2	494	길드 토벌덱	말랑콩야
40506	2026-09-13	0	0	520	216-30 비겁 55퍼가 답이다	하위욥
40503	2026-09-13	0	2	145	이거 뭐임	분필가루
40497	2026-09-13	0	3	218	다들 무자본이면 지금 몇M임?	매화검객
40492	2026-09-13	0	0	14	안녕하세요	부업가능
40487	2026-09-13	0	1	114	비겁한 쿠키는 언제 픽업 나올까요	여름1일차
40481	2026-09-13	0	0	31	로그인 프로비저닝	이세연
40477	2026-09-13	0	12	1384	반죽반복퀘까지 없어지면 진짜 수급이 없어지네	잠이가솔솔
40473	2026-09-13	0	0	25	(눈꽃) 토벌전163등 길드연구9 길원괌	문법
40469	2026-09-13	0	7	662	방금 시작한 뉴빈데 ssr 우유 받나요??	이붕어
40466	2026-09-13	0	10	926	203-10입니다 쥐토바이 깼어요 감사합니다   무과금에 슈가룬 언제부터해야되나요  스샷 추가하는게 도움될까요   2번째  3번째 쥐토바이  조합 올렸어요  깨신분있나요  전 광고  다봐요	Jeg
40465	2026-09-13	0	0	49	플레이트 확률 검증 및 로그확인 기능 추가해주세요	두둥
40458	2026-09-13	0	3	502	너무 힘들다	자까
40456	2026-09-13	0	5	748	반죽 반복퀘 이제 없어짐?	만보만만보
40455	2026-09-13	0	3	164	고수형들 골라주세요	야삐야미
40454	2026-09-13	0	2	1096	경험치 던전	싶싶
40453	2026-09-13	0	1	125	246-30에서 멈췄어요 도와주세요	한짱
40451	2026-09-13	0	2	64	5일차 뉴비입니다 🌱🌱🌱	돌하루팡
40440	2026-09-13	1	4	134	쥐돌이 때문에 하기가 싫어지네	르디당
40438	2026-09-13	0	0	44	쥐돌이 때문에 미치겠네	거언회
40437	2026-09-13	1	3	806	다음 패치에 프리셋 개선되는거 맞음?	정주환
40436	2026-09-13	0	3	864	이거 무슨상황인지 알려주실분..	단빠
40433	2026-09-13	0	1	500	우유 슈가룬	cwscws4045
40432	2026-09-13	0	0	17	추천친구 교환하실 분!	지혜와용병ㅋㅋ들
40431	2026-09-13	3	14	619	안녕하세요 15퍼단입니다	S2 하리보
40430	2026-09-13	0	0	166	스테이지 존버 해야겠어요 ㅠ ㅠ	쫑비
40429	2026-09-13	0	2	329	다들 스테이지 보상 제대로 들어오시나요??	meerkat
40428	2026-09-13	0	0	51	박살 만든 인간 면상 진짜 보고 싶다	두둥
40425	2026-09-13	0	0	71	현재 디스코드에서도 쿠키런을 할 수 있는 봇을 개발 중..! 한번 구경하러 오세요	Volta
40423	2026-09-13	0	2	337	핵 이거단속해야되는거아님?	텐트2
40418	2026-09-13	0	8	550	무과금 10분만에 바궁, 오븐방랑자 뜸	한오환
40417	2026-09-13	2	3	229	이건무슨버그인가요	너의명치
40415	2026-09-13	4	0	216	소통도 시작했지만, 그럼에도 부족한 점이 많긴하네요. 스테 별 유저 이탈지점 파악해봐요	Noahs
40413	2026-09-13	0	2	256	이제 시작됐다…	언
40408	2026-09-13	0	0	21	Lv 13 길드원모집	초보길드
40407	2026-09-13	2	1	136	박살난거는 본인선택이니 게임욕할건없다..	뽀그미
40405	2026-09-13	0	4	94	두마리	천안ll차니아빠
40401	2026-09-13	1	0	151	박살 만든 개발자 제정신은 맞음? 박살 확률 공개해라 이거	접기직전
40400	2026-09-13	0	4	431	? 내 3000커터 샤갈	클레임
40393	2026-09-12	0	1	230	168 이후에 왤케 뭐라 하나 했더니	미넨
40392	2026-09-12	0	2	130	방치 오래 켜둘때 몹들한테 다 죽어있던데	라라라라
40387	2026-09-12	0	0	470	248스테이지 이후 249스테이지부터는 좀 쉽다고했는대 저는 왜 그대로 인가요 ㅠㅠ	지구인
40382	2026-09-12	0	0	108	📌 쿠니버셜 스튜디오 초대권이 날아왔어요!	쿠니버셜 스튜디오
40381	2026-09-12	0	3	373	오븐 30랩이면 장비 뽑을때 50개마다 나오던 크리스탈 퀘스트 없어지나요??	엠버
40365	2026-09-12	0	1	112	뉴비 덱 조합 좀 부탁드립니다...	진도링
40363	2026-09-12	0	1	104	당신의 선택은??	아낙새
40359	2026-09-12	0	0	71	46-30 쿨민 ㅋ	오데마
40356	2026-09-12	1	14	354	엥 퓨바맛 쿠키 버근가	나루세
40354	2026-09-12	0	0	16	카드 최대레벨	릉원
40351	2026-09-12	0	0	220	ㄴㅇㅁ 장난하나 ㄹㅇ	크림이
40348	2026-09-12	0	3	31	추천임 교환 하실분 계신가요	서울WBlll
40341	2026-09-12	0	0	117	179-30 도와주세요	떠돌이
40339	2026-09-12	1	5	574	이게 나오네 0.002 퍼	크림이
40336	2026-09-12	0	0	137	명중785이거라도먹어야될까요?	밥먹자
40326	2026-09-12	0	0	15	독도 길드 (lv.10) 인원 구합니다~	ililllliiiIIl
40321	2026-09-12	0	0	129	퓨바맛쿠키 정체가 뭐임대체	크럼블갓겜
40320	2026-09-12	0	0	54	아니 성공은 20%대고 실패는 10%인데	호이쨔
40318	2026-09-12	0	0	90	아오 ㅆ	우윰
40297	2026-09-12	1	6	160	장비 맞추는거	냐낭이
40295	2026-09-12	0	8	1048	장비셋팅과 슈가룬 꿀팁	레벅
40287	2026-09-12	2	0	98	29일차)442서버 무과금 플레이 기록	공백
40286	2026-09-12	0	0	8	LV.8 길드 '위치베리쿠키' 길드원 모집합니당	위치베리베리
40285	2026-09-12	0	2	169	장비 어느거 가져가죠?	가루
40266	2026-09-12	0	0	7	새콤달콤 초대 이벤트 해주실분♡	람헤랑
40265	2026-09-12	0	0	59	퓨바맛?	밀니미아
40262	2026-09-12	0	0	104	운영자 욕했다고 기록 말살형은 ㅋㅋ	내가만든쿠끼
40261	2026-09-12	0	1	64	성장컨텐츠 다음에 나오는거지?	보루1
40252	2026-09-12	2	3	1637	장비셋팅 어려우신분들+슈가룬꿀팁	레벅
40243	2026-09-12	0	2	163	보물상자에서 쇳물 왜캐 안 나오지	사계
40242	2026-09-12	0	0	203	쿨링도 체리콜라가 더 잘잡나요?	피구요
40236	2026-09-12	0	1	113	레벨 분배 어떻게하면 좋을까요?	킹스w
40226	2026-09-12	1	2	168	이건뭐냐	llllllIIllIIllllI
40207	2026-09-12	0	0	14	크크크 치킨봇 인증	구름구름8
40201	2026-09-12	0	2	164	레벨업 막혔는데 쓰나요??	mljyg
40196	2026-09-12	0	0	30	한번 놀러오세요!!	Volta
40194	2026-09-12	0	0	41	시작한지 일주일 인데	뉴비비
40190	2026-09-12	0	0	69	축3 바궁 6성	언
40186	2026-09-12	0	0	8	LV.10 해적왕 길드원 모집!!	흐하하앙
40180	2026-09-12	0	2	205	스텔라	마술피리
40168	2026-09-12	0	1	100	뭔가 쿠키뽑기	크리넥스12
40167	2026-09-12	2	6	343	방치형인가이게?	Eternal
40165	2026-09-12	0	2	62	Ssr확정 받는법있나요?	아무거나상관없음
40164	2026-09-12	0	1	185	길드 옮기는게 좋을까요?	잉상
40155	2026-09-12	0	2	203	스텔라 전부 86인데 90넘기는방법좀.. 그리고 스텔라포인트 몇개 필요해요..	3363
40151	2026-09-12	1	2	204	체리콜라맛 쿠키 획득!!!!	태양불꽃소년
40149	2026-09-12	0	6	322	스테이지에서 집중 명중 챙겨야 하는 게 대략 어느 스테이지부터인가요?	꾈
40143	2026-09-12	0	4	157	장비 뭐가 더 좋을까요??	삼도수군통제사
40129	2026-09-12	0	3	131	코드를 어캐 짜면	인트
40128	2026-09-12	0	4	227	콘텐츠 중요도가 어케 되나요 쿠키 성장이 멈췄습니다 ㅠ	허브맛 쿠키
40126	2026-09-12	0	3	522	이거 100퍼 맞추려면 몇개 드갈까요 형님들	하위욥
40113	2026-09-12	0	1	101	플레이트 쌍욕나오네 니들 확률 조작했냐?	킥아
40108	2026-09-12	2	7	739	432.71M 79.22G	도미
40103	2026-09-12	0	2	77	혹시 PC로도 가능한가요?	9OuRObOrOS9
40100	2026-09-12	0	5	32	새콤달곰 서로 교환하실분..!	닷뚜뚜
40098	2026-09-12	0	0	155	비겁이컷 원래빡신가요?	M구릉달
40094	2026-09-12	2	3	358	팀투 2g 스테이지 등반 	속사포
40092	2026-09-12	2	2	307	238-20 망치공주(시커x,체콜채용)	뱜
40087	2026-09-12	0	0	92	폭쥬단 트럭 ㅋㅋㅋㅋㅅㅂ	크림이
40086	2026-09-12	0	0	59	오방4성 다른 쿠키랑 바꾸고싶다	시아시아시아
40079	2026-09-12	2	3	929	체리콜라 뽑을 만한가요...?	젠잇츠
40074	2026-09-12	0	4	208	200이후 비겁이 35퍼 덱좀 알려주세요..	레붕이
40070	2026-09-12	0	6	173	업뎃 이후로	야르렁렁
40067	2026-09-12	0	0	122	216-30 주차시작	하위욥
40064	2026-09-12	11	3	2797	스포) 다음 업데이트 유출	원더풀한 개
40061	2026-09-12	0	2	422	임플란트 타워 pvp층 덱 추천 부탁드립니다.	크림빌레나
40059	2026-09-12	0	0	197	종신할게요 사랑해요 저능하다욕해도좋아요 	뱜
40054	2026-09-12	0	6	589	스텔라 ㄹㅇ 웃긴점	두둥
40053	2026-09-12	2	6	384	고수님들 제발 도와주세요...	떠돌이
40048	2026-09-12	0	1	174	게임이 열받는 이유	프리믹서
40047	2026-09-12	0	1	101	근데 단순방치형이 아니어서 계속하는거긴함	잠이가솔솔
40042	2026-09-12	2	5	293	스테이지 보정 없애고 하향해라	보루1
40041	2026-09-12	0	2	151	스텔라 한개 덜 열렸을 때 돌리는게 좋은거같음	장은
40039	2026-09-12	0	4	133	삼토바이 개ㅈ까치 잘만들었다..	뽀그미
40035	2026-09-12	1	2	152	오븐방랑자 상향	코럼블코
40024	2026-09-12	0	1	138	다음 업데이트는 화~수요일쯤에 하겠네	잠이가솔솔
40021	2026-09-12	0	2	1073	우유.. 슈가룬 SSR 욕심 부린자의 최후...	세링
40018	2026-09-12	0	0	54	다음 펫 예상	코럼블코
40016	2026-09-12	0	1	246	ㅂㅂ 망겜 떠나요	1달내섭종
40015	2026-09-12	0	0	532	체리콜라를 사용한 레드베리암살자 사냥덱	뱜
40009	2026-09-12	4	15	738	200-30 비겁한쿠키 입니다 무과금   광제  다들 여기까지 올수있어요  스펙이 궁금하면  스샷 추가할게요  도움이 되는가요  깨신분있나요   전 광고  다봐요	Jeg
40002	2026-09-12	1	0	151	237 마오카이 나오는 보스맵 전체사용덱	뱜
40000	2026-09-12	0	0	92	열심히 스테이지 깨는걸 방해하는 그녀석	차가운사자
39999	2026-09-12	0	0	45	아직도 친구초대 5명 못채웠습니다ㅠㅠ	로로맛쿠키
39997	2026-09-12	0	0	92	693m 24030 비겁이	육스스
39991	2026-09-12	0	1	57	길드...	자감자
39990	2026-09-12	2	3	74	쥐토바이	Eternal
39986	2026-09-12	0	1	190	핵 사용 유저 조치를 제대로 취하지 않고 서버 유저들을 기만한 운영진	류으으
39984	2026-09-12	1	0	314	7-10 95% 이대로 종결냄니다..	뱜
39979	2026-09-12	0	2	62	계정관련 질문드립니다	한짱
39975	2026-09-12	0	0	116	허브 옵	마술피리
39971	2026-09-12	0	1	149	하면 할수록 개노잼	복귀자
39962	2026-09-12	4	12	1784	왜 169 이상 애들이 징징거렸는지 알겠다	라잇호
39961	2026-09-12	0	0	4	크르렁 신생 길드 길드원 모집합니다! 🔥🐺	오덕배
39955	2026-09-12	0	1	65	길드 서버 상관없이 가능한가요?	게허
39947	2026-09-12	135	45	4005	아레나 장비 옵션 공유	뿌뿌꾸
39936	2026-09-12	0	4	311	제가 2일차인데 물어보고싶은데 카페에덱관련 글이많은데 적용시키기 어려운상태라 질문합니다	아무거나상관없음
39934	2026-09-12	0	2	110	개선사항들 2주간격으로 업뎃할거야 ?	뭔디
39917	2026-09-12	0	2	212	갈수도 없고 ㅠㅠ	마술피리
39915	2026-09-12	0	1	110	서버 운영팀 절찬 모집 중...!	Volta
39912	2026-09-12	0	0	66	공식이 말아주는 라임오렌지커플링	ㅂㅏ
39908	2026-09-12	0	5	594	이게 뭔가요?? 퓨바맛?	피닉스다트
39907	2026-09-12	0	2	137	정글전사 슈가룬 뭐로 하나요	밀리
39904	2026-09-12	0	2	338	우유 슈가룬	또리리
39892	2026-09-12	0	0	76	쥐토바이 의도가 대체 뭐냐?	AJ4
39891	2026-09-12	1	0	231	아레나덱 조언훈수 부탁드려요	byeolbe
39887	2026-09-12	0	18	888	시골섭은 서버 통합 해주세요......	dhef9965
39877	2026-09-12	0	0	43	링크로 설치하고 보상받으세요	드라이버
39875	2026-09-12	1	2	190	쿠키 레벨업 뭐부터 해야하나요?	죠흔
39873	2026-09-12	0	0	81	김상만73세 저 ㅂ신은 오랜만에 와도 여전하네 ㅋㅋㅋㅋㅋㅋㅋㅋ	넵ㅇㅇ넹
39872	2026-09-12	0	2	110	도넛킹 변이 시키는거 보스맵에서는 적용 안되나요?	구경구경맨
39871	2026-09-12	0	9	326	노움연구소	sjdje26
39870	2026-09-12	0	1	65	쿠키 위치 변경하는법	초코1
39867	2026-09-12	0	1	267	무과금 두 번째 5성 레전더리	푸죤
39862	2026-09-12	0	5	68	길드 구합니당 총투1.4g, 토벌 11g	케로로봉
39861	2026-09-12	0	2	146	SSR 쿠키상자 뭐받을까여	loser627
39859	2026-09-12	4	17	1957	근데 던전은 보상 설계 미스아닌가?	egge
39858	2026-09-12	0	0	177	비겁이 잠수패치함?	Asd0345
39857	2026-09-12	0	0	69	초코강 강화하기 5일차	준시
39856	2026-09-12	0	0	29	46-20 ㅋ	오데마
39852	2026-09-12	2	15	1200	역대 해본 겜 중 가장 근본없는 겜	크럼블즈
39851	2026-09-12	0	0	5	DKTTW8808 친추 ㄱㄱ	히치는귀여워
39843	2026-09-11	0	1	226	다음주 스테이지 완화 없으면 ㅈㅈ일듯	보루1
39838	2026-09-11	0	2	204	고수님들 스테이지덱 어떤게 나은지 부탁드립니다	뉴비이잉
39834	2026-09-11	0	0	10	.	Volta
39830	2026-09-11	1	1	90	디스코드 국내 최고의 쿠키런 키우기 서버	Volta
39824	2026-09-11	0	0	326	비겁이는 정말 짜증난다. 184-30 클리어 성공	쿠키런 조아요
39823	2026-09-11	0	1	103	제 스텟 어떻게 보나여	우엉이울면
39819	2026-09-11	0	1	151	체리 타워에서 좋나?	어시왕브페
39815	2026-09-11	0	0	9	친구 코드 교환하실분?	못말리는신짱두
39814	2026-09-11	0	0	36	겁	3363
39813	2026-09-11	1	2	185	178-30 쿨민 덱기록용 149m 35%보정 최소컷 도전하시는분 참고용	이게무야
39812	2026-09-11	0	1	288	초코강 잠수함 패치했네	Grea
39811	2026-09-11	2	8	393	핵유저 정지 한답시고 랭킹에서만 내리고 정상 플레이 가능하게 만든 운영진	류으으
39806	2026-09-11	2	2	487	235-30 비겁이(체리콜라)	뱜
39802	2026-09-11	13	3	511	이 게임은 핵 사용자 조치를 딱 "절반 만큼만" 하시는 건가요? 꼭 봐주세요. [핵유저 조치 미흡]	류으으
39799	2026-09-11	0	5	1130	경험치 던전 막혀서 고민 중인 1人입니다.	랩소디제이
39786	2026-09-11	0	3	84	당신의 선택은??	아낙새
39782	2026-09-11	0	2	144	오븐레벨29에서30	다룰
39779	2026-09-11	0	1	70	212스테이상 35투력으로 삼토 비겁 등 잡는거 찾고있는데 복지3렙으로 가는거 얼마나 있나.. 안보이는데	3363
39770	2026-09-11	0	0	10	*해적왕*Lv.10 길드원모집	흐하하앙
39766	2026-09-11	0	1	91	투력 6M300K 인데ㅔ..	뉴비비
39765	2026-09-11	0	3	94	4일차 뉴비입니다 🌱🌱🌱	쿠쿠루키런
39764	2026-09-11	1	3	677	토벌전 이속? 연구해본다!!!	악림
39758	2026-09-11	0	2	100	반죽 보상 안들어오는데..	유한락이
39751	2026-09-11	0	3	209	진짜 적당히해야지	밤비심
39748	2026-09-11	0	0	39	쥐	3363
39743	2026-09-11	0	0	115	28일차)442서버 무과금 플레이 기록	공백
39737	2026-09-11	0	2	313	체콜 픽업뽑기 기간은 왜	camu
39736	2026-09-11	1	3	367	모든 장비 이터널 달성	별 빛
39731	2026-09-11	0	4	189	전섭 랭킹을 어디서 보는건가용	조럥이떡
39730	2026-09-11	1	4	244	시커 5성	초보뉴비
39728	2026-09-11	0	4	305	이게 유니크 장비 패키지인가요?	아무거나상관없음
39722	2026-09-11	0	0	105	브시커 5성	자감자
39714	2026-09-11	0	0	29	12렙 고야미 길드 길원구해요 	사이먼도미닉
39708	2026-09-11	2	1	455	176-30 비겁이 최소컷 도전  참고용 덱입니당  영상o 135m 5트?클	이게무야
39706	2026-09-11	0	4	140	박살~~~	속사포
39699	2026-09-11	0	6	107	안녕하세요 뉴비입니다 궁금한게 있어서 질문합니다	아무거나상관없음
39686	2026-09-11	0	0	23	해적왕에서 길드원 모집중	흐하하앙
39682	2026-09-11	3	8	2361	우유맨 슈가룬 이정도면 되나요?	Shatterings
39679	2026-09-11	0	2	155	뽑기레벨 7레벨 뉴비인데 다이아 10만개는 고급 뽑기에 그냥 사용하면 될까요?	두식몬
39674	2026-09-11	0	1	102	컴퓨터로 하려고 계정 연동하다 기존 계정 날라갔는데 복구되나요?	코요레팍
39669	2026-09-11	0	5	266	임플란트타워	포현1017
39666	2026-09-11	0	4	187	이거 시즌초에 사야하나요?	권환희
39665	2026-09-11	0	6	66	길드 가입 하고싶어요~	잠만보
39655	2026-09-11	4	3	488	쥐토바이 200번대 이상 층에서 너무 기괴하지않나요?	냥꾼이이
39653	2026-09-11	0	0	37	상점버그	슬리퍼도둑
39650	2026-09-11	0	0	87	오픈 6주동안 컨텐츠 업데이트가 없는 게임이있다고?	길현아행사그만다녀라
39648	2026-09-11	0	2	396	실론 안쓰는 이유	한 준
39644	2026-09-11	0	2	82	뭐껴야하나요?	크하른
39636	2026-09-11	0	0	44	국내 최고의 디스코드 쿠키런 키우기 서버 개설!!!	Volta
39634	2026-09-11	0	0	10	Lv.10 고로케성운 길드원 모집합니다!	라루
39631	2026-09-11	0	0	9	LV.8 타오르는쿠키 길드모집(라이트유저대환영)	GG213
39628	2026-09-11	0	1	131	픽업기간 남은기간  11일19시간이던데	바밍사랑단
39625	2026-09-11	2	7	1183	체리콜라 픽업 기간 이상한데	헴찌
39624	2026-09-11	0	3	288	프리셋 개편 "존버"	별 빛
39612	2026-09-11	1	0	313	무소과금 체리콜라맛 쿠키 공략 몇성까찌 뽑아야할까?	응백
39604	2026-09-11	0	10	672	이건 뭐예요??	죠ㅜㅠㄹ
39598	2026-09-11	0	0	28	12렙 고야미 길드에서 길원 모집해요 	사이먼도미닉
39593	2026-09-11	0	4	100	중상위권 길드 구해봅니다.	구로구청
39588	2026-09-11	0	2	64	뉴비 덱좀 도와주세요 ㅠㅠ	Urisis
39587	2026-09-11	0	2	211	플레이트 강화는 뭐 카지노임?	rrrBrr
39581	2026-09-11	0	1	435	체리콜라 피노누아	강해린사랑해
39580	2026-09-11	1	3	246	토벌전 마카롱 공 3등 유지? 5등까지 내리기?	케로로봉
39576	2026-09-11	0	2	574	체리콜라 스테이지 전용으로 좋네	잠이가솔솔
39573	2026-09-11	0	3	251	내 스펙 기준 1,2 섭에서 몇등임?	빈빈빈
39571	2026-09-11	0	2	240	장비 공격력 &lt;----이새기는 뭐임?	코코호로요이
39570	2026-09-11	1	0	114	권장 투력 55맞춰도 젤 거지같은개	내누군지
39568	2026-09-11	1	0	60	친구초대 이벤트 왜 사라졌나요 5일 남았는데	잘생김
39565	2026-09-11	1	1	304	여기도 퓨바가 있네	NPC
39563	2026-09-11	0	2	204	이 공격력으로 몇스테이지까지 깨지나요??	Wldbs22
39561	2026-09-11	0	8	590	211-10 쥐돌이 ㅈ같은거 클	하위욥
39558	2026-09-11	1	2	486	슈가룬 질문드려요	자고싶어쿨쿨
39557	2026-09-11	0	7	387	스테이지 제외 장비질문(토벌 타워 아레나등)	크하른
39545	2026-09-11	0	0	17	12렙 고야미 길드에서 길원 모집해요	사이먼도미닉
39532	2026-09-11	0	5	543	용병단 4레벨 복지카드~~추천해주세요	삼거리
39531	2026-09-11	1	2	566	종결덱 있나요?	고유색
39529	2026-09-11	0	0	20	12렙 고야미 길드에서 길드원 모집해요	사이먼도미닉
39527	2026-09-11	0	3	745	체리콜라 스테이지에서는 좋은 것 같네요	류으으
39523	2026-09-11	0	9	228	장비고민 도와주세요	번번
39513	2026-09-11	2	11	523	우리 데브 누님들 월요일 기대합니다	보루1
39510	2026-09-11	0	2	95	아레나용 장비 질문있는데요	단말기
39507	2026-09-11	0	4	729	그래서 보석 피노누아 vs 체리콜라	가보자잇
39503	2026-09-11	0	1	156	체리콜라 망치에선 쓸만한것같기도	잠이가솔솔
39500	2026-09-11	0	0	48	플레이트 확률	지나가던행인
39496	2026-09-11	0	6	596	진짜 이거 뭐냐고	삼행시장인
39495	2026-09-11	0	0	49	보스 너무 반복이라 슬슬 질리긴하네	T100 쿠박이
39494	2026-09-11	0	1	214	월요일에 스테이지 핫픽스 해라	보루1
39484	2026-09-11	0	0	170	노명랑비겁	3363
39481	2026-09-11	0	4	71	장비 질문	한짱
39476	2026-09-11	4	12	2276	형들 이번 체리 별론가??	벤벡크만
39467	2026-09-11	2	4	230	이거 장비 교체 안하는게 낫겠죠?	시라소니 77
39466	2026-09-11	1	9	1731	이거 팀 잘못 배정한 거 아니냐ㅋㅋㅋㅋ	boss몹
39464	2026-09-11	0	1	455	체리콜라 거르고 다다음주 신규쿠키들과 펫	치킨쿠키
39462	2026-09-11	0	0	286	체콜 8성 써보는데 일단 스테에서는 딸크 상위호환인 듯	다낭옴닉1278
39455	2026-09-11	0	0	118	평상덱&임플란트 타워덱 조언 부탁드려요!	연어꾸이
39453	2026-09-11	0	1	448	스텔라링크 100퍼나 95퍼이상 만드는데 몇개들어요?	3363
39449	2026-09-11	1	6	644	235-10 쥐돌이(체리콜라)	뱜
39447	2026-09-11	0	5	432	그래서 기존스테이지 너프 안하냐?	보루1
39439	2026-09-11	0	0	76	날개 광고 상자 편차도 줄여줘야지	사계
39437	2026-09-11	0	2	165	열쇠패키지	관만득이
39433	2026-09-11	0	2	113	당신의 선택은?	배달새생
39421	2026-09-11	0	0	34	친구초대 이벤트 코드 입력어디로갓나요??	이정도남자
39420	2026-09-11	0	2	164	종종 길드 홍보 올라오는거 보면	ㄱㄱㄱㄱ
39417	2026-09-11	0	1	104	선생님들 궁금한게 있습니다.	ReNa
39412	2026-09-11	0	9	964	시커 뽑기 3만개 사서 한개 뽑는게 맞는 확률인가요	맛탕
39410	2026-09-11	0	0	71	뉴비 덱추천 부탁드립니다	끠끼
39408	2026-09-11	0	0	165	정말 이래도 안오실거에요??????????	Volta
39401	2026-09-11	0	0	4	VGWVK6887 &lt;추천해주시면 바로추천갑니다	메리링
39399	2026-09-11	0	0	16	새콤달콤 도와주세요	크블
39387	2026-09-11	0	6	273	쿠키마다 다르겠지만	xxxjhuf
39379	2026-09-11	3	18	2114	어거지로 쓰고있지만 체리콜라를 스테에서조차도 쓰기가 어려운 이유는 이거때문입니다	뱜
39373	2026-09-11	4	7	1050	우유가 공격력 1위여야 하는 이유가 뭔가요?	김띵까
39368	2026-09-11	0	0	14	연동 문의	한짱
39367	2026-09-11	0	5	226	이건 뭘까요?	개나리
39365	2026-09-11	2	0	619	232-30 (비겁) / 233-30(쿨민) / 234-30 (쿨민)	뱜
39363	2026-09-11	0	2	123	프리셋 장비 변경시 전투력 변경이 안됩니다.	kkty924
39359	2026-09-11	0	0	134	초코강 1000개 모을때까지 숨 참는다	두둥
39347	2026-09-11	1	1	128	초코강 강화 기록하기 4일차	준시
39344	2026-09-11	0	1	104	장비 교체 질문있습니다	새우깡꿀벌
39342	2026-09-11	0	2	88	오븐 퀘스트	탄공
39340	2026-09-11	0	1	862	일일던전 덱 알려주십쇼! (경험치/코인/반죽/연구석/슈가룬)	에스원
39331	2026-09-11	0	0	356	체리콜라 크럼블 던전에서 웃기네	두둥
39325	2026-09-11	0	2	171	퀘스트 보상	Saladent
39321	2026-09-11	0	2	192	아니 전갈새키	도토릴
39309	2026-09-10	1	3	1000	고수님들 아레나덱 추천 부탁드립니다 뭐가 승률이 제일 좋은가요 ㅜ	애싱
39307	2026-09-10	1	9	678	아놔 열쇠 패키지사고 안쓰면 사라지네요??	송뽀댕
39305	2026-09-10	0	0	32	12렙 고야미 길드에서 길원구해요	사이먼도미닉
39303	2026-09-10	0	0	54	41-30 쿨민 컷	오데마
39300	2026-09-10	1	2	110	보상 받기	김감귤
39297	2026-09-10	0	0	45	여기서 길드홍보하고 덱공유하고 친구초대코드 공유하고 소통해요!!!	Volta
39296	2026-09-10	0	0	122	한번에 2개	쌈대
39294	2026-09-10	0	11	840	비겁한쿠키 하.. 다들 스테이지어디인가요 광제유저   무과금 유저분들 어디까지가 최대인가요 스테이지요   전 광고  다봐요	Jeg
39293	2026-09-10	0	7	944	아 아레나덱 진짜 제발 도와주세요	졍이
39286	2026-09-10	2	2	122	치킨 오토 꺼지는거나 수정해주면 안되나	장은
39282	2026-09-10	0	0	128	40-30 비쿠련 컷	오데마
39280	2026-09-10	2	0	100	모두가 행복한 세계선	크럼블야호
39276	2026-09-10	1	3	403	장비 선택장애 걸림	아낙새
39271	2026-09-10	0	0	119	아레나 덱 도와주세요ㅠㅠ	토끼야
39262	2026-09-10	0	1	295	장비 명중 집중 선택 도와주세요ㅠ	냐냐
39261	2026-09-10	0	1	140	스테 전후..골라줘요..	메리링
39258	2026-09-10	0	1	102	아레나 버그 이거 언제 고쳐주시나요 ??????	뚱땡잉
39256	2026-09-10	0	0	92	5배는 언제나 맛있다	크림이
39252	2026-09-10	0	0	65	강화 확률이 제대로 된거맞나	은이에요
39246	2026-09-10	0	1	44	pc로할때 구글 플레이어로 하는데 전체화면 바꾸는법 있나요?	방국봉
39245	2026-09-10	0	1	145	아레나 이거 매칭 투력 2-3배 차이나는건 오바아님?	길현아행사그만다녀라
39243	2026-09-10	0	0	215	고맙다 아레나 연속도전 만들어줘서	아LI근데진짜
39237	2026-09-10	5	9	667	토벌전 연구중	밀크흑당버블티
39225	2026-09-10	0	8	376	퓨바맛 쿠키 이거 뭐예요?	순둥한순두부
39224	2026-09-10	0	1	641	체리콜라 아레나 연타덱에서 딸크 빼고 쓸만한 듯??	구네
39219	2026-09-10	2	1	238	나에게도 이런일이!!	쿠왕
39218	2026-09-10	0	3	183	누구빼고 바궁 넣어야하나요??	쿠킹덤벅
39214	2026-09-10	0	0	150	체리콜라 등장!!	쓴맛쿠
39212	2026-09-10	0	2	418	2만 커터 뽑기 결과	호밀
39211	2026-09-10	0	0	199	시발 초코강 100개 주면 뭐하냐고	라라라라
39210	2026-09-10	0	1	20	친구초대 이벤트 맞교해요 형님들!!	진도링
39206	2026-09-10	0	3	327	ssr선택상자 지금 어떤거 받는게 가장 좋나요?	두식몬
39204	2026-09-10	0	2	401	400M 53.51G	도미
39195	2026-09-10	0	2	395	우유 먼저 10성 만들어야 하는 이유가 뭐에요?	방국봉
39193	2026-09-10	0	3	246	SSR 쿠키 머 받아요ㅜㅜ?	송아지는삐약삐약
39182	2026-09-10	0	0	729	뉴비들은 진짜 지금이 개꿀이라는거임	보루1
39181	2026-09-10	0	1	535	반죽 퀘스트 안뜨는 이유 알려드림	천사맛쿠키
39177	2026-09-10	0	2	208	27일차)442서버 무과금 플레이 기록	공백
39175	2026-09-10	0	0	249	체리야 제발 좋아다오	회전초밥 부수기
39173	2026-09-10	1	0	169	20만 다이아 펑	AQUA MAN
39170	2026-09-10	0	1	260	뽑기 확률 진짜 낮아졌나	열렙
39168	2026-09-10	1	6	455	원래 이랬던가?	듀오링고
39166	2026-09-10	1	2	322	신맵 엄청 약해졌나보네	보루1
39165	2026-09-10	0	1	100	오븐 크리스탈	102222
39161	2026-09-10	0	1	130	오븐 분해 크리스탈 안주노	안경쓴김씨
39155	2026-09-10	0	7	455	[뉴비] 다른 던전은 밀리는데 	유기농돌소금
39151	2026-09-10	1	2	310	지립니다	HANZO
39148	2026-09-10	0	5	282	90렙 넘는 고수분들 ㅠㅠ	루민이잉
39146	2026-09-10	0	2	28	고수님들 질문있습니다!	초코1
39142	2026-09-10	0	1	377	속보] 우리섭 900명 &gt; 500명됨 ㄷㄷ	전업마법사
39140	2026-09-10	0	2	135	혹시 지금 반죽퀘스트 안뜨는 버그있나요??	르르따
39138	2026-09-10	0	0	269	49.30G	도미
39136	2026-09-10	1	1	310	커터 22450개 뽑기	호밀
39132	2026-09-10	2	2	210	전투력 보정? 55%? 이게무슨뜻이죠	이게무야
39127	2026-09-10	1	1	219	오늘 시작한 뉴비 시커 패키지 전부 구입하려고 합니다	두식몬
39124	2026-09-10	1	5	159	이거 저만 이러나요	블랙뉴비
39121	2026-09-10	2	11	379	혹시 스테이지 덱 바꿔야 할 부분 있을까요?	무제
39117	2026-09-10	0	0	142	뽑기	작은용병2
39113	2026-09-10	0	1	1267	체리콜라 성능 어떰?	싸이버거
39108	2026-09-10	0	0	57	광고제거 갤럭시나 아이폰이나	새콤달콤 포도맛
39104	2026-09-10	0	1	790	체리콜라 성능	케 키
39101	2026-09-10	0	2	165	스테이지 덱 추천 해주세용 ㅠㅠ	응우앙
39098	2026-09-10	3	0	281	스테이지 이따위로 확장할거면 확장을 하지마세요	쿠크
39090	2026-09-10	1	0	303	행복 다음 바로 불행	뱜
39087	2026-09-10	0	1	256	크럼블 진짜 개발인력 없나보다	쿠크
39084	2026-09-10	0	1	310	이거바꿔야됩니까?	밥먹자
39083	2026-09-10	0	4	405	혹시 고급쿠키뽑기 확률 하향했나요?	흐흐몰라
39077	2026-09-10	2	0	286	38.67G	도미
39072	2026-09-10	0	0	292	이거지 쌍명중	구원s
39071	2026-09-10	0	0	25	신규길드 모집중	핑핑볼로
39070	2026-09-10	0	3	209	오른쪽이 더 나은가요??	뮽냐냐
39069	2026-09-10	0	0	48	그래서 프리셋 패치 언제해주나요?	Koryehun
39067	2026-09-10	0	4	631	신쿠넣고 타워 자동돌리니까 정상 도착ㅋㅋ	시아시아시아
39065	2026-09-10	0	2	440	플레이트 강화 비틱	해닮
39064	2026-09-10	1	2	288	퓨바맛 쿠키	케펄
39060	2026-09-10	0	4	168	현재 110스테이지 조금 넘었습니다!	아기새44
39056	2026-09-10	1	0	190	전갈없이 밀어보기(잡스테)	뱜
39052	2026-09-10	0	6	225	스테이지덱 알려주세요 ㅜㅠ	넌 내게반했어
39050	2026-09-10	0	4	262	강화 잘뜨네요	김후치
39049	2026-09-10	0	0	257	여러분 선택권에 당일나온 신캐넣어주는 게임 여기말곤 없어요 혜자게임^^	XYLITOLX
39048	2026-09-10	0	4	519	신쿠 스테이지 성능은 어떤가요	camu
39045	2026-09-10	0	0	73	쥐	3363
39044	2026-09-10	0	2	162	방랑자....	깡깡잉
39043	2026-09-10	2	2	324	초코강 때문에 접는 X끼들 현생에서 뭐하는 놈들이냐??	이터널슈가쿠키임
39042	2026-09-10	0	2	210	근데 스테이지 보상 한번에 받는거 나만 사라짐?	마비
39041	2026-09-10	0	3	221	킹덤해봤으면 패턴이 어째 똑같은거같음	불타는빔
39039	2026-09-10	0	0	130	트쓰알 합리적 의심	전업마법사
39037	2026-09-10	0	7	444	ㅈ같아서 접음	네온
39036	2026-09-10	3	0	169	운영진들 플레이트/마일리지 관련 패치랑 보상 할 거면 똑바로 해주셔야 됩니다.	눈의
39033	2026-09-10	0	2	98	뱀파이어맛쿠키 스킬에 관하여 질문있습니다	seunghyeon73
39032	2026-09-10	1	5	375	선배님들 코인던전 272에서 갇혀있습니다..	스노우맨
39031	2026-09-10	0	0	18	신생길드 길드원 모집합니다.	핑핑볼로
39029	2026-09-10	0	3	2158	체리콜라 오방이급이니 사용하지마셈 제발 겜알못들아..	이터널슈가쿠키임
39028	2026-09-10	0	0	27	10렙 길드에서 길드원 구합니다	뿌뿌꾸
39027	2026-09-10	1	1	688	체리 대체 어따쓰는 앤지 감도 안 오네요	류으으
39023	2026-09-10	0	0	564	모아놨던거 20만개 털었는데 와!!	당근싫어
39022	2026-09-10	1	2	501	아 아레나돌리고있는데	HNAGANOM
39020	2026-09-10	0	0	54	디스코드 국내 최고의 쿠키런 크럼블 서버	Volta
39019	2026-09-10	1	18	1281	망했어 이미 공지 써줬는데 왜 또 징징이냐고 ??? ㅋㅋㅋㅋㅋ	신쿤
39017	2026-09-10	0	0	193	신캐 너무 잘 죽어요	와따웅나
39016	2026-09-10	0	0	150	신캐 아래나에서도 애매한거같은데	슈슈기
39015	2026-09-10	0	0	110	선생님들 그렇게 게임이 정 맘에 안드시면	전사
39013	2026-09-10	0	0	83	복지 뭐 쓰는게 좋나요?	머니
39010	2026-09-10	0	0	43	연구 질문	한 준
39007	2026-09-10	1	4	158	뭐가 더 나아보이시나요?	벼라늘
39003	2026-09-10	0	7	221	오븐퀘보상 하루 제한있나요?	지져스주
38999	2026-09-10	0	15	935	하 운영을 또 이렇게	조럥이떡
38995	2026-09-10	0	2	709	신캐 아레나는 좋은듯 우유 저격 ㅁㅊ ㅋㅋㅋ	T100 쿠박이
38993	2026-09-10	0	0	496	신쿠 아레나 0티어 ㅇㅇ	휴리릭이
38990	2026-09-10	0	2	334	얘네 쿠키뽑기 확률 건들임?	윤백반
38987	2026-09-10	0	4	505	신규캐릭 뽑을만한가여?	모미찌
38983	2026-09-10	0	0	127	초코강 100개	어늘어늘이
38978	2026-09-10	0	5	97	반죽 까기 퀘스트 누적 저만 안 되나욮?	나미쓰
38976	2026-09-10	0	2	480	신캐어떤가요?	몰라 이미사용중
38975	2026-09-10	0	2	346	이것들 보통 언제깜?	9ray1623
38971	2026-09-10	0	2	502	근데 돌파력 MAX 버튼 이건 아니지 ㅋㅋㅋㅋㅋㅋㅋ	T100 쿠박이
38968	2026-09-10	0	11	449	픽업 쿠키 다들 잘나오세요???	김동바
38962	2026-09-10	0	1	446	쿠키 6700개 도즈언~!!	Terra
38958	2026-09-10	1	1	384	경험치 주는 패키지 엄청 많이 추가했네	두둥
38957	2026-09-10	1	7	1045	체리어쩌구 쿠키 있으신분 있나요?	초코1
38956	2026-09-10	0	4	175	반죽 반퀘 어느스테까지 가먄 안올라가요??	크림이
38955	2026-09-10	0	2	153	아레나보상	콩돌
38953	2026-09-10	0	3	453	ㅆㅂ 플레이트강화 개ㅈ같네	곰혜성
38951	2026-09-10	0	1	294	ㅠ황금빛 칭호 어케얻어요...?	새하얀소보루빵
38948	2026-09-10	0	1	893	아레나 랭킹 1위 달성 인증합니다.	회전초밥뷔페
38946	2026-09-10	0	4	567	신캐 스텔라 뭐줄까요	수판독서사
38942	2026-09-10	1	0	186	패치노트에 이벤트 미리 해도 소급적용 한다며	파우파우
38938	2026-09-10	0	0	115	와… 59분에도 안들어가지네..	Barbahboss
38937	2026-09-10	0	0	189	사랑한다 크럼블	크럼블갓겜
38935	2026-09-10	0	1	141	강화요소는 빨리 공지로 알려줘야하는게	잠이가솔솔
38933	2026-09-10	0	5	332	모든 유저들이 공통적으로 원하는게 소통 아니었나	눈을왜그렇게떠
38932	2026-09-10	1	1	123	스테이지 캐릭별 미터기는 안나오겠죠?	미소
38931	2026-09-10	0	24	93	이 틈을 타 추천인 교환하실 분 구합니다	쿠아아이나
38928	2026-09-10	0	0	175	이런 소통을 원했습니다. 운영진분들!!	킹즈
38927	2026-09-10	0	9	397	근데 점검이나 업데이트는...	이날의소
38925	2026-09-10	0	6	123	3일차 뉴비입니다 🌱🌱🌱	쿠쿠루키런
38924	2026-09-10	0	0	839	체리콜라맛 쿠키 성능 좋네요	커피한잔할래
38923	2026-09-10	0	5	369	그래서 플레이트 강화 하라고 말라고?	jdpjdp
38922	2026-09-10	0	6	306	축6 이하 무소과금단들은 덕분에 사료 받아먹으셨잖아~	T100 쿠박이
38921	2026-09-10	0	1	279	마일리지 10만개 소모시 스테이지 클리어권 어떰?	다들너무흥분돼있어
38920	2026-09-10	0	0	250	솔직히 이번 공지 맘에 드는데 한가지 아쉬운점	천사맛쿠키
38919	2026-09-10	0	4	453	19--&gt;10강 ㅅㅂ	코코호로요이
38918	2026-09-10	0	3	160	(뉴비)본인 투력 확인은 어디서해요?	치리치치
38915	2026-09-10	0	0	134	개발자 노트는 나왔어야 했던게 맞고	뚱이아
38914	2026-09-10	0	0	63	그래 소통 시작하자 데브야	입대한학생
38912	2026-09-10	2	17	1211	데브 적자 기업이라길래 재무재표 봤는데	다낭옴닉1278
38908	2026-09-10	0	15	219	질문 드립니다	한짱
38905	2026-09-10	0	8	412	아무리봐도 근데 15-&gt; 20 가다가 박살나면 10가는건 뭔 대가리총맞은 아이디어일까	거니
38903	2026-09-10	0	2	248	접속보상	한짱
38900	2026-09-10	0	2	246	댓글 그만 다세요 틀포티 형님;	하데스
38898	2026-09-10	2	26	1346	프리셋 패치까지 반죽 모으면 되나?	사계
38897	2026-09-10	0	6	207	레벅 &lt; 이 틀포티만 차단하면 건강한 카페질 가능	하데스
38896	2026-09-10	0	8	320	플레이트 박살 문제는 박살 삭제 아이템을 유료 패키지로 팔면 되는거 아닌가?	두둥
38891	2026-09-10	0	21	285	근데 징징이들도 징징인데 극한의 쉴드충들은 뭐임?	하데스
38890	2026-09-10	1	0	158	그래 미리 소통좀 하자 그나마 평타는 쳤네	T100 쿠박이
38889	2026-09-10	2	4	279	바이크쥐 불쾌함에 대한 내용은 1도없노	jdpjdp
38887	2026-09-10	0	1	128	근데 징징이들 진짜 앞뒤 안맞는점 있음	젠틀한드럼통
38886	2026-09-10	0	5	317	어제 오늘 ㅠㅠ	마 왕
38885	2026-09-10	0	0	39	문 열어!	jacobmode2
38884	2026-09-10	0	14	356	박살은 미래를 보아도 삭제가 맞음	여유만빵
38883	2026-09-10	0	2	302	플레이트강화는 그럼 나중에하면 좋은건가요?	불타는빔
38882	2026-09-10	1	4	314	생각보다 머리깨진분들 많네..	앨리스
38881	2026-09-10	0	10	831	그래서 7시 ssr선택권	바밍사랑단
38880	2026-09-10	1	5	180	마일리지로만 살 수 있는 파괴방지템 만들자.	등린이공부중이애요
38879	2026-09-10	2	2	167	스테이지 난이도에 대한 개인적 의견	사계
38878	2026-09-10	0	0	72	다행이긴 한데 아쉽긴 해	Gaudium
38875	2026-09-10	1	1	81	이 와중에 아직도 알바 여론조작 타령하는 저능아가 있네	다낭옴닉1278
38873	2026-09-10	0	0	15	크크크 치킨봇 인증 이벤트 참여	햿반
38872	2026-09-10	0	2	148	소규모로 개발하는거면 소규모답게 과금유도도 소규모로 하시지 돈벌어먹을건 다벌어먹고 불리하니 소규모소리?	두둥
38869	2026-09-10	1	6	492	전섭 1위 다른겜하러 갔다는 소문있던데 계삭해도 한번은 복구되지않나?	티팀
38868	2026-09-10	1	6	186	개발자노트 보고도 욕하면 이제 ㄹㅇ징징이	젠틀한드럼통
38867	2026-09-10	0	1	102	걍 스테이지 첨부터 무한으로 열어버려라.	등린이공부중이애요
38866	2026-09-10	0	7	313	형님들 제가 해외라서 그런데 점검 몇시까지인가요.. 	아무거나하지머
38864	2026-09-10	0	16	382	그래서 박살 쉴드 치는 애들 몇강이냐?	시시
38861	2026-09-10	7	0	704	조합추천, 슈가룬추천, 스텔라시뮬레이션, 스테이지정보 도우미 사이트입니다	니밥내밥
38860	2026-09-10	1	7	259	박살없애자는건 걍 공산당하고 싶다는거임	잠이가솔솔
38859	2026-09-10	0	3	166	공지 올라왔네. 사료 개꿀	다낭옴닉1278
38857	2026-09-10	4	6	146	개선하는김에	ABl
38856	2026-09-10	0	0	83	민주주의는 피를 먹고 자라고 크럼블은 전섭1등의 계삭을 먹고 자라네	광광이
38854	2026-09-10	0	4	214	마일리지샵은 축복레벨에 따라 차등하는걸로 하는게 어떨까요?	다들너무흥분돼있어
38852	2026-09-10	0	4	271	박살은 15강정도로 돌아오는게 맞음	잠이가솔솔
38850	2026-09-10	0	5	403	역대급 갓겜이면 개추 ㅋㅋㅋㅋ	에스님
38848	2026-09-10	0	0	120	소통하는거 좋고 보상 뿌리는건 좋은데	여유만빵
38847	2026-09-10	0	0	85	갓겜 인정합니다	마너루드
38846	2026-09-10	0	2	243	박살 없애는것도 말도 안되는게	잠이가솔솔
38845	2026-09-10	0	1	92	데브가 유저 조련은 잘해 ㅋㅋ	뽀그미
38844	2026-09-10	0	6	220	데브는 업뎃 좀 빨리 열리는 편인가요?	왜옴
38843	2026-09-10	0	4	127	소 잃고 외양간 고친다	사계
38839	2026-09-10	0	0	76	스테이지 깰 맛 안난다, 차라리 퀘스트없애라	XYLITOLX
38836	2026-09-10	0	2	205	공지보니까 진짜 극 소수 인원만 크럼블에 배정된듯?	두둥
38835	2026-09-10	0	1	133	박살 완화해도 ㅋㅋ	뽀그미
38833	2026-09-10	0	1	181	박살 유지하는 거 백번 양보해서 이해함 ㅇㅇ	파우파우
38832	2026-09-10	0	5	198	박살을 고집하는 이유를 모르겠네	앨리스
38829	2026-09-10	0	0	117	2주뒤에 유저 얼마나 남아 있겠냐 ㅋㅋㅋㅋㅋㅋㅋㅋㅋㅋ	고글링
38828	2026-09-10	0	2	150	근데 이겜 핫픽스는 못하는건가요?	여유만빵
38827	2026-09-10	3	6	273	박살은 완화할게 아니라 없애야 된다니까	시시
38826	2026-09-10	0	0	81	개발자 노트 요약이 소소한게임 소수 개발자아님?	잠이가솔솔
38820	2026-09-10	1	0	49	갓 겜	jacobmode2
38816	2026-09-10	0	1	452	도리님의 희생이 먹혔네	잠이가솔솔
38813	2026-09-10	2	3	369	플레이트 박살 때문에 진짜 유저들이 많이 접긴했나봄?	두둥
38809	2026-09-10	2	8	360	근데 장비프리셋 기술문제 맞음? 현질템은 보관함에 쳐박아두게했잖아요	거니
38807	2026-09-10	0	0	231	도리형님 다시 돌아올까?	오태식이
38806	2026-09-10	0	0	92	공지 올릴 수 있었잖아..	구로로
38805	2026-09-10	2	5	524	정말 만족스러운 공지글이었습니다.	뱜
38804	2026-09-10	0	0	93	이게 조금만 빨리 올라왔음 좀 좋아..?	여유만빵
38803	2026-09-10	0	1	117	공지사항 내용은 솔직히 저 정도면 나름 만족스러운데	파우파우
38802	2026-09-10	0	0	121	마일리지 상품 아이디어	코리갑
38796	2026-09-10	0	1	310	치케 석류버프받기(올공증)vs올 스증	잠이가솔솔
38795	2026-09-10	0	0	113	쿠키런 1년차 불만없습니다. 좋은 업데이트 감사합니다..	아디스바
38794	2026-09-10	2	0	234	문열어 안에 펫이 있다잖아	뱜
38793	2026-09-10	2	2	353	나도 크럼블 노답 떠날란다	doscl1
38790	2026-09-10	4	3	328	현 상황 해결하려면	규슈
38784	2026-09-10	3	7	1763	고맙다. 축복5 유저 떠난다. ㅉ	야홐ㅋㅋㅋㅋㅋㅋ
38774	2026-09-10	5	9	913	[궁금] 간혹 데브가 유저들과 기 싸움을 한다고 하시는 분들이 계신데요.	쿠옹
38773	2026-09-10	0	1	473	열쇠패키지 이미 산건 신경안쓰는데	라면걸
38771	2026-09-10	1	4	888	드디어 신맵 신몬스터 나오네	보루1
38770	2026-09-10	1	3	389	오방 언제까지 방치하냐	그겅
38769	2026-09-10	0	3	268	권장투력?	타나토스
38768	2026-09-10	0	3	1047	쿠키런 지금 섭종한 게임이 있나요?	류으으
38767	2026-09-10	0	7	972	다들 명중 많이 챙기시나요?	Barbahboss
38765	2026-09-10	1	5	758	우리 저능아 글삭하고 튀었구나	입대한학생
38762	2026-09-10	1	1	457	4주전과 2주전과 오늘 이시간 느낌이 다르네	의리
38758	2026-09-10	9	9	2622	광고마저 거른 오방이	뱜
38757	2026-09-10	1	2	809	앱 업데이트 고고	사계
38756	2026-09-10	0	2	1160	업뎃후 체리콜라	날다람쥐12
38754	2026-09-10	1	3	1197	출신 한 달 넘었는데 라방도 없고 로드맵 공지도 없고	에스님
38751	2026-09-10	2	0	251	너네 잘 생각해봐.데브 똑똑이야.잘 흘러가고 있다고!!	휴리릭이
38743	2026-09-10	1	7	82	12렙 고야미 길드에서 길원 모집해요	사이먼도미닉
38739	2026-09-10	1	2	787	열쇠 패키지 월~화에 구매한 흑우 없겠제 ㅋㅋㅋ?	이터널슈가쿠키임
38736	2026-09-10	1	0	307	🚫 운영자는 참고해라 🚫 	거포1
38734	2026-09-10	1	9	984	스테이지 구 말렙 클리어	악림
38728	2026-09-10	0	3	354	마일리지 말해봐야 입만 아픔	기적
38727	2026-09-10	0	2	515	열쇠패키지 등장	지니J
38726	2026-09-10	0	3	91	뉴비 계정레벨 / 쿠키레벨 질문 버그인지..?	jhs12358
38724	2026-09-10	0	6	273	용방 리더 주면 효과 뭐임?	크림이
38722	2026-09-10	1	4	1417	유지도못하고 매일 나락가는 유저수 ㅋㅋㅋ	jdpjdp
38719	2026-09-10	0	1	225	데브 특	zksjdhd
38718	2026-09-10	2	6	562	아레나 30등 턱걸이 그마달성 ㅅㅅ	회전초밥뷔페
38714	2026-09-10	0	3	279	도와주세요 ㅠㅠ	지옥함
38709	2026-09-10	0	0	23	질문 ㅠㅠ	한짱
38706	2026-09-10	0	1	130	nc는 신작내면 이틀정도는 주식 오르던데	핑핑아마오
38704	2026-09-10	0	0	38	54-30쿨링 공략좀 알려주세요..	우엉이울면
38703	2026-09-10	1	2	556	주식은 정직하다 ㄹㅇ	T100 쿠박이
38702	2026-09-10	0	11	480	아레나 덱 한번만 도와주세요ㅠㅠ	sisis
38700	2026-09-10	2	11	1572	쿠뽑 5000개 장전 완료	다낭옴닉1278
38697	2026-09-10	0	7	929	아레나 혐오스럽다	바비노
38690	2026-09-10	0	0	84	38-20 소머리 컷	오데마
38689	2026-09-10	1	1	208	오븐브레이크는 곧 잘 라이브방송하던데	두둥
38685	2026-09-10	0	1	414	애는 룬 옵션 뭐 줘야하나여	푸죤
38684	2026-09-10	4	0	89	뚱카롱 선생님들 오늘 패치에는 어떤 잠수함패치를 하실건가요??	뚱카룽
38682	2026-09-10	3	0	44	나도알바시켜주라	무무
38680	2026-09-10	1	0	94	지금 맛집 자리먼저 선점하려고 뛰어가는 중	두둥
38679	2026-09-10	0	2	245	이대로 운영찬성합니다	파주 카타
38678	2026-09-10	0	0	12	추천인 1명 교환합니다.	HAN프로
38674	2026-09-10	2	1	145	방치겜인데 방치를 못하는 게임	zksjdhd
38673	2026-09-10	1	4	521	어떤 공지라도 생각있었으면 11시에 했을거임	빨강자두
38669	2026-09-10	0	2	376	200-30 299m 클리어	돕비
38668	2026-09-10	0	0	81	난이도가 합리적이지 못하니 꺾이지	두둥
38666	2026-09-10	5	70	950	팩트는 지금 쉴드치면서 빨아주는 애들도 나중가면	입대한학생
38665	2026-09-10	1	6	310	제 머리로는 논리적인 말이 나오지 않아 현 시점을 AI에게 물어봤습니다.	dhef9965
38659	2026-09-10	5	5	170	데브 직원들 머가리는 장식?	휴리릭이
38655	2026-09-10	4	7	1484	전서버 1위 계정 터트리고 접었구나	셋동그라미
38651	2026-09-10	0	0	137	먼저갑니다	제리맛 쿠키
38650	2026-09-10	1	2	145	서버 보는 법	장난치즈마
38647	2026-09-10	2	4	195	방치겜 하면서 방치를 안하니 문제	등린이공부중이애요
38645	2026-09-10	3	2	672	경험치던전 362에서 막혔는디..	날아라메칸더
38642	2026-09-10	0	1	221	스테이지 너무 안밀었나 	ㅈㅅ
38639	2026-09-10	0	12	442	카페 분탕종자의 평균	김상만73세
38638	2026-09-10	0	2	110	ㄹㅈㄷ	과자
38636	2026-09-10	0	6	257	방치형겜 재화 넘치는거 흔함	보루1
38632	2026-09-10	1	0	44	재미가	ArierA
38629	2026-09-10	0	10	762	장비 고민…명중이 많이 중요한가요	옥랑
38627	2026-09-10	1	1	41	상만이는 동물원 원숭이 구경한다 생각 ㄱ	T100 쿠박이
38626	2026-09-10	0	13	238	게임 오픈빨 빠지면 유저수 빠지는건 당연한거지..	뽀그미
38618	2026-09-10	0	2	245	그냥 사람들이 접는게 느껴짐	뚱이아
38615	2026-09-10	0	6	116	황금빛 광채를 넘어선 칭호가 안들어오네요	리샤222
38613	2026-09-10	0	2	73	길드는 서버상관없이 신청가능한가요? 아니면 같은 서버여야되나요?	오투v
38611	2026-09-10	0	1	94	플레이트 강화 기록도 인게임내에서 확인되게 만들어야 됨	두둥
38610	2026-09-10	1	4	206	프리셋 적용 질문 있습니다!	엽떡공쥬
38609	2026-09-10	0	2	28	친구초대 교환하실분!	가을
38606	2026-09-10	2	3	193	개레전드알바저능아 김상만73세 &lt;&lt; 스테 투력 축복 인증하세요	입대한학생
38601	2026-09-10	0	0	292	아레나 덱 이렇게 하는거 맞나요??	이재철
38600	2026-09-10	0	8	350	다음 패치 구리면 접음	두버미
38599	2026-09-10	0	40	403	아침되니까 알바가 판치네	입대한학생
38596	2026-09-10	3	0	88	데브야 진짜 문제가 뭔지 알려줘? 	퓨어바닐라맛쿠키
38593	2026-09-10	0	1	69	않할건데 할거에요	늑늑하게넣었다
38591	2026-09-10	0	0	68	248-30부터 이번에 확장되는 스테이지까지 보상도 궁금하네	두둥
38589	2026-09-10	0	4	106	궁금한데	림승우
38587	2026-09-10	1	6	400	내가 생각하는 스테이지 난이도 상승 문제	김상만73세
38586	2026-09-10	0	14	817	무과금 레전더리 첫5성	푸죤
38580	2026-09-10	0	2	207	방치형 이 스테이지를 자동으로 밀어줍니다 여기서 의견이 갈리는 거 같네	광광이
38578	2026-09-10	0	2	79	패치 직전인데 주가가 바닥이야.. 얼마나 기대를 안하는거야 ㅠㅠ	Noahs
38574	2026-09-10	2	8	483	오전에 업뎃시작하는게 그리 어렵냐??	헤노름
38572	2026-09-10	0	12	331	운영자들은 들어라. 낮춘 확률 복구해주던 아님 환불 해줘라	전설좀주이소
38571	2026-09-10	0	0	195	일반 쿠키뽑기에서 연속으로 시커가 방문해주시네	미넨
38569	2026-09-10	0	3	270	제 근황	랩소디제이
38568	2026-09-10	0	1	309	레전더리 장비부터는 혹시	사쿠
38567	2026-09-10	1	2	231	저는 접었습니다	권
38563	2026-09-10	0	0	271	구글 플레이 이벤트 쿠폰 보상	두둥
38560	2026-09-10	1	0	98	초코강 강화 기록하기 3일차	준시
38559	2026-09-10	0	0	15	오셔서 친구초대 코드도 공유하고 덱도 공유하고 소통해요!!	Volta
38555	2026-09-10	0	9	554	업데이트날인거 까먹고..	쫑비
38554	2026-09-10	0	2	195	플레이트 강화 주작 있는 것 같은데	호박고구마2
38551	2026-09-10	0	3	274	제가 왜 전투력이 더 낮은거죠?	사쿠
38549	2026-09-10	0	2	489	플레이트 올15가 우선일까요?	HERMES캡틴
38547	2026-09-10	0	4	362	암만생각해도 화나네 일던 조치안할거냐고	do
38546	2026-09-10	1	0	281	치킨 칭호 ㅅㅅㅅㅅ	킹어킹
38543	2026-09-10	0	0	133	첨에는 잘하는가 싶더만	비니피그
38540	2026-09-10	0	0	6	추천인교환합니다	미노우이
38534	2026-09-09	0	5	308	아레나 자동매칭 안만드냐고	보가
38532	2026-09-09	0	1	15	추천인 교환합니다~MVBLK5976	심뚱
38516	2026-09-09	0	1	250	2주뒤 업뎃예상	캣그라스먹어볼까
38515	2026-09-09	0	2	159	길드 연구소 전투력에 적용 되나여?	문쟁이
38513	2026-09-09	2	1	218	길드 탈퇴 패널티 남은 시간좀 보여주면 덧나나	Satellite
38512	2026-09-09	0	0	93	디스코드 서버 국내 최고의 쿠키런 크럼블 서버..!	Volta
38507	2026-09-09	0	4	1102	투력 급상승 이유..?	byeolbe
38506	2026-09-09	0	0	68	같ㅊ이 새벽에도 떠들면서 럼블 할 사람	댕근
38505	2026-09-09	0	0	12	추천인? 교환하실 분 있나요	lilililililiiilll
38504	2026-09-09	0	22	214	30-30 뉴비 조언 해주실분 계신가용ㅠㅠ	OwO
38503	2026-09-09	0	1	66	대충 45-20 무과금덱	ㄱㄱㄱㄱ
38499	2026-09-09	4	9	445	근데 나름 열심히 하는거 같은데 다들 화가 많이난듯..	이이익
38497	2026-09-09	4	2	191	얘네는 정상화 못시킴	꿀잠이
38494	2026-09-09	0	1	72	플레이트는 기록 볼수있는거 없나요	디글
38490	2026-09-09	0	1	164	장비 확률조작	제제1233
38489	2026-09-09	2	5	142	246-20(816M)	S2 미나미
38486	2026-09-09	0	0	105	패치노트가 일기장인가?	캣그라스먹어볼까
38485	2026-09-09	0	0	178	말상 초기화라도 쳐 넣어라 ㅋㅋㅋㅋㅋ ㄹㅇ	크림이
38484	2026-09-09	0	2	71	1.17G 길드찾아요~!!	고로이 박성근
38479	2026-09-09	0	3	380	아무것도안햇는데 길드추방당햇어요ㅠㅠ	1nquxa
38478	2026-09-09	5	4	161	알바인건지 저능한건지	입대한학생
38476	2026-09-09	0	0	21	37-30 마오캇	오데마
38470	2026-09-09	1	1	173	걍 싹다 접어 ㅋ	앙앙훈남맛쿠키마시쪙
38463	2026-09-09	1	0	104	아쉬워서 그런다 아쉬워서	루루루루루
38461	2026-09-09	0	0	123	원스 30퍼페이백한닼	보루1
38454	2026-09-09	0	1	108	170스테부터	의문의금융맨
38451	2026-09-09	0	1	286	픽업 뽑기 이런 적 처음이에요	소과금유저
38448	2026-09-09	0	2	212	플레이트 12&gt;13강 가는거에 680개 녹았는데 정상인가요	류으으
38447	2026-09-09	0	1	14	추천추천	지우에요
38446	2026-09-09	0	2	122	크럼블던전 황금빛칭호 문의	새하얀소보루빵
38444	2026-09-09	0	3	271	유저 말 다 들어주면 겜 망하지	이상한 놈
38441	2026-09-09	0	1	227	다음 업데이트	형규
38439	2026-09-09	1	7	212	마일리지, 프리셋, 초코강은 이제 그냥 무시하고 묻어 넘어가려는거임?	크럼블갓겜
38438	2026-09-09	0	7	327	니들이  랭커올라가고싶어서 현질해댔으면서 뭘 그렇게까지 호들갑임?	풍l코
38436	2026-09-09	0	1	89	방치형게임	라베르
38435	2026-09-09	0	5	330	26일차)442서버 무과금 플레이 기록	공백 패왕
38433	2026-09-09	0	2	443	나 있는 서버 1위도 갑자기 닉이 접어요빠이로 바꼈네	람쥐썬더
38432	2026-09-09	0	0	117	인글 바라는거 ㅈㄴ 많네	르르
38427	2026-09-09	1	5	183	아레나 방어기록	채 도
38425	2026-09-09	0	0	62	근데 건전지는 도감 언제 만들어줌??	크림이
38424	2026-09-09	0	4	309	이번 업데이트 완전 만족^오^	캣그라스먹어볼까
38422	2026-09-09	2	2	543	어... 여기 아직도 불타나요...?	먹고마시개
38419	2026-09-09	0	0	145	마일리지상품  해결방법.	뽀그미
38414	2026-09-09	0	1	77	19230이한계다	jacobmode2
38412	2026-09-09	0	1	102	32-30 이거 스펙부족인가요? 컨트롤안하긴해요	허억15
38410	2026-09-09	0	0	10	친구코드 해주실분 ㅠ	영웅영웅찡
38409	2026-09-09	0	12	472	게임에서 유저들이 해달라는 대로 다해주면 망하는 이유	길현아행사그만다녀라
38408	2026-09-09	0	1	164	쥐토바이 개빡치긴하는데.	뽀그미
38404	2026-09-09	5	5	341	마일리지는 그냥 반죽으로 무한으로 푸는게 깔끔함	런
38403	2026-09-09	4	29	2521	솔직히 마일리지 보상 더 달라는건 때쓰는 거임	길현아행사그만다녀라
38402	2026-09-09	1	0	92	쥐딸배 어떤련 대가리에서 나온 아이디어임?	호올스
38401	2026-09-09	0	16	856	다 핵쟁이같다	루치앙
38400	2026-09-09	0	1	154	삼토바이 만든 새끼 누구임??	경기T비니
38397	2026-09-09	0	0	105	오 일던 추가!!	쿠왕
38394	2026-09-09	0	3	310	장비 고수분들 계십니까	훈이
38391	2026-09-09	0	0	506	아레나에서 에스프레소를 써야하는 이유(2)	dhef9965
38387	2026-09-09	0	0	104	전갈 왜 잘 안움직일까요?!	Barbahboss
38385	2026-09-09	0	1	191	으흐흐	크림이
38383	2026-09-09	0	1	618	내일 이터널패키지는 나오겠네	보루1
38380	2026-09-09	3	0	188	내일 게임이 망하더라도 나는 오늘 하나의 스테를 더 밀겠다	S2 미나미
38379	2026-09-09	1	3	382	3개월 된게임 맞나요 여기	도레미솔도
38378	2026-09-09	0	0	245	패치노트 지금봤는데 딱	라잇호
38375	2026-09-09	0	0	60	●▅▇█▇▆▅▄▇ 데브야 알바 풀어봤자 도망가버린다	입대한학생
38372	2026-09-09	0	1	176	이제 대표 경척이형들 3명정도 남았네	T100 쿠박이
38371	2026-09-09	0	0	64	뚱카롱 처먹고 칼퇴 박은 데브야 ●▅▇█▇▆▅▄▇	라라라라
38369	2026-09-09	0	3	403	아~~~ 댓삭 런쳤어요!!!	has
38364	2026-09-09	0	0	135	kbobo 줴줴이야~	입대한학생
38361	2026-09-09	0	2	170	소과굼 유저입니다..	옹달
38353	2026-09-09	16	19	2031	스테이지 난이도 문제는 이 그래프만 봐도 심각해요	크라운용감한쿠키
38352	2026-09-09	0	17	1265	알바 kbobo님 인증쳐하세요	입대한학생
38349	2026-09-09	0	4	204	데브야 솔직히 말해라	응애뉴비
38345	2026-09-09	0	4	319	패치이후 또 그럴까봐 미리말합니다	젠틀한드럼통
38344	2026-09-09	0	6	298	3주차 소과금러의 시선	쿠쿠키키키키
38342	2026-09-09	0	0	28	37-20 마오캇	오데마
38339	2026-09-09	0	0	70	 데브년들아	지이크군
38337	2026-09-09	3	5	491	제발 정신좀 차리자 데브야	퓨어바닐라맛쿠키
38336	2026-09-09	1	6	284	168이후 난이도 3단 상승을 쳐맞았는데 욕을 안할수가 없음	여유만빵
38333	2026-09-09	9	14	3582	전섭1위 계삭이 뭘 의미하는지 모르는구나	에스님
38332	2026-09-09	0	5	331	또 뒤늦게 공지 올릴 거 같은데	사계
38331	2026-09-09	0	0	61	●▅▇█▇▆▅▄▇모르겠다 눕자그냥	입대한학생
38328	2026-09-09	3	0	108	사람들 왜 들고일어나는지 생각부터 하는게 맞는거 아님?	여유만빵
38327	2026-09-09	4	3	290	168이하 스테돌던애들 저번패치때 쉴드치다가	뷴뷴이
38326	2026-09-09	1	0	105	뇌 빼고 패치하네 ㅋㅋ	입대한학생
38325	2026-09-09	0	2	215	신규 스테이지 이왕하는거 쥐토바이 4마리로 늘리자 	뽀그미
38324	2026-09-09	0	5	229	난이도에 대한 분노가 여러갈래 다 싸잡아서 터지는듯ㅋㅋㅋ	비겁한 데브
38323	2026-09-09	4	9	208	멀해도 들고일어나는것도 병이라고 생각해요	젠틀한드럼통
38321	2026-09-09	0	2	205	최고의 승리자	푸죤
38320	2026-09-09	2	1	101	어떤 게임이	정
38318	2026-09-09	0	1	651	속보) 쿠키런 유튜브 1황 러너님 영상올림	에스님
38315	2026-09-09	6	21	3093	유저수 역대급 나락 ㅋㅋㅋㅋㅋㅋㅋㅋ	jdpjdp
38313	2026-09-09	5	1	170	결국 스테이지 미는게 개노잼이라 그런거임	여유만빵
38308	2026-09-09	0	0	35	핵쟁이 잡을능력없음 유저가 신고해줘야 잡음	불타는빔
38303	2026-09-09	0	6	315	이거 왜 졌을까영..	검돌
38300	2026-09-09	1	0	107	3주차 180M 뉴비인데도 답답하네요	류으으
38299	2026-09-09	0	0	92	뭔 스테이지360?? 압축해도 모자랄판에 일반 하드 지옥 이렇게 하던가 감도 안잡히네..	극악
38293	2026-09-09	1	1	85	●▅▇█▇▆▅▄▇ 오븐 방랑자 살려내라 !!! 보스 억지패턴 너프해라 !!	한날
38290	2026-09-09	3	3	277	스테이지만 완화만 했어도 이렇게 불만없다	보루1
38287	2026-09-09	0	0	29	●▅▇█▇▆▅▄▇ 소통도 안되는데 카페도 문닫고 멋대로 업데이트 하자	한날
38286	2026-09-09	3	2	106	아! 깨달았다 조언하지말고 뉴비유입 안되게 불매운동이나 하고 댕기자	좋은날
38285	2026-09-09	1	1	122	입꾹닫하는거 진짜 ㅋㅋㅋㅋ	루느아
38284	2026-09-09	0	2	520	전섭1등이 접었는데 갓겜이라고?	포도 99
38283	2026-09-09	0	1	128	다음패치는 한달뒤 아니야?	보루1
38281	2026-09-09	1	1	125	안타까운 게임	차가운사자
38279	2026-09-09	0	8	229	문득 궁금해졌는데 국산겜중에	류쥬
38277	2026-09-09	0	0	39	●▅▇█▇▆▅▄▇ 2주 패치 내용이 아닌데 1주로 변경해라 !!	한날
38276	2026-09-09	0	0	56	관심 가질 때 대응해라 진심으로 조언한다	전업마법사
38275	2026-09-09	0	2	181	집중에 대해 / 딜러가 명중은 충분하게 높고 그 다음 집중을 올린다하면 어떠한점이 좋나요?	3363
38274	2026-09-09	34	17	2882	역쉬 쭉쭉 잘 밀리는중 	뱜
38273	2026-09-09	0	0	87	패치가 시사하는바	무나무
38272	2026-09-09	0	1	87	사람들이 기대가 커서 실망도 큰 듯	ㅇㅇ22
38269	2026-09-09	0	0	18	●▅▇█▇▆▅▄▇ 오븐 방랑자 살려내라 !!!	한날
38263	2026-09-09	0	1	153	지금 갓겜수호단들 미래	두둥
38262	2026-09-09	0	0	98	이정도면 사기아닌가요? 방치형게임이 방치가 아닌데	티팀
38261	2026-09-09	0	0	44	그마로 마감까지만 도와줘라 내 위로만 접어	별밤콩나물
38259	2026-09-09	0	5	468	접을꺼면 빨리 접던가 아레나 돌리고 있네 ㅋㅋㅋㅋ	이터널슈가쿠키임
38257	2026-09-09	0	3	107	짱깨 vip시스템 도입해놓고 막상 과금하면 컨텐츠가 부족함	좋은날
38253	2026-09-09	0	0	59	뉴비인데 바궁 아레나 좋나요.?	금수미앙
38248	2026-09-09	0	1	211	랭커들 왜케 찡찡대냐 한심하네 게시판이 ㅋ	파주 카타
38246	2026-09-09	0	1	630	구글플레이 쿠폰 보상	멍냥이42
38242	2026-09-09	1	2	229	낼 패치보고 나서 결정하자?	보루1
38241	2026-09-09	0	0	64	그래도 나름	소누짱
38240	2026-09-09	0	0	184	이겜 권장은 축4임	보루1
38239	2026-09-09	0	0	87	목요일 업뎃하고 열쇠 패키지 초기화 ㄱㄱ	핼린입니다
38238	2026-09-09	0	4	365	아이고 우리 아도어님인가 잡도어님인가 접으시는구나 ㅠㅠㅠ	이터널슈가쿠키임
38237	2026-09-09	1	1	453	와 1위 계정삭제 ㅋㅋ 게임처망하고 회사도 망하게생겼네	좋은날
38231	2026-09-09	0	0	106	패치고 과금이고 나발이고	분홍
38230	2026-09-09	0	0	114	신규 오픈한 국내 최고의 쿠키런 크럼블 디코 서버!!	Volta
38225	2026-09-09	0	1	96	이거 원래 이런가	바삭함의결정체
38220	2026-09-09	2	6	342	접어라 ㅂ ㅅ 들아 말만 쳐하지말고	이터널슈가쿠키임
38217	2026-09-09	1	1	163	마일리지 스테이지 보상 상향해라 낼 패치 보고 걍 접음	jenny1
38214	2026-09-09	0	0	60	●▅▇█▇▆▅▄▇ 눼일 없뒈이트 보좌구여~~	한날
38213	2026-09-09	0	0	93	민심 나락가도	티원
38212	2026-09-09	2	23	681	이렇게 게시판 불타면	삼송스
38211	2026-09-09	0	6	319	179-30 비겁이 뭐가 문제여 조언좀	봉황
38209	2026-09-09	2	2	279	그냥 데브가 하라는대로 해라 ㅅㅂ것 얼마나 쳐한다고 겜 ㅋㅋㅋ	이터널슈가쿠키임
38208	2026-09-09	0	1	128	오늘 11시 닌텐도 다이렉트	쁘락지
38206	2026-09-09	0	4	407	분위기 이런카페 처음봄	눈을왜그렇게떠
38201	2026-09-09	0	2	75	이번 젤다 오카리나 리메이크 ㅈㄴ 기대되네	쁘락지
38200	2026-09-09	0	0	59	●▅▇█▇▆▅▄▇ 방랑자.마일리지.난이도	그겅
38199	2026-09-09	0	5	222	일단 내일 업데이트를 한번 보고 결정 하자구요~^^	다들너무흥분돼있어
38197	2026-09-09	0	0	85	채팅은 사람 없는데	수판독서사
38196	2026-09-09	0	2	211	그래도 4~5시쯤엔 보통 후속공지 올려주곤 해서 기다려봤는데	뱜
38195	2026-09-09	0	1	123	●▅▇█▇▆▅▄▇ 스테이지 난이도 너프하라!	로잉
38189	2026-09-09	1	0	38	●▅▇█▇▆▅▄▇ 마일리지 좀 어케 해라	쿠키워킹
38188	2026-09-09	1	0	45	●▅▇█▇▆▅▄▇ 1주마다 업뎃해라	한날
38185	2026-09-09	1	0	48	●▅▇█▇▆▅▄▇ 없뎃	엄마아빠
38184	2026-09-09	0	6	431	이거 사실..	푸달고
38183	2026-09-09	0	2	194	꿀팁 대방출	do
38180	2026-09-09	6	23	2177	현재 카페 상황	김상만73세
38177	2026-09-09	0	4	363	과금러들 다 접어라 데브겜 누가 과금 하랬냐 ㅋㅋㅋ?? 그 꼴을 보고도 ㅋㅋㅋ	이터널슈가쿠키임
38175	2026-09-09	3	20	827	자유게시판 수준 보면 운영진이 왜 소통 안하는지 이유를 알 수 있음	다낭옴닉1278
38172	2026-09-09	0	0	92	박살만 몇번 째 주변 접는사람 수두룩..	뽕손이
38171	2026-09-09	2	17	1552	시원하게 터졌네	다함께차챠차
38170	2026-09-09	1	1	80	●▅▇█▇▆▅▄▇ 오븐방랑자 살려내 이 나쁜놈들아 !!!!	한날
38167	2026-09-09	0	0	38	●▅▇█▇▆▅▄▇ 통보하려고 카페 만들었냐	Kjhhhh
38166	2026-09-09	0	4	180	쿠키런 게임은 이게 처음인데	용용이펀치
38164	2026-09-09	0	0	30	●▅▇█▇▆▅▄▇ 소통 안해? 그냥 무지성 누울거야	한날
38162	2026-09-09	0	2	140	얘네들 마일리지 사용처 새컨텐츠 만들어서 연결시킬꺼임	비겁한 데브
38161	2026-09-09	1	0	92	축복 시스템은 왜 만든거냐?ㅋㅋㅋ차라리 축복별로 마일ㄹㅣ지 상점을 만들었어야지 머리가 없네	티팀
38158	2026-09-09	1	0	50	데브 직원분들 퇴근시간인데 그만 어그로 끌고 퇴근하셈	한날
38157	2026-09-09	0	4	224	또 무슨일인가요?	파동Padong
38156	2026-09-09	1	1	138	이게 마지막임	iamme
38155	2026-09-09	0	0	29	크크크 치킨 이벤트	지네산맛쿠키
38154	2026-09-09	1	0	73	내 광제내놔	늑늑하게넣었다
38151	2026-09-09	0	2	201	마일리지 남는 거 개선요구는 전부터 요구하던건데	에스님
38150	2026-09-09	1	0	197	유저들 다 떠나고 난 후 직원들	머니
38149	2026-09-09	0	8	419	다들 접는다고 난리인데 상위권 랭킹은 그대로임 님네 서버도 그럼?	도람
38148	2026-09-09	0	1	343	이게 말이됩니까?	woomin390
38147	2026-09-09	0	4	302	전투력 올릴때 꾸준히 해야하는거 알려주세요.	코골이손님
38146	2026-09-09	0	3	158	유저랑 기싸움하는 이유를 모르겠네	머니
38144	2026-09-09	1	0	55	쿠럼블 초반 기세가 좋았음 뭐하냐 직원이나 풀고 근시안적 운영하는데	갑순
38143	2026-09-09	7	29	1608	데브에 수천 쓴 흑우가 있겠냐고 ㅋㅋㅋㅋㅋㅋ	T100 쿠박이
38137	2026-09-09	0	2	119	2주동안 한거	머니
38134	2026-09-09	0	0	53	진심 머가리박아도 그래절해도 시원찮을판에	망ㄱㅗㅇ
38131	2026-09-09	0	0	39	하여간 데브 운영으로 항상 말아먹지	Thief
38130	2026-09-09	0	0	45	소통만 했어도 이정도로 터지진 않을텐데	머니
38127	2026-09-09	4	1	158	데브 직원분들 읽어주세요	iamme
38125	2026-09-09	5	8	1273	카르페디엠 길드원 구한다 데브야 단체로 접기 직전이다 슈발 벌써 5명접었다 ㅋㅋㅋㅋㅋㅋㅋㅋㅋ	카이
38123	2026-09-09	0	0	72	...	has
38121	2026-09-09	0	1	108	옛날부터 데브겜은 하는게 아니랬는데	데브야꼬우면영정시켜
38120	2026-09-09	2	3	142	ㅋㅋ 알바 많이 풀었네	noji523
38117	2026-09-09	0	0	167	슬슬 알바,직원이라 하기 좀 무서움	머니
38115	2026-09-09	0	0	49	팩트는 데브가 본인들만 모르고 있다는 걸 모르는 것..	민무늬토끼
38111	2026-09-09	0	1	166	반죽퀘 한도 없나요?-?	녹차티백
38110	2026-09-09	0	1	89	팩트는 데브가 글리젠 주는 거 보고 기싸움 이겼다고 생각할 거라는 것..	민무늬토끼
38109	2026-09-09	1	1	239	분탕종자 대표 2명	김상만73세
38107	2026-09-09	0	6	493	쿠럼블의 미래 보여줌 ㅇㅇ	레몬소베트
38102	2026-09-09	0	0	51	팩트는 데브가 아직도 본인들이 뭘 잘못했는지 모른다는 것..	민무늬토끼
38099	2026-09-09	0	0	51	팩트는 데브가 유저 빠져나가는 걸 여론 진압으로 생각할 거라는 것..	민무늬토끼
38098	2026-09-09	0	0	89	데브는 기분 좋겠어요~	머니
38097	2026-09-09	0	1	108	신규 스테이지는 안바래	보루1
38096	2026-09-09	0	2	157	이정도 화력이면 내일가면 잠잠해지겠네	별밤콩나물
38095	2026-09-09	0	0	49	팩트는	별밤콩나물
38092	2026-09-09	0	0	55	팩트는 데브가 욕 먹은 거에 기분 상해서 이러고 있다는 것..	민무늬토끼
38091	2026-09-09	1	6	219	근데 뭘 원하는거임 그래서	별밤콩나물
38090	2026-09-09	0	1	197	왜 알바라고 생각함	파우파우
38087	2026-09-09	0	1	113	데브가 왜 욕을 먹는가?	바이염
38086	2026-09-09	0	0	124	데브는 기싸움 알바 뚱카룽 3박자를 다 해버림..	zksjdhd
38085	2026-09-09	0	0	22	싸워라!~~	별밤콩나물
38084	2026-09-09	0	1	190	와 뒤지게 역겹네 그냥ㅋㅋㅋㅋㅋ	데브겜안함
38083	2026-09-09	0	0	38	팩트는 데브가 글 쓰고 뿌듯해하고 있다는 것..	민무늬토끼
38082	2026-09-09	0	0	36	10-30 못 깨고 있는데 어떻게 하면 좋을까요?	DoubleYummy
38081	2026-09-09	0	2	87	워라벨ㅋㅋㅋㅋ나는 주6일인데	잠이가솔솔
38080	2026-09-09	0	3	180	도넛좌 동일인 의심 저격	크로스피터
38079	2026-09-09	0	1	112	갑자기 알바글 존나올라오네ㅋㅋㅋㅋ	이그313
38078	2026-09-09	0	0	23	팩트는 데브가 자기들이 가면을 잘 쓰고 있다고 착각하는 것..	민무늬토끼
38077	2026-09-09	0	3	117	미안 나도 워라벨 챙기긴해	T100 쿠박이
38075	2026-09-09	0	3	82	분탕 징징이들 눈에는 다 직원 알바로 보이겠지	다낭옴닉1278
38073	2026-09-09	0	2	152	쿨민사태때 기싸움에서 지고 끝났음	zksjdhd
38069	2026-09-09	0	0	43	쿠럼블 수다.공략 대화방 오픈톡 만들었습니다	호올스
38068	2026-09-09	0	0	69	스테이지 팍팍 늘려도 좋아~~!!	보루1
38066	2026-09-09	0	0	72	팩트는 데브가 욕설에 삔또 상했다는 것..	민무늬토끼
38065	2026-09-09	0	0	47	갤럭시 스토어 초대받고 쿠폰 받아가세요!	bonokiller
38059	2026-09-09	0	1	60	팩트는 데브가 구내 식당 메뉴 개선이나 하려고 한다는 것..	민무늬토끼
38058	2026-09-09	0	2	123	다다음주 마일리지 개선되겠네	잠이가솔솔
38057	2026-09-09	0	0	25	일처리 능력만큼 알바나 직원 능력도 떨어지나	머니
38056	2026-09-09	0	2	114	쉴드치는 놈들 이제는 숨길 생각도 없네 ㅋㅋ	핑핑아마오
38054	2026-09-09	0	0	18	팩트는 데브가 일할 의지가 없다는 것..	민무늬토끼
38050	2026-09-09	6	20	908	돈 자랑 하고 싶으면 메키나 가세요	다낭옴닉1278
38049	2026-09-09	0	0	36	데브는 쿠키런이라는 좋은 IP하나 잡고 게임 아이템은 좋은데	룰루랄라랄후
38048	2026-09-09	0	0	52	마일리지 아녀도 그냥 고칠게 산더미임ㅋㅋㅋㅋㅋㅋㅋ	여유만빵
38046	2026-09-09	0	3	114	248지 이후에도 똑같은 보스 더 어렵게 잡기가 끝이라니	두둥
38045	2026-09-09	0	0	46	팩트는 데브가 지금 왜 불타고 있는지도 모른다는 것..	민무늬토끼
38044	2026-09-09	0	0	79	사실상 없데이트인데 점검시간 4시간인거부터	핑핑아마오
38043	2026-09-09	0	2	125	데브 운영진님들 심기 거스르면 차단이네 ㄷㄷㄷ	도토리기사
38041	2026-09-09	0	0	77	팩트는 데브가 적자 기업이라는 것..	머니
38038	2026-09-09	0	0	48	절대 현질안해줄게	zksjdhd
38037	2026-09-09	0	0	29	이 xx같은  데브야	힘내
38036	2026-09-09	0	0	49	ㅋㅋㅋ스테확장 쿠키출시 끝 ㅋㅋㅋㅋㅋ	jdpjdp
38034	2026-09-09	0	0	40	유튜브보다 재밌다노	단단한바지
38032	2026-09-09	0	0	34	팩트는 데브가 마일리지의 '마'자만 보고 마카롱 땡겨서 티파티를 즐기고 있다는 것..	민무늬토끼
38031	2026-09-09	0	13	422	방금 시작했는데	슈크림빵
38030	2026-09-09	5	3	69	뚱카롱의 하루	찢토바이
38027	2026-09-09	0	0	39	팩트는 데브가 지금도 기싸움을 걸고 있다는 것..	민무늬토끼
38026	2026-09-09	0	6	141	적절한 마일리지 개선법이 뭘까요?	사계
38024	2026-09-09	0	0	51	마일리지 상점은 개편좀 해줄만 하잖아..	초원1213
38021	2026-09-09	0	0	54	얼마나 마카롱처먹고싶은지 감도안옴ㅋㅋㅋ	이그313
38020	2026-09-09	0	0	32	팩트는 데브가 이 시간에도 퇴근 생각만 하고 있다는 것..	민무늬토끼
38019	2026-09-09	0	0	59	데브는동아리회사	천인호
38018	2026-09-09	0	0	54	걍 지들 게임 욕한다고 정지주는 곳 여기밖에 못봄	zksjdhd
38017	2026-09-09	0	3	149	데브 출신 폐급 개발사 모임이라 다른데 못가	뷴뷴이
38016	2026-09-09	0	1	54	개발진 너네 여기서 경력 쌓고 다른데 이직하려는거지?	핑핑아마오
38014	2026-09-09	0	0	28	팩트는 데브가 저녁 뭐 먹을지 고민만 한다는 것..	민무늬토끼
38013	2026-09-09	0	7	1233	정보) 서버 1등은 한달만에 1억넘게 질렀었다	뷴뷴이
38012	2026-09-09	0	0	76	어떤 의미론 대단하기도 하다.	솔닢
38011	2026-09-09	5	23	3469	와..이건 진짜 좀 소름돋네	에스님
38010	2026-09-09	0	2	107	님들님들	엔나
38006	2026-09-09	0	0	44	팩트는 데브가 간식비 때문에 적자라는 것..	민무늬토끼
38005	2026-09-09	0	0	76	개쓰레기게임에 게임사네 ㅋㅋㅋ	zksjdhd
38004	2026-09-09	2	4	1323	전서버 1등 마일리지 개선 요구 차단당하고 삭제함	뷴뷴이
38003	2026-09-09	0	0	99	게임 살아나는 한가지 방법	핑핑아마오
38002	2026-09-09	0	0	89	데브야 민심 돌아서게하는방법 알려줄게	do
38001	2026-09-09	1	1	277	올라올 때 됐다	뚱카룽
37998	2026-09-09	1	2	705	(필독)지금 얼마나 심각한 사태인지 진심 모름?	에스님
37996	2026-09-09	0	2	114	일던은 내일꺼는 쓰지말고 업뎃 끝날때까지 기다리면되져?	Yaoooo
37995	2026-09-09	0	1	37	소통이란걸해라  데브xxx	힘내
37994	2026-09-09	0	2	302	1등분 삭제했다는 글 어디있나요	엔써
37993	2026-09-09	0	1	130	소과금은 사실 별 생각없음	보루1
37992	2026-09-09	0	12	823	쓔팔 나도 길드 터져있노 ㅋㅋㅋㅋㅋㅋㅋ	T100 쿠박이
37991	2026-09-09	0	4	186	관리자는 할일 했을뿐이다	iamme
37990	2026-09-09	0	0	37	여초기업에 애사심 따윈 없음	우양굳드
37989	2026-09-09	0	0	65	근데 겜 망한건 이미 알고잇지 않음?	핑핑아마오
37988	2026-09-09	0	0	52	팩트는 데브가 적자 기업이라는 것..	민무늬토끼
37987	2026-09-09	0	2	169	하락 개빡치네 진짜 확률 개 높은거 같은데	세링
37985	2026-09-09	0	0	105	느긋하게 지켜보자는 주의였는데	힘내
37983	2026-09-09	0	0	47	데브겜 특	레몬소베트
37982	2026-09-09	0	0	179	옵챗보니 줄줄이 다접네 ㄷㄷ	우양굳드
37978	2026-09-09	0	0	150	진짜 이번엔 난리난거같은데	에코
37977	2026-09-09	0	1	181	한편으론 큰 호갱이 떠난게 아쉬울뿐일듯	보루1
37972	2026-09-09	0	4	199	근데 꼴사납지않음?	핑핑아마오
37971	2026-09-09	0	0	193	내가 패치 개같으면 핵과 접는다켓제?!!	터리
37965	2026-09-09	0	1	118	이게 7월30일 오픈한 게임 맞나 모르겠음	하데스
37964	2026-09-09	0	0	94	머지 2연속 하락	한로로
37963	2026-09-09	0	15	928	전섭1등 별로 안중요함	보루1
37961	2026-09-09	0	0	52	플레이트 강화 모션 ㅋㅋㅋ	긴도나
37960	2026-09-09	0	4	462	서버 1등 계정삭제는 레전드긴하네	뷴뷴이
37959	2026-09-09	0	6	262	카페에 차단이나 거르면 좋은 닉네임들	T100 쿠박이
37958	2026-09-09	0	0	55	마일리지 열쇠 제한없애는건 좀 힘들고 그냥	ㅈㅅ
37957	2026-09-09	0	0	110	뚜까펫 &lt;&lt; 재밌네 갈아타야겟다	다함께차챠차
37956	2026-09-09	0	2	105	뚱카룽 행보 예상	노지션
37955	2026-09-09	0	0	56	4주에서 2주패치 바꾸더니 실질적 4주패치네	뷴뷴이
37953	2026-09-09	0	2	106	데브 아니면 받아줄 회사도 없는 떨거지들만 모아놓고	핑핑아마오
37952	2026-09-09	0	0	136	제물 싸게 바쳤따..	한로로
37951	2026-09-09	0	5	459	전섭 1위가 접은 이유가 결국 마일리지 아님?	뚱이아
37950	2026-09-09	0	1	127	쥐토바이 개선은없고 10번 더 잡으라노?ㅋㅋㅋㅋ	jdpjdp
37949	2026-09-09	0	0	32	얘네들 업데이트 꼬라지 보면	핑핑아마오
37947	2026-09-09	0	5	286	데브만큼 vip대우 빡시게 해주는 회사가 어딨음?	푸니
37945	2026-09-09	0	0	205	와 근데 돈이 얼마나 많은거지	네오
37944	2026-09-09	2	0	79	이번 업뎃 내용보면 우선순위를 지들 맘대로 정함	여유만빵
37943	2026-09-09	0	0	191	제발 마일리지 개편좀 해달라고요	도미
37942	2026-09-09	0	1	91	쿠킹덤 때부터 기싸움은 유구하네	파우파우
37941	2026-09-09	0	0	81	오픈 한달만에 미워도 다시한번 이벤트 예정인게임이 있다?	썩은쿠키
37939	2026-09-09	0	0	53	자자 이제 다음 게임은 뭐죠?	핑핑아마오
37938	2026-09-09	0	1	209	치케 공증vs스증	잠이가솔솔
37936	2026-09-09	0	0	26	크럼블 쿠키런IP 부스러기만드려고 출시한건 아니죠?	두둥
37933	2026-09-09	0	0	43	마일리지 SSR 랜덤권 이라도 넣었으면 	리센느54
37930	2026-09-09	2	0	54	마일리지 개편은 1달전부터 나오던 불만사항인데	핑핑아마오
37926	2026-09-09	2	0	40	기싸움좀 작작하고 마일리지 추가해라	롤로리롤
37923	2026-09-09	0	0	26	다같이 무과금 선언이라도 하고 드러누워야 정신을차리나	푸우우
37922	2026-09-09	2	1	245	전섭1위분이 접으셔도 스테90 무소과금분들이 크럼블 지킴이 해주시니 든든합니다!	두둥
37917	2026-09-09	1	1	231	우리 길드도 4명 나감	쁘락지
37915	2026-09-09	2	2	203	과금러 대부분은 열쇠패키지 샀다는거임	리센느54
37914	2026-09-09	1	0	39	빨리 대책회의해서 추가공지안냄?	푸우우
37913	2026-09-09	0	0	27	박살 오토바이 개선이나 처하라고	jdpjdp
37911	2026-09-09	2	1	68	갓겜무새들 덕분에 데브 뚱카롱 더 먹고 줴줴이 ㅋㅋㅋㅋㅋㅋ	T100 쿠박이
37910	2026-09-09	0	0	122	자자 전섭 1등도 접엇는데 알바분들 어떡하실거죠?	핑핑아마오
37909	2026-09-09	0	2	161	일던 확장은 일주일뒤로 미루는게나을텐데	do
37907	2026-09-09	3	0	79	진짜 마일리지샵 개편안 업뎃에서 뺀사람 시말서써라	푸우우
37906	2026-09-09	5	5	998	정신 차렸습니다 ! 합류 하겠습니다!	거니
37902	2026-09-09	0	0	55	그냥 데브는 뉴월드 나오기전에 부도각임	쿠크
37901	2026-09-09	0	2	110	업데이트 뭐하는건지 어디서보나요?	커비
37899	2026-09-09	1	2	117	데브 친구들아 너네 쿠키런IP로 내는 신작겜마다	뚱카룽
37898	2026-09-09	2	0	93	사람 마음 다 똑같다 ㅋㅋㅋ	비겁한 데브
37896	2026-09-09	0	0	40	플레이트 박살, 마일리지, 장비 프리셋/보관함 개선 진짜 안하냐?	파우파우
37894	2026-09-09	0	0	188	카페알바 시말서 써야겠넼ㅋㅋㅋㅋㅋ	쿠크
37886	2026-09-09	1	2	476	전섭 1위 접은이유 알거같앜ㅋㅋ	두둥
37885	2026-09-09	0	1	383	전섭1등 계삭	베일은탈모
37883	2026-09-09	0	0	182	서버 1등 접었노 ㅋㅋㅋㅋ ㅈ망겜	noji523
37882	2026-09-09	2	0	102	중요한 업뎃은 단한개도 없누	썩은쿠키
37880	2026-09-09	1	5	732	전섭1등 접음 길드도 안보이는거 보니까 진짠가봄 시발 어떡해	쁘락지
37876	2026-09-09	6	6	1844	업뎃 갠적인 생각	도미
37874	2026-09-09	0	1	556	비겁이 연타덱으로 컷	베일은탈모
37871	2026-09-09	0	7	164	스테 90따리도 징징 분탕보다는 머리가 좋아서 다행	다낭옴닉1278
37868	2026-09-09	0	9	485	스테이지 확장에 따른 필요 권장전투력 요구 증가량	김상만73세
37864	2026-09-09	1	2	176	스테 90따리 미는애가 갓겜수호단질하는거 웃김	두둥
37860	2026-09-09	0	0	41	어휴 ;;	그겅
37859	2026-09-09	1	3	242	초코강 박살좀 해결해라	섬종
37858	2026-09-09	0	0	206	지금 난이도 추세로 보면 328 스테 권장투력	핑핑아마오
37857	2026-09-09	1	3	234	데브가 뚱카롱 회사가 되는 EU	T100 쿠박이
37856	2026-09-09	0	1	127	형편성문제 필독	지니J
37853	2026-09-09	0	0	255	패치보고 결심함	거니
37852	2026-09-09	0	0	48	프리셋 개선 없는거 실화에요?	빵상
37850	2026-09-09	0	7	348	갑자기 금색되면서 승천하더니	젖소텐미닛
37849	2026-09-09	1	5	202	89채널 비매너 길드 '애니메' 	잘로킹
37848	2026-09-09	0	0	70	지금 빨리 내일 업뎃 후에 열쇠패키지 갱신한다고 올려라	두둥
37847	2026-09-09	4	49	896	열쇠 패키지 관련 소신발언	바난나
37846	2026-09-09	0	13	436	데브야 이게 맞냐?	핑핑아마오
37845	2026-09-09	0	0	61	이제 게시판 관리도하냐?	쿠크
37840	2026-09-09	0	1	69	이거 차단한 사람 글은 게시판에서 아예 안보이게 못하나요?	다낭옴닉1278
37838	2026-09-09	0	0	62	1시점검 걸어놓고 칼퇴 크 ~! 최고의 워라벨 회사 ㅋㅋ	jdpjdp
37836	2026-09-09	0	1	209	열쇠패키지 소급 적용 합니다	보루1
37835	2026-09-09	0	0	104	미리 열쇠패키지 산 사람들은 한순간에 바보만드네	두둥
37833	2026-09-09	0	2	188	스테이지 난이도 개떡같이 올려놓고 스테이지는 왜늘림?	두둥
37832	2026-09-09	1	0	104	와 데브 행님들 갓패치에여! 계속 소신있게 이렇게 패치해주세요!!	한날
37831	2026-09-09	0	0	31	마일리지랑 초코강 박살 완화는 대체 언제 고칠거냐!!!!!!!!!!!!!!!!!	크럼블갓겜
37830	2026-09-09	0	1	280	열쇠소급 ㅋㅋㅋ	보루1
37829	2026-09-09	0	0	109	투력 요구량이 248 되어 갈수록 급격하게 늘어나게한 이유가뭔가요?	jdpjdp
37828	2026-09-09	0	1	148	열쇠패키지 산 사람 과금러도 붕ㄸ 취급하는 게임은 처음 ㅋㅋ 	두둥
37826	2026-09-09	0	4	162	결국 장비박살은 건든게없네	에스더김
37825	2026-09-09	1	0	148	열쇠패키지 소급적용 해줘라 진짜	noji523
37824	2026-09-09	0	0	10	갤럭시 50프로 할인권 막날 초대수락 부탁드립니다 ㅠ	든솔빠더
37822	2026-09-09	3	37	2154	열쇠 패키지 예상하고 구매하지 말아야지 말하는놈 = ㅈ능아	T100 쿠박이
37814	2026-09-09	0	1	117	248지까지 난이도 개같은거는 완화하고 신규스테 추가하는거지??	뚱카룽
37811	2026-09-09	0	1	252	그니까 이번 업뎃 요약은	핑핑아마오
37808	2026-09-09	1	1	135	이따구로 운영할거면 제발 환불좀;	한날
37805	2026-09-09	0	3	127	뚱카롱 치고는 낫베드	보루1
37803	2026-09-09	0	2	186	에이 설마~ 또 체력만 늘린 스테이지 확장이겠어 ㅋㅋ	T100 쿠박이
37801	2026-09-09	0	13	171	금붕어 쉐리들 이전 패치보다 못한걸 빨고있누? ㅋㅋ	터리
37799	2026-09-09	0	4	265	248 온사람 얼마나된다고  스테확장을하나	jdpjdp
37798	2026-09-09	0	0	76	마일리지 개선 데브식 일처리 예상	핑핑아마오
37797	2026-09-09	2	9	114	스테이지 인증하고 낫베드 갓패치 이정도면 글써라	한날
37796	2026-09-09	1	0	58	패치노트에 스테이지보상 얼마나 상향되는지 적어주는 게 어렵나	쿠럼블럼블
37793	2026-09-09	0	2	360	근데 마카롱을 왜쓰는거임?	류퀴즈온더블럭
37792	2026-09-09	2	1	519	드디어 버그가 제대로 수정됐구나	밀크흑당버블티
37791	2026-09-09	0	4	219	개꿀팁 알려줌	세링
37790	2026-09-09	0	0	67	운영자님들도 사람입니다 힘내세요!!!	공격123
37785	2026-09-09	0	4	202	168 스테 이후에 불쾌한거는 안고침?	핑핑아마오
37781	2026-09-09	0	1	245	열쇠 패키지 이미 샀는데 도태되네 ㅋㅋ	두둥
37772	2026-09-09	0	0	134	그래 내가 포기했다	비겁한 데브
37768	2026-09-09	0	1	38	ㅋㅋㅋㅋㅋㅋ	고글링
37766	2026-09-09	0	0	112	오케이 이번 업뎃 괜찮네요	수판독서사
37764	2026-09-09	0	0	47	마일리지만 추가됐으면 딱인데	에스님
37760	2026-09-09	0	0	36	이번 스테이지도 돌려막기??	뽀그미
37753	2026-09-09	0	1	146	ㅋㅋㅋㅋㅋㅋㅋㅋ진짜 개쓰레기들 예상을 안빗나가네.	터리
37752	2026-09-09	0	0	45	쥐토바이/암살자 같은 불쾌감 주는것좀 패치하라고!!!!!!!!!!!!!!!!!!	미좌
37750	2026-09-09	0	2	150	에휴 패치 뭔가 많이 부족한거 같은데....	세링
37747	2026-09-09	0	1	116	이딴 패치 보고	티원
37746	2026-09-09	4	11	818	이겜이 붉은사막마냥 초 고퀄 게임도 아니고	핑핑아마오
37745	2026-09-09	0	1	75	진짜 지식1도 없는사람이 입사해도 이거보다 운영잘하겠어	뭔디
37744	2026-09-09	0	5	190	아레나 자동도전	바밍사랑단
37743	2026-09-09	0	0	43	2주뒤에 마일리지 개선해주겠지	잠이가솔솔
37740	2026-09-09	0	2	124	장비 프리셋 개선은 없구나ㅠㅠ	봉황
37739	2026-09-09	0	0	82	니들 그거 아냐?	터리
37738	2026-09-09	0	0	90	스테이지 완화 언급 없노	보루1
37736	2026-09-09	0	1	148	마일리지는 그냥 그대로 또 썩겠네..	키리루
37734	2026-09-09	0	24	712	뉴비입니다 🌱🌱🌱	쿠쿠루키런
37733	2026-09-09	1	0	114	메인하고 일던확장한건 의외인데 개선이 ㄹㅇ하나도없네	파우파우
37732	2026-09-09	0	8	230	5.5만 패키지 아직도 안샀는데, 살까요??	어추어누큐
37731	2026-09-09	2	8	418	243-10 쥐돌이 컷	S2 미나미
37729	2026-09-09	0	1	172	많은 거 바랍니다	별밤콩나물
37728	2026-09-09	0	1	147	많은거 바라지 않습니다	핑핑아마오
37727	2026-09-09	0	0	103	많은거 바라지 않겠습니다	승후이
37726	2026-09-09	0	2	75	총투1.6 토벌7G 길드구해요	네무
37725	2026-09-09	0	3	339	장비선택..ㅋ	뽀그미
37724	2026-09-09	1	8	1546	다른서버에서 저는 몇등일까요	Sunnydaysss
37723	2026-09-09	0	3	86	던전확장	지니J
37722	2026-09-09	7	26	1117	그래도 키우기 게임 중에 이정도면 순한맛으로 괜찮은 거 아닌가...	다낭옴닉1278
37720	2026-09-09	3	1	109	이게 방치형 겜이냐 영자야	거포1
37716	2026-09-09	2	4	317	광제,유니크만 샀고 202-30	쿠통령
37715	2026-09-09	0	0	127	오늘 신캐하나만 띡 내봐라	헤노름
37713	2026-09-09	0	9	87	고수님들 도와주세요ㅠㅠ	초코1
37712	2026-09-09	0	1	257	플레이트 강화 우선순위 질문 드립니당ㅠ	냐냐
37710	2026-09-09	2	2	630	203-10 더러운 바이크 년 클	하위욥
37709	2026-09-09	0	2	334	전갈 룬 이렇게 맞춰도 되나요	벼라늘
37704	2026-09-09	0	2	211	쿠키 경험치통을 건들 필요 없이	람쥐썬더
37695	2026-09-09	0	2	219	게임 장기적 로드맵이라는 게 있긴 한 걸까?	사계
37694	2026-09-09	0	3	117	채팅 중국인만 하던데	초코1
37693	2026-09-09	0	9	342	초초비상 	뱜
37688	2026-09-09	0	0	14	“지휘”길드에서 재밋게 하실븐 모집합니다 	지휘길드 미미
37683	2026-09-09	0	4	202	초코강 강화 기록하기 (2일차)	준시
37681	2026-09-09	0	1	53	길드구해요	사람입니다
37680	2026-09-09	0	0	134	설마 아직도 안 오신 분이 계세요?????	Volta
37678	2026-09-09	1	3	361	데브 한테 대출좀 받았습니다.	치즈라우
37677	2026-09-09	6	5	860	그분 지지율 처럼 3.7만 결사대 달성 ㄷㄷ	T100 쿠박이
37676	2026-09-09	0	2	80	전체 투력은 어디서 확인 할 수 있나요?	루루나나
37675	2026-09-09	0	16	721	쥐돌이는 진짜 짜증 243-10 1시간 ㅡㅡ	악림
37674	2026-09-09	0	0	122	이번 업뎃에서는 어떤 잠수함 패치를 할까나	뚱카룽
37672	2026-09-09	0	0	143	전투력 낮은데 아레나 순위 높으니 겁나 때리네	별밤콩나물
37666	2026-09-09	0	2	175	이겜은 진짜	요뿌
37663	2026-09-09	0	4	73	총투력 1.1g 길드구합니다	문책
37662	2026-09-09	3	5	911	금일 패치에 무조건 나와야 하는 거(하나라도 없으면 겜 망함)	에스님
37653	2026-09-09	2	11	1037	다들 명중 어떻게 관리하시나요?	마당새단
37651	2026-09-09	2	2	179	레벅 한명 차단하고 카페보니까 쾌적하네	쿠럼블럼블
37649	2026-09-09	0	1	176	지금 딱히 위기감도 없을듯	파우파우
37643	2026-09-09	0	1	299	패치노트는 오후 1시에 올라오죠?	새우
37637	2026-09-09	0	0	165	민심 회복하려면 이번 패치노트에 달린듯	승후이
37636	2026-09-09	0	6	94	길드구해요 2명	탱자
37625	2026-09-09	0	2	331	이번업데이트 내용 나왔나요?	파이토토
37621	2026-09-09	0	17	1655	이번에 새로 나오는 체리콜라맛 쿠키의 개인적인 견해	레벅
37620	2026-09-09	0	7	1333	와우 대박터졌네요	주혀니
37617	2026-09-09	0	2	139	스테이지 보상 안들어오는데?	글루타치온
37613	2026-09-09	0	3	149	쿠키런 크럼블은 방치형 게임이 아니라	코리갑
37606	2026-09-09	0	2	26	추천인 서로 등록해줄사람 ~	연후
37602	2026-09-09	0	2	435	우와... 이게 뜨구나	한수영
37600	2026-09-09	2	1	55	안녕하세요 뉴비입니다	초코1
37592	2026-09-09	0	3	71	저만 로그인 문제잇나요	펜타그렘
37590	2026-09-09	0	2	248	아 진짜 혐토바이;;	하우멏이
37582	2026-09-09	0	0	160	신규 오픈한 서버 한번 와보세요!!	Volta
37581	2026-09-09	2	3	505	쪼다 같은 쉐리들 ㅋㅋ	터리
37578	2026-09-09	0	4	543	오늘 패치 체리콜라 픽업뽑기 끝	미죠
37575	2026-09-09	0	0	22	쿠키런크럼블	junx
37568	2026-09-08	0	2	116	35-30  컷	오데마
37567	2026-09-08	1	2	388	이게 되네요..	용용죽게찌
37566	2026-09-08	3	3	327	여태 게임을 하면서 카페 글들 구경하면서 본 느낀 점+본인이 징징이 같다면 봐주시길	레벅
37564	2026-09-08	0	0	104	갤스 할인쿠폰 받으십셔!	다함께차챠차
37561	2026-09-08	0	5	770	속썩이던 목걸이 졸업완료 	뱜
37559	2026-09-08	0	6	164	아 쥐토바이 진짜 누구 머리에서 나온겨	Satellite
37558	2026-09-08	2	13	528	227-30 비겁이(석가모니아니면 절대비추/명랑없음)	뱜
37556	2026-09-08	0	2	386	저랑 플레이트 비슷하신분 있나요?	콩둥이
37555	2026-09-08	0	2	151	결제50%할인 마지막 날 못받으신분들 꼭 받아가세요	자유를원합니다
37545	2026-09-08	1	0	53	팩트	오태식이
37542	2026-09-08	0	6	330	현질하려는데 패키지효율 좋은거 추천 좀여	통새우
37541	2026-09-08	0	2	392	이젠 욕하기도 지친다	뱜
37539	2026-09-08	0	1	253	명중 집중 확인법	한대만맞고가라
37533	2026-09-08	1	0	150	초심자의 행운인가...	초보뉴비
37532	2026-09-08	0	5	25	추천친구 교환하실분…~~	이다
37527	2026-09-08	1	0	123	제발 아무패치하지말고 신규캐만 내자	쿠키런유저
37526	2026-09-08	0	0	135	뜬금없이 깨졌네 ㅋㅋㅋㅋㅋ	비지두구
37519	2026-09-08	0	0	54	35-20 트럭컷	오데마
37514	2026-09-08	0	0	133	88-30 비겁덱	뚜쉬뚜쉬
37512	2026-09-08	0	6	454	명중 950인데 이거 바꿔야됌?	시라소니 77
37511	2026-09-08	0	0	52	갤럭시 스토어 50% 쿠폰 마지막날 !	이이이
37510	2026-09-08	0	2	121	첫 10성 이후 	어늘어늘이
37508	2026-09-08	0	3	298	명중870인데 이거먹어야됨?	밥먹자
37506	2026-09-08	0	1	88	ㅈ버그	IIIIIIIIIIIIII2
37501	2026-09-08	8	9	1700	아니 스텔라 이렇게 뜬건 또 처음보네	끼얏효르이힝
37495	2026-09-08	0	3	227	168-30 이후는 보상이 짜여??	크림이
37492	2026-09-08	0	1	291	패치 목요일이 아니고 수요일인가요?	하얀혈흔
37485	2026-09-08	0	1	122	크크크 치킨 교환소	냐냐
37480	2026-09-08	1	5	465	크럼블 던전 고점 관련 질문이여	dhef9965
37469	2026-09-08	1	2	202	25일차)442서버 무과금 플레이 기록	공백 패왕
37460	2026-09-08	1	0	168	크크크 이벤트하는이유	꿀잠이
37456	2026-09-08	0	0	12	친구 추천해주실분	체크인땡굴
37455	2026-09-08	0	3	362	살다살다 이딴경우는 처음이노	회전초밥뷔페
37454	2026-09-08	0	2	131	전지멜로우 펫도감	야르비요
37452	2026-09-08	0	1	132	결제할때 50%할인받으세요 하루남음!	자유를원합니다
37450	2026-09-08	0	0	11	진흙맛쿠키용병단 LV8  길드홍보	한경상준태
37449	2026-09-08	2	2	268	192 스테 연타덱인데 수정할곳 있어?	레붕이
37446	2026-09-08	0	2	244	브라이트 10뽑	성두봉
37444	2026-09-08	0	0	35	갤스 쿠폰 같이 받아요	야호호
37436	2026-09-08	1	2	168	스테이지 공격 우선순위 기준이 뭐에요 대체????????	dhef9965
37425	2026-09-08	0	1	66	혹시 크럼블 패스 어디서 살수있나요?	어추어누큐
37413	2026-09-08	0	4	378	우유는 공증 줘야하나요??	마띵도르
37401	2026-09-08	0	3	16	추천인 교환하실 분 계신가요?	쿠아아이나
37391	2026-09-08	1	0	36	새콤달콤 작업하실분 하시고 댓글주세요	노브리
37385	2026-09-08	2	0	106	83-30 비겁덱	뚜쉬뚜쉬
37384	2026-09-08	2	0	405	이거 종신하라는겁니까..?	전사
37377	2026-09-08	0	0	83	ㅇㅏ~~~~접속하기 싫다 아아아아	방국봉
37361	2026-09-08	2	0	58	이 게임 조작감의 큰 문제는 무엇인가?	꿀잠이
37359	2026-09-08	0	0	59	이쯤되면 얘들 게임내놓고 조지는걸 즐기는거임	삭2d
37358	2026-09-08	0	0	117	장비 깔때 이거 보조옵션 골라서 하는게 조아?	레붕이
37356	2026-09-08	0	1	287	이번주 목요일 게임 시작하면 베스트임	보루1
37354	2026-09-08	1	6	2339	체콜 스킬 보고 왔는데	체콜출시기원41일차
37352	2026-09-08	0	0	230	내일 업뎃 예상..	뽀그미
37350	2026-09-08	0	3	290	내일 패치의 희망편	보루1
37348	2026-09-08	0	0	206	체리콜라 다발 시너지 받나보네	미소
37345	2026-09-08	0	2	196	일일던전 이번주 패치에도 없으면 문제있다고봄	불타는빔
37343	2026-09-08	0	3	198	명중 보는법 	잼콩콩
37339	2026-09-08	0	0	120	[디스코드] 쿠키런: 크럼블 정식 오픈 디스코드 (전략/정보/쿠폰)	Volta
37338	2026-09-08	0	5	202	고수형님들 질문해도 되겠습니까?	kor1014
37334	2026-09-08	0	2	682	227-10 쥐톲밦잆 ..^^ (시커x)	뱜
37317	2026-09-08	0	0	29	곧10레벨 “지휘”길드에서 딱4분 모십니다 	지휘길드 미미
37312	2026-09-08	0	3	19	추천친구 교환하실분	신내동마취가스
37309	2026-09-08	0	6	1309	스테확장은 안했으면 좋겠다..	뽀그미
37305	2026-09-08	1	0	28	81-30 쿨민	뚜쉬뚜쉬
37297	2026-09-08	0	0	380	체리콜라?	김상만73세
37296	2026-09-08	0	10	1350	데브의 큰 그림 파악했다.	한날
37295	2026-09-08	0	2	151	정말 이랬으면... 데브가	안녕하세여여요
37294	2026-09-08	1	1	290	여태까지로 봐선 체리콜라 매우 안좋을 것으로 예상	두둥
37293	2026-09-08	0	1	148	체리콜라 스킬에 디버프 공깍 50% 달린다면?	티시
37289	2026-09-08	1	0	142	패치노트는 또 전날에 올리냐 ㅋㅋㅋㅋㅋ	전업마법사
37287	2026-09-08	4	5	1301	패치노트를 왜 하루전	야르비요
37284	2026-09-08	0	3	194	걍 다른 키우기 겜처럼 스테 쫙 늘리고 난이도 점차적으로 높이면 안되나	요리왕털보
37276	2026-09-08	0	1	205	바람궁수 4성 vs 브시커 3성	땃쮜
37274	2026-09-08	0	3	344	토벌에 쓸 장비들 얻고있는데	초코냠냠
37271	2026-09-08	0	1	224	노움 연구소 속성 피해증가는 뭔가요??	람쥐썬더
37268	2026-09-08	0	0	3	7lv길드 ‘데굴데굴’ 길드원 모집합니다 “자유가입”	완진
37266	2026-09-08	1	0	178	쿠키런 크럼블 솔직히	책읽는바나나
37265	2026-09-08	0	2	73	질문있슴니다 형들	반갑습니다ㅇ
37262	2026-09-08	1	8	1920	확률 확실히 공개해라	AQUA MAN
37261	2026-09-08	0	0	255	226-30 쿨링민트	뱜
37259	2026-09-08	0	6	713	168하고 접어야지	어어왜멈춰
37257	2026-09-08	2	2	106	80-30 비겁덱	뚜쉬뚜쉬
37249	2026-09-08	1	8	1568	체리콜라맛 쿠키가 고작 이정도 성능으로 나올 줄은 몰랐다,,	한로로
37247	2026-09-08	0	3	91	형님들 궁금 한게 있습니다	화난마법사v2
37246	2026-09-08	0	7	943	체콜 나오고 끝이에요?	시유라
37244	2026-09-08	0	0	121	일일던전 덱좀 공유해줘요	두둥치1
37243	2026-09-08	2	1	215	길드 구한다는 글이 8~90프로를 차지하는거보니까 목소리 내던사람들 다 접었나보네	쁘락지
37240	2026-09-08	2	14	925	224-30 비겁 500m 언더로 깼어요	야삐야미
37238	2026-09-08	0	1	119	출첵으로 1만골드는 너무하자나...	다낭옴닉1278
37237	2026-09-08	0	0	40	갤스 할인쿠폰	마교동
37236	2026-09-08	0	0	8	추천인 부탁드립니다..	Gnar
37231	2026-09-08	1	1	150	34-30 민트련 클덱	오데마
37229	2026-09-08	0	0	173	ㅂㄷㅎㅅㄲ 쿠키 졸라 세네 ㅅㅂ	크림이
37227	2026-09-08	1	1	413	쿠키런 크럼블 아이콘 바뀌었네	T1 Faker
37222	2026-09-08	0	5	699	체리콜라 벌써 별로같은데	천사맛쿠키
37216	2026-09-08	0	0	93	뭔 쿨링이 수정하는데 이리 오랴 걸리냐??	크림이
37215	2026-09-08	1	0	260	더러운 200-30 클	하위욥
37210	2026-09-08	0	0	18	친구코드 3명 남았는데 해주실분 구해요	뿡황
37206	2026-09-08	1	24	1463	체리콜라 스킬 공개	뱜
37203	2026-09-08	1	9	322	아레나 질문 드립니다..	스테비아쿠키
37201	2026-09-08	0	2	110	230-12 암살자 도움좀요	양자23
37198	2026-09-08	0	0	101	원트	사신
37193	2026-09-08	0	2	155	틀니 타워가 막히는데 덱을 좀 바꿔야할까요?	크림빌레나
37191	2026-09-08	1	0	170	100렙까지 바궁 0성 유지하기 첼린지	무로0
37187	2026-09-08	0	5	591	체리콜라 뭔가 디버프 SSR 쿠키같은데	뭔디
37185	2026-09-08	1	11	863	스테이지 조합	김밥천국지배자
37182	2026-09-08	1	3	194	쥐토바이 한화면 넘어가는건 에바아님?	둡둡
37177	2026-09-08	0	0	23	곧10레벨“지휘”길드에서 인원보충합니다	지휘길드 미미
37165	2026-09-08	0	1	233	목요일에도 패키지만 ㅈ빠지게 팔 예정	쿠럼블럼블
37164	2026-09-08	1	0	113	13렙 랭커길드 부스러기단 모집중!	광빵동
37163	2026-09-08	0	1	121	이정도면 킹덤 개발진이 잠깐 쉬는시간에 크럼블 패치 준비하는거 아니야?	비겁한 데브
37159	2026-09-08	0	2	392	명중 1050 집중 970인데	레붕이
37149	2026-09-08	1	2	86	78-30	뚜쉬뚜쉬
37144	2026-09-08	0	3	609	길드 탈퇴해도 토벌정산 들어오나요??	경기투싼9756
37137	2026-09-08	14	4	3322	업데이트 유저 희망편	사계
37135	2026-09-08	8	9	2179	검 대성공성공대성공 20강 최단루트	가 을
37131	2026-09-08	0	13	686	질문하나 드립니다	장구매
37128	2026-09-08	0	0	98	마일리지 소모처 	ABl
37126	2026-09-08	0	12	1397	피노누아 한바퀴 다돌때까지 10성안찍힘	은솔
37117	2026-09-08	1	5	889	어지간한 징징글이랑 건의글은 다 이해가는데	치킨쿠키
37114	2026-09-08	0	0	106	연타시너지	두쫀쿠는거들뿐
37108	2026-09-08	1	2	246	개인적인 생각인데 방치 컨셉도 잘못잡음	코리갑
37107	2026-09-08	3	8	1095	초반에 너무 퍼주듯이 꿀잼 이였는데...	세링
37105	2026-09-08	0	0	123	일일던전은 언제늘리냐..	쿠키런유저
37103	2026-09-08	0	2	400	이번주 업뎃 기대하시는 분들이 많네	파우파우
37100	2026-09-08	0	3	1049	전갈 잠수함 패치했나...?	여섯시내고항
37099	2026-09-08	0	2	282	뉴비 덱추천 부탁드려용	가으니이이
37097	2026-09-08	0	5	459	이번업뎃에 강화 패치없으면	에스님
37094	2026-09-08	1	2	187	약속의 시간이 다가온다	빨강자두
37093	2026-09-08	0	2	251	새콤달곰 필수에요?	하이하이00
37092	2026-09-08	0	1	142	오픈빨은 버텼지만 게임이 미완성이라 유저수 반토막	T100 쿠박이
37087	2026-09-08	0	3	175	쿠키 레벨업 질문	장난치즈마
37085	2026-09-08	0	0	61	이번업뎃 머 없나	앨리스
37073	2026-09-08	1	7	465	박살시스템 유지하면 겜 접을듯	에스님
37072	2026-09-08	0	2	267	15강 활만 40번 실패중. 15강이 한개도 없는거 실화?	플캣
37068	2026-09-08	0	5	593	쿠키뽑기 100% 건드린 거 같아 SSR이 안뜸	미죠
37064	2026-09-08	0	0	65	업뎃 바라는점	수판독서사
37063	2026-09-08	1	9	441	초코강 내가 운 안 좋은거겠지	뚱이아
37062	2026-09-08	3	3	686	8월27일 패치노트 중에	ABl
37060	2026-09-08	0	0	11	"포람페" 길드에서 총투력 800m 이상 열심히 하실분들 모집합니다~ (옵쳇X)	jod
37056	2026-09-08	0	0	202	꽉잡아 순위 떨어진다!!	Noahs
37055	2026-09-08	0	0	194	유저수는 나락중인데 찐빠 방치 운영뭐냐고 ㅋ	jdpjdp
37053	2026-09-08	0	0	196	목요일 업데이트 기대하시는분이 계시네	두둥
37052	2026-09-08	0	0	104	축복2 바궁 5성	언
37050	2026-09-08	2	0	175	플레이트 박살로 꼬접하는 유저가 있든말든	두둥
37049	2026-09-08	1	0	482	240-30 비겁이 클	쿠키3
37042	2026-09-08	0	0	145	쿠키톡 에러낸거를 업데이트날까지 그냥 방치하는구나 ㅋㅋㅋ	jdpjdp
37037	2026-09-08	0	1	213	[디스코드] 쿠키런: 크럼블 정식 오픈 디스코드 (전략/정보/쿠폰)	Volta
37035	2026-09-08	0	0	105	64-30 비겁이 길드 없으면 못깨는 버그 있나요..?	종건
37031	2026-09-07	3	0	100	결국 데브 운영 태도가 바뀌지 않으면 달라질거 하나없음	비겁한 데브
37022	2026-09-07	0	3	280	초코강 확률 내가 운이 ㅂㅅ인거겠지	초코강오천개
37021	2026-09-07	0	0	108	씰온라인?? 모바일로 귀환???	꼬마기사
37005	2026-09-07	0	3	444	Tssr 나오면 좋아해야하는데	크림이
37001	2026-09-07	0	2	1257	첫 이터널인데 너무하네..	악림
37000	2026-09-07	2	0	233	이건 좀	에스더김
36993	2026-09-07	0	4	141	토요일부터 지금까지 강화 제자리... 4만 4천원도 무과금...	럼블이
36988	2026-09-07	0	1	196	이번주 목요일 업뎃 맞죠?	민수아빠입니다
36984	2026-09-07	0	8	534	박살3프로 맞냐?	속사포
36979	2026-09-07	1	0	165	데브가 빠른 시일 내 패치 해야 할 것들 요약 ( 추가의견 있으시면 편하게 ㄱㄱ )	바난나
36974	2026-09-07	0	0	81	보통 이거 뭐함? 킵하나요?	나비두디
36966	2026-09-07	0	0	52	13렙 랭커길드 부스러기단 길드원모집중!	광빵동
36962	2026-09-07	0	0	119	뭐노 이거 던전 370스테가 끝임??	크림이
36958	2026-09-07	0	0	33	궁금한게 있는데	WeaSeL1
36945	2026-09-07	4	7	285	이 개같은거 뭐 언제까지 잡아야되는거냐?	솔닢
36944	2026-09-07	1	2	216	스테이지 난이도가 이게 줜나 큰 문제인게	보루1
36943	2026-09-07	0	0	133	아레나 이게 드로우는 쫌 ㅡㅡ 	운빨주옥망겜
36935	2026-09-07	0	0	257	체리콜라?	쓴맛쿠
36931	2026-09-07	0	2	247	24일차)442서버 무과금 플레이 기록	공백 패왕
36924	2026-09-07	0	0	30	갤럭시 할인 이벤트 내일 마감 !!!!	이이이
36922	2026-09-07	0	0	79	시럽쇳물은	류퀴즈온더블럭
36920	2026-09-07	0	0	114	중간 업뎃이라고 적진 않을 것 같은데	Gaudium
36916	2026-09-07	1	1	232	스테이지 난이도 하향 없으면 수명 끝	보루1
36911	2026-09-07	0	0	21	새콤달콤 나눔 해주실분 부탁드립니당	람헤랑
36910	2026-09-07	2	1	174	던전 빨리 늘려라 진짜	크럼블갓겜
36907	2026-09-07	2	1	386	형들 우유 다 공증으로 바꿈?	라잇호
36903	2026-09-07	0	0	25	48-30 도와주새요 ㅜ	우엉이울면
36885	2026-09-07	0	0	264	아니 브라이크시커 잘못된거 아닌가요? 	경기투싼9756
36882	2026-09-07	0	0	36	일일던전	김밥의정점
36879	2026-09-07	0	4	294	선생님들 지금 커터 쓰는게 낫나요 아님 목욜까지 참는게 낫나요?	할로망고
36874	2026-09-07	0	0	242	아레나 스텟 의문	어늘어늘이
36872	2026-09-07	0	0	5	추천인 맞교해드릴게요!!	풰리
36870	2026-09-07	0	0	41	10렙 길드에서 길드원 구합니다	뿌뿌꾸
36863	2026-09-07	0	1	52	길드 궁금한거 있어요	림승우
36862	2026-09-07	0	11	1311	스테이지 막히신 분들	장난치즈마
36844	2026-09-07	0	0	30	"전국" 길드원 모집	노인보호구역
36835	2026-09-07	2	7	3941	이렇게 빨리 성불할줄 몰랐는데	체콜출시기원40일차
36833	2026-09-07	0	0	36	쥐	3363
36832	2026-09-07	1	0	31	갤럭시 할인쿠폰 공유해주실분 40%%%%%	미후락
36829	2026-09-07	0	0	16	추천인 맞교할 사람 사기Xx 진심입니다.	야청
36827	2026-09-07	0	1	17	추천친구	신사탄
36818	2026-09-07	0	1	168	아무래도 명중이 있는 게 낫겠죠?	Duck
36805	2026-09-07	3	12	975	목요일에 게임 명운이 걸려있다	우양굳드
36798	2026-09-07	0	3	319	무과금 피노누아 몇까지 키워야하나요?	Wlqrkffo
36791	2026-09-07	0	3	186	렙업 골고루 하지말고 몰빵해서 100렙부터 찍어야되나요?	어추어누큐
36790	2026-09-07	3	12	248	길원모집 마감@@ 	별이꽁
36789	2026-09-07	0	1	381	치즈케이크 삭제하든가 토벌전 사용금지로 바꾸라.	뽀그미
36787	2026-09-07	1	0	107	피노누아맛 쿠키 10성찍었으면 보석 아껴야되나요?	어추어누큐
36777	2026-09-07	0	1	153	적자 매꿀라고 미개발 상태로 출시해서	우양굳드
36772	2026-09-07	1	1	316	드디어 스테이지 200대	차가운사자
36769	2026-09-07	0	1	119	이중에 다음 100렙은 뭘찍어야 될까요?	테루
36764	2026-09-07	0	12	1110	석류 1~3등 공격력 순서라는데 왜 안됨 ?	뭔디
36763	2026-09-07	0	8	727	근데 일뽑 뽑기권 모아둠??? 다들??	크림이
36759	2026-09-07	0	3	387	석류 슈가 룬 추천 부탁해요!!	행복한조커
36753	2026-09-07	0	4	159	버프관련해서 이건 오반가  무리한부탁일수도	do
36744	2026-09-07	0	2	518	명중버렸습니다	뱜
36742	2026-09-07	0	2	284	현질 안해도대는 갓겜!!	쿠키런유저
36741	2026-09-07	2	2	212	오븐방랑자 이름을 바꿔주세요!	두둥
36740	2026-09-07	0	3	663	이번주 패치때 SSR나옴 ?	날다람쥐12
36738	2026-09-07	0	4	253	슈가룬, 스텔라는 현재꺼는 보존해주고 돌리게해야지	두둥
36737	2026-09-07	0	0	25	추천인 4명 핑요합니다	피글렛
36735	2026-09-07	6	8	929	224-30 비겁이 (명랑x)	뱜
36729	2026-09-07	0	2	208	우아아라아아앙아ㅏ아아아아아으라랴랴랴랴	크림이
36728	2026-09-07	0	0	48	추천인 3개 작업해주실분 있나요??	뚜쉬뚜쉬
36718	2026-09-07	0	1	234	이러다 메이플키우기처럼 전액 환불 꼴난다 ...	걸쭉걸쭉
36710	2026-09-07	0	3	162	아레나도 일일던전 처럼 티켓쓰게 해주면 안되나	AhisCream
36708	2026-09-07	2	6	683	아레나 덱이랑 레벨 빨리 올리는 방법 공유해주세요..	감자00
36695	2026-09-07	1	5	186	35퍼로 쥐세마리 바이크단 깨신분??	기르가르
36689	2026-09-07	0	2	174	시작한지 3주차 소과금 시골섭 청년, 도시서버 상경 가능성 봐주세요	크럼블야호
36688	2026-09-07	0	2	556	이거 슈가룬 싹다  갈아야겠죠	수판독서사
36684	2026-09-07	1	0	41	74-30	뚜쉬뚜쉬
36682	2026-09-07	1	3	867	우유 공증 주느라 슈가룬 다날렸네요	수판독서사
36673	2026-09-07	0	0	164	쿠폰 받고 과금 하시죠~~	아들과런던꿈
36659	2026-09-07	0	3	204	게임안해본 운영자를위한 패치해야할것 (개인적인생각이니 이해좀)	바밍사랑단
36656	2026-09-07	0	0	13	갤스 친구초대 쿠폰 받으실분!	온뇸뇸
36654	2026-09-07	0	0	72	바요는 언제나올것같나요?	계피호떡맛쿠키
36652	2026-09-07	0	2	25	아이폰12 쓰시는분 게임 잘 돌아가나요?	팥죽
36650	2026-09-07	1	1	180	재화 찐빠가 곳곳에 있음	두둥
36648	2026-09-07	0	3	116	겔드 토벌전 오늘 끝났는데 탈퇴하고 이전하면 이번 토벌전 보상 들어오나요? 	2Jun
36647	2026-09-07	0	1	221	데브는 결과로 증명한다	젠틀한드럼통
36645	2026-09-07	0	1	122	근데 크럼블 레벨 올라가면 뭐 달라지는거 있나요??	Terra
36643	2026-09-07	1	2	296	플레이트 다 10강 이상으로 만드니까 이제 뭔지 알겠다	Gaudium
36641	2026-09-07	0	2	212	뽑기 신기해서 올려봐요	오리와눈먼숲
36625	2026-09-07	1	0	167	목요일 패치	초코강오천개
36622	2026-09-07	0	4	193	초고속승진 궁금한점 있습니다	번번
36616	2026-09-07	0	0	21	73-30 	뚜쉬뚜쉬
36614	2026-09-07	0	0	106	방랑자 그만 좀 나와라	뚱이아
36613	2026-09-07	0	0	53	48-30에서 막힙니다 도와주세요 ㅜㅜ	우엉이울면
36609	2026-09-07	0	0	65	이번주 목요일엔.. 쟁탈전 나왔음 좋겠음..	쿠쿠루핑퐁
36608	2026-09-07	1	1	249	바궁의 관하여	무로0
36605	2026-09-07	1	1	127	어짜피 결제하실거 50%할인받으세요(갤럭시 스토어)	자유를원합니다
36603	2026-09-07	1	0	448	오븐 25레벨 찍으니까 나오긴 하네요	Terra
36600	2026-09-07	3	16	4078	떴냐? 내 훌륭한 스텔라 발사대	뱜
36590	2026-09-07	0	2	396	명중 부족한 35%는 힘든 비겁이 224-30 트라이중..	뱜
36588	2026-09-07	1	12	1128	초반에 시작하신분들 tssr 얼마나 드셨나요?	천사맛쿠키
36570	2026-09-07	0	0	26	75-10 간단한덱추천ㄴ좀...	snvkds
36569	2026-09-07	0	0	78	마일리지 개선	준시
36567	2026-09-07	0	0	105	다음 쓰알 체콜인데 좋으려나	두둥
36564	2026-09-07	1	2	401	나 왜갑자기정지임 	니와이프쩔드라
36557	2026-09-07	0	1	39	추천인 3개 작업해주실분 삽니다	illulilu
36555	2026-09-07	0	0	25	48-30이 벽인데 어떻게 깨나요 조언 부탁드립니다!	우엉이울면
36554	2026-09-07	1	20	1198	스테이지핵 있는거죠?	LINE
36552	2026-09-07	0	3	1089	다음 체리콜라맛 쿠키네	싸이버거
36547	2026-09-07	0	2	281	토벌은 세팅하고 메크로 안돌리면 손해네 ㅇㅇ	T100 쿠박이
36545	2026-09-07	13	25	2710	아레나 덱 공유 보시고 시즌 마무리 하세요~	뿌뿌꾸
36542	2026-09-07	0	0	100	외국인들이 f2p 로 즐기는 비중이 높아진듯	광광이
36537	2026-09-07	0	2	145	어쩌다 길드장이 되어버렸는데	AhisCream
36533	2026-09-07	1	0	131	우유 왤케 멍청함?	쿠키3
36527	2026-09-07	0	1	125	단장 효과 질문	쭈니솜
36526	2026-09-07	0	17	1361	드디어 임플란트 졸업 (무과금)	S1빵야
36525	2026-09-07	0	0	35	추천인 삽니다	illulilu
36518	2026-09-07	0	23	760	길드 옮길지 고민되네여....	dhef9965
36517	2026-09-07	0	0	103	바궁아..오랜만이야..	수박맛있다
36514	2026-09-07	1	1	181	목요일 패치에	초코강오천개
36509	2026-09-07	0	2	103	길드 기여도 질문	무무
36507	2026-09-07	1	13	823	근데이겜 방치형 치고 시간이 너무많이들지않나요?	무나무
36504	2026-09-07	0	2	233	석류맛쿠키 유튜브보니 전투력? 데미지 높은 최종3인만 버프줘요?	3363
36503	2026-09-07	0	0	15	📜LV9 술폭행 길드원 모집 합니다 그룹1위 함께 꾸준히 성장하실분 모십니다 가입신청주세요📜	터프쿠키
36500	2026-09-07	0	7	1190	비틱임) 세계신기록으로 시커 5성 찍었습니다	U1
36497	2026-09-07	0	11	529	저 데려가실 길드있나요...?	긍정갓
36495	2026-09-07	0	6	128	10-30부터 막히는데 덱 뭐해야하나요??	쿠킹덤벅
36487	2026-09-06	0	0	93	쿠키런크럼블 할인쿠폰	마늘오리
36486	2026-09-06	0	1	370	기적이 일어남 ㄷㄷ(비틱주의)	물별
36485	2026-09-06	3	19	506	토벌전 121g 마무리	악림
36480	2026-09-06	0	0	49	최종스테이지	맨들맨들맛쿠키
36476	2026-09-06	0	0	71	다른건 다 용서해도 쥐토바이 화면밖으로 나가버리는건 ㅅㅂ	jdpjdp
36473	2026-09-06	0	0	38	50퍼 할인 쿠폰 등록 선착순 설치x 	뚜대밥통
36469	2026-09-06	0	2	346	피노누아 8성 됐는데	왜옴
36468	2026-09-06	0	3	847	캐릭터별 슈가룬 벙리 좀 해서 올려주세요	우엉이울면
36461	2026-09-06	0	0	222	토벌전 101g	악림
36460	2026-09-06	0	0	8	친구초대이벤트 같이 하실분~~	밤에잠좀자자요
36454	2026-09-06	0	4	370	600뽑 브시 5성달성	이이잉
36451	2026-09-06	0	4	612	진짜 게임 운빨 개그지같네	이땡땡
36439	2026-09-06	0	1	532	오늘의 이터널 장비	별 빛
36434	2026-09-06	0	8	722	접어야겠다	뿌릎
36431	2026-09-06	0	0	85	저기..영자님들아	어허오오
36429	2026-09-06	0	1	236	플레이트 20강	시원이에요
36427	2026-09-06	0	0	3	맞추천 하실분 DSTNJ4589	띠드버거
36424	2026-09-06	0	0	71	LV 13 온돌 길드에서 길드원을 모집합니다~(지난 토벌전 23위)	세아모
36421	2026-09-06	0	0	118	별자리에서 별	제가예
36416	2026-09-06	0	2	147	이번패치..	아기새44
36414	2026-09-06	1	2	184	23일차)442서버 무과금 플레이 기록	공백 패왕
36400	2026-09-06	0	0	22	추천 친구 쓰면 뭐 주나요?	snow peak
36396	2026-09-06	1	4	201	1.6G  열심히 할수있는 길드구해봅니다	박싸이
36393	2026-09-06	0	1	109	왜	말랑콩야
36381	2026-09-06	0	3	1436	아레나 방어덱 일부러 안넣는건 뭔가요?	소녀대장
36379	2026-09-06	0	0	17	새콤달콤 친추이벤트 하실분	셍이와
36377	2026-09-06	0	2	103	새콤달곰 펫 어케 받을수 있나요?	와따웅나
36375	2026-09-06	0	0	13	📜LV9 술폭행 길드원 모집 합니다 그룹1위 함께 꾸준히 성장하실분 모십니다 가입신청주세요📜	터프쿠키
36370	2026-09-06	0	4	518	크럼블 던전 열쇠는 쓸모가 있나요	인생이불행해
36365	2026-09-06	0	0	124	다른거도 불편 한데 갠적으로 제발 다음 패치때 나왔으면 하는거 	바삭함의결정체
36358	2026-09-06	0	7	254	*비틱 주의*	done
36341	2026-09-06	0	0	86	장비 질문요 스테밀때는 방어구 옵션 뭐뭐해야람? 체력 피감??	3363
36340	2026-09-06	0	7	155	갱신!	뱜
36339	2026-09-06	0	0	9	11렙 고야미 길드원 구해요 	사이먼도미닉
36337	2026-09-06	0	4	213	원래 tssr 이렇게까지 안 나오나요 ㅜㅜ	왜옴
36335	2026-09-06	0	4	131	게임 시작할때 과금 질문입니다.	비운의족장
36334	2026-09-06	0	1	118	맛도리..	승재02
36330	2026-09-06	0	2	250	유저분들 이해가 잘 안되시나본데	길현아행사그만다녀라
36323	2026-09-06	0	2	33	조언좀부탁드립니다	니야돈
36309	2026-09-06	2	1	763	토벌 210m덱 10G	시노니
36308	2026-09-06	0	1	208	축복 몇부터 과금러인가요? 3주차 축복8이고 곧9 찍습니다	류으으
36307	2026-09-06	0	14	1027	근데 용병단 난이도 이거 맞나?	삥뽕
36300	2026-09-06	0	9	1052	뽑기권은 아껴두는 게 좋을까요?	MK
36299	2026-09-06	0	0	81	음~ 맛있다	ㄱㄱㄱㄱ
36294	2026-09-06	0	0	42	뉴비 크리스탈 질문좀요	차밍잉
36293	2026-09-06	0	0	96	길도토벌 적정 기록 계산	행복한조커
36290	2026-09-06	0	5	229	보석 킵해놓을까요??	mljyg
36289	2026-09-06	0	4	866	웬만 하면 이야기 진짜 안하는데..	이이이
36285	2026-09-06	0	0	19	이벤트참여	1232916
36273	2026-09-06	0	2	598	전갈 슈가룬 봐주세요	드럼아
36271	2026-09-06	0	6	125	질문 있어요!!	크블
36268	2026-09-06	0	0	118	꼭 부계에서 이러지	안녕하세용gg
36266	2026-09-06	1	0	213	비겁한쿠키는 그냥 설계가 잘못됨	대머리맛쿠키
36265	2026-09-06	1	6	1585	첫 이터널 장비 획득	별 빛
36264	2026-09-06	2	5	769	스테이지 보상 줄었다고하지 않았나요?	경기투싼9756
36263	2026-09-06	0	1	86	뉴비 덱 추천받아요	웨에에에에잇
36260	2026-09-06	4	3	485	플레이트 강화 순서가 어떻게 돼나요?	매실장아찌
36258	2026-09-06	1	0	89	62-20	뚜쉬뚜쉬
36251	2026-09-06	0	0	86	비겁이 개같아서 짜증나네	원분
36243	2026-09-06	0	6	491	궁금한게있는데요 뽑기할때 카드1개 들썩일때있는데	계피호떡맛쿠키
36241	2026-09-06	0	0	68	렙이 올라갈수록 뽑기 확률은 내려가는건가요?	방국봉
36236	2026-09-06	0	1	59	형들 뭐 써야 할까요 ㅠㅠㅠ	무아아아앙
36232	2026-09-06	0	1	36	여러분들이필요해요친구5명이필요해요추천코드보낼테니친구5명좀만들어주세요ㅠㅠ	장수형
36230	2026-09-06	0	0	85	신캐 나올떄까지 커터랑 크탈 아끼는게 좋나여	Yottori
36220	2026-09-06	0	3	212	피노누아 별 관련해서 궁금한게 있습니다	버벌이
36217	2026-09-06	5	6	1760	무과금 소과금분들 너무급하게안해도 충분히 게임방치하면서하는대 어려움없는듯합니다	하힛핫
36215	2026-09-06	0	1	167	근데 시골섭	이앙긴
36210	2026-09-06	0	1	146	오... 이게 원래 이랬나	ㄱㄱㄱㄱ
36203	2026-09-06	1	6	824	우왕 강퇴당햇다	란르
36192	2026-09-06	0	3	62	덱 짜주시면 감사하겠습니다	쿠킹덤벅
36182	2026-09-06	0	4	168	120-1부터 보상 더 안좋아지잖아	라잇호
36180	2026-09-06	0	3	14	친추 이벤트 입력부탁드립미다👏	아이에스에프피
36174	2026-09-06	0	13	1414	길드토벌 운의 영역인가요???	뜅땡
36173	2026-09-06	0	16	1036	뽑기마렵다 무과금은 빡시구나	시아시아시아
36171	2026-09-06	1	2	369	브라이트시커 키워야 하는 쿠키인가요?	쿠킹덤벅귀
36169	2026-09-06	0	3	16	ZDZVG6308 추천친구 부탁드려요!!	노동만할께
36162	2026-09-06	0	0	18	9렙 “지휘”길드에서 같이 재밋게 하실분 구합니다 딱5분만 구해요 	지휘길드 미미
36161	2026-09-06	0	2	190	정산 전에 탈퇴해도 토벌전 보상들어오나요?	마시마로
36159	2026-09-06	0	0	157	하위길드가면 토벌전 신경진짜안씀	잠이가솔솔
36156	2026-09-06	0	1	488	뉴비 스텔라링크 질문좀요	차밍잉
36154	2026-09-06	3	3	606	한번 더 고점	도미
36131	2026-09-06	0	1	229	이 겜 유기된거임?	길현아행사그만다녀라
36123	2026-09-06	0	3	132	떠다니는 상자가 어디있다는거임	르베
36122	2026-09-06	0	2	199	진짜 이건 너무한거 아니냐	IIIIIII
36115	2026-09-06	0	8	382	선배님들 가면 갈수록	뚜쉬뚜쉬
36113	2026-09-06	0	0	39	3일차 궁금증	스팸마니아
36110	2026-09-06	1	0	165	스테이지 밀린거 12시시간 방치 보상	아바
36103	2026-09-06	0	0	45	폭주단 she발	버사
36099	2026-09-06	2	7	1516	이번 패치로 생명줄 결정날듯	비겁한 데브
36095	2026-09-06	2	12	2429	애들아 초코강에 현질같은거 하지마라	시원이에요
36094	2026-09-06	0	0	50	크럼블 던전 보상기준이 뭐임??	이땡땡
36084	2026-09-06	0	0	5	추천인좀 해주세요	심해푸딩ㅣ
36083	2026-09-06	0	0	98	59-30 	뚜쉬뚜쉬
36077	2026-09-06	0	0	22	추천친구 쿠폰 입력 부탁드립니당~STZDR7411	옥곤
36067	2026-09-06	0	2	55	스테이지 질문 있어요	인생이불행해
36066	2026-09-06	1	0	155	플레이트강화가 잘 만든 시스템이라고?	입대한학생
36062	2026-09-06	0	0	14	추천인 입력 해주실 세분 없나요!!!	뚜쉬뚜쉬
36059	2026-09-06	0	4	194	장비 선택해주세요..	개구리 쿠키
36057	2026-09-06	0	0	14	크크크 치킨봇 귀여웡	하뒤
36055	2026-09-06	0	1	16	추천인교환하실분?	Fact팩트
36052	2026-09-06	0	2	64	장비선택좀부탁해요!	도레미
36051	2026-09-06	0	5	35	새콤달콤 추천인 구해요	바삭한소보루빵
36046	2026-09-06	0	2	142	미배치 쿠키 레벨업해야돼요?	지누우우우
36045	2026-09-06	0	1	27	초반 3-18 인데 덱좀 추천해주세요	로드l
36044	2026-09-06	0	2	120	이런 장비는 어떻게 해야하는...	꿈꾸는 니나
36043	2026-09-06	0	5	52	뉴비받아줄 좋은 길드없나요!!!	뚜쉬뚜쉬
36040	2026-09-06	0	1	32	길드구합니다	이삭
36036	2026-09-06	1	2	78	길드 구해용..	보리제국
36032	2026-09-06	0	6	20	추천인 교환하실분	으누당
36030	2026-09-06	0	3	24	새콤달곰 추천인 교환 구해요	카나비
36029	2026-09-06	2	10	1526	크리스탈 35만개 있는데 피노누아 픽업을 더 들어가는게 맞을까요?	프로미스나인지헌
36026	2026-09-06	0	4	34	새콤달곰 추천인 교환 하실분 구합니다!	리니
36025	2026-09-06	0	3	834	명중은 빼면 안되겠죠?	잠이가솔솔
36021	2026-09-06	4	7	942	장비파괴좀 없애라	에스더김
36019	2026-09-06	1	3	411	235-10 쥐토바이 3일만에 클 ..	쿠키3
36018	2026-09-06	0	0	53	아레나용 장비 골라주세요	티원
36017	2026-09-06	0	3	28	갤럭시 쿠폰 교환하실분	유니이
36010	2026-09-06	0	1	236	이제 오븐 반죽 까도 다이아 안주나요??	파이토토
36009	2026-09-06	0	0	58	마일리지 소모처 좀 만들어줘 제발...	띰땅1
36007	2026-09-06	1	0	62	59-20	뚜쉬뚜쉬
36000	2026-09-06	0	6	20	추천친구 교환하실 1분 찾아요	어루
35995	2026-09-06	0	0	15	광고 왜 안봐지냐	riz98418
35994	2026-09-06	269	128	9648	아레나 덱 공유	뿌뿌꾸
35983	2026-09-05	0	0	45	미춋땅!	하르무니
35949	2026-09-05	0	2	76	비겁	3363
35946	2026-09-05	0	4	353	아썅	뱜
35943	2026-09-05	0	6	554	길드 강퇴..	체육미술
35941	2026-09-05	0	1	190	진짜 너무하게 만들었네ㅡㅡ	쿠크love
35937	2026-09-05	0	1	62	58-30 기록용!	뚜쉬뚜쉬
35936	2026-09-05	0	0	22	쥐 벽	3363
35928	2026-09-05	0	0	16	9렙 길드 '명왕'에서 길드원 모집합니다. (25/28)	기신
35927	2026-09-05	0	0	9	추천인	LokVv
35917	2026-09-05	3	2	139	퍼센트가 무슨뜻인가요?	며루치
35907	2026-09-05	0	2	144	장비 고르기 어렵네요..	아낙새
35901	2026-09-05	0	0	81	길드토벌이나 크럼블던전에 쓸 장비 질문드립니다.	하몽입니다
35891	2026-09-05	0	2	123	아 다음쿠키 언제나오나	나혼렙
35877	2026-09-05	0	0	115	22일차)442서버 무과금 플레이 기록	공백 패왕
35876	2026-09-05	0	3	16	추천인 교환합니다 MVBLK5976	심뚱
35872	2026-09-05	0	0	109	안뇽하십니까 스테이지 덱 질문 드립니다	SNSNSNSN
35869	2026-09-05	3	0	232	사람들이 현타 올만함	보루1
35868	2026-09-05	0	0	41	갤스 할인쿠폰 필요하신분~ (50%)	댁돈
35866	2026-09-05	0	2	142	이 프사는 어떻게 얻어요?	수미
35865	2026-09-05	1	18	604	선배님들 !	뚜쉬뚜쉬
35863	2026-09-05	0	0	31	갤럭시 쿠폰	짤두
35861	2026-09-05	1	7	1400	이번 패치 한방으로 이겜 수명이 결정 되겠네 ㅋ	까올
35860	2026-09-05	5	0	244	설원 2가지 덱(저스테까지채용가능)	뱜
35857	2026-09-05	0	4	225	근데 왜 169스테부터 퀘스트 양이 확 줄어요??	커피와함께
35853	2026-09-05	0	0	27	크크크 치킨봇 이벤트 인증	딸기크레페맛쿠키
35852	2026-09-05	0	17	974	이거 레벨디자인 박살나서 스테보상 줄인거죠?	Noahs
35846	2026-09-05	0	2	204	석류 지금도 사용하나요?	초코냠냠
35845	2026-09-05	0	0	53	174-12 자객떼거리	크림조아
35839	2026-09-05	0	2	149	마카롱 스킬타겟이 뭔가요?	슈크림뿡
35838	2026-09-05	0	4	159	순수 무과금러 질문	규급이
35822	2026-09-05	0	1	84	176비겁이 힘드네요	삼고
35820	2026-09-05	0	5	409	뽑기 확률 맞음?	0509주민
35819	2026-09-05	1	0	76	뽑기 확실히 잘 안뜨는거같긴함	불타는빔
35815	2026-09-05	0	4	594	아레나 브시커 딜이 원래 낮나요?	힝구힝
35810	2026-09-05	0	0	51	gm사칭 쭝국인 진짜 네이버 계정 해킹해서 쌀먹하는거 보기 싫네 ㅋㅋ	카리스마사과s377
35805	2026-09-05	1	26	1115	일주일째 투력 주차중인데 뭘 더 해야할까요?	슬리핑에그
35796	2026-09-05	1	0	70	쿠키 화면 움직이기	그냥잘대충
35781	2026-09-05	0	3	202	뽑기확률  너무티나는데..	뽀그미
35778	2026-09-05	0	0	30	인생 열심히 사노 ... 지엠사칭 이벤트글 쓰는놈 ㅋㅋ	이즈빈
35775	2026-09-05	0	1	102	축복 현질?	abutk
35769	2026-09-05	0	3	19	어제 시작한 늅인데 추천인 교환하실분?	레비뇽
35767	2026-09-05	0	1	142	자동보상 코인이나 경험치 언제 받을까용?	콧수염고양이
35765	2026-09-05	0	0	10	추천인 입력 1분만 구해요 ㅠ	Noika
35764	2026-09-05	0	0	11	동글뱅이 자유가입	국키
35748	2026-09-05	0	0	123	80-30 26m	뚱띠
35745	2026-09-05	0	0	35	다들 들어오세용	junx
35722	2026-09-05	0	0	37	쿠키런크럼블	junx
35721	2026-09-05	0	9	821	플레이트 박살은  잘만든 시스템..	뽀그미
35717	2026-09-05	0	4	113	후..	뱜
35710	2026-09-05	0	1	141	전갈이 제일 모션 불쾌하게만듬	GG213
35708	2026-09-05	0	2	126	이거 살지 말지 추천좀여	이요요
35706	2026-09-05	0	0	7	Lv.9 자유가입길드 루모찌 인원모집합니다	Lkybg
35691	2026-09-05	0	3	50	구글 플레이게임즈에서 컨트롤 어떻게 하나요?	원분
35682	2026-09-05	0	0	101	개발영상에서 바다요정 예전에봤었는데	계피호떡맛쿠키
35677	2026-09-05	0	0	189	길드 토벌전 스코어	구원s
35666	2026-09-05	0	2	109	비틱	한 준
35652	2026-09-05	0	0	312	근데 생각은 하고 만드는거죠???ㅋㅋㅋ ㅅㅂ	크림이
35651	2026-09-05	0	0	138	말지 개선좀 해라 ㅋㅋㅋ	크림이
35642	2026-09-05	0	0	34	의외로 80-10에서 고전함	루엘라
35641	2026-09-05	0	1	8	추천인 교환하실분	장래희망멍집사
35638	2026-09-05	0	4	413	형들 168 이제 지났는데 보상이 뭔가 너무 적어 이거 복구한거아니야?	Noahs
35637	2026-09-05	0	19	868	잘 뽑은듯????ㅋㅋㅋㅋ	크림이
35636	2026-09-05	0	0	12	추천친구	어루
35630	2026-09-05	0	0	109	슈가룬 프리셋	조림의왕
35628	2026-09-05	0	2	90	길드 가입은 같은 서버 길드만 들어갈 수 있나요?	힝구힝
35625	2026-09-05	0	1	63	180-30	택잉
35624	2026-09-05	0	0	39	크럼블던전 보상오류	아이젠소스케
35618	2026-09-05	0	3	407	강화 +16	구원s
35617	2026-09-05	0	4	119	일일던전 열쇠 질문이용	양자23
35608	2026-09-05	0	1	46	질문	새친구를찾아보자
35606	2026-09-05	1	0	440	용병단 4 가 엄청 나네요	이이이
35605	2026-09-05	0	0	182	쿠키런 크럼블 카카오 오픈톡방 들어가지마세요	냐챨
35602	2026-09-05	0	2	8	추천인 교환	모르는세상맛쿠키
35596	2026-09-05	0	1	1025	피노누아맛 슈가룬 뭐 맞춰야해요..?	뜽이
35588	2026-09-05	0	2	131	유난히 안나오는 ssr있음?	라잇호
35573	2026-09-05	0	3	329	177-30 쿨민  사진으로 보이는덱으로 깼어요  도움이될까해서요 올려봐요  무과금 광제  파이팅	Jeg
35560	2026-09-05	0	15	1177	와 박살 15강에서 16강올리려다 10강으로내려감	계피호떡맛쿠키
35558	2026-09-05	3	5	1764	우리 당밀햄 7스텔라 100% 경축 !	터리
35557	2026-09-05	0	3	78	이건 뭔 버근가	WeaSeL1
35556	2026-09-05	0	0	137	새콤달곰 20성 찍는법 공유합니다!	응백
35555	2026-09-05	2	4	834	성능 좋은 쿠키는 확률 낮은 게 맞죠?	루엘라
35554	2026-09-05	0	4	154	프리셋이거 혹시 버그인가요?	2강국
35553	2026-09-05	0	3	25	LV 11 데브는우상향 길드에서 길원 모집합니다.	느느85
35546	2026-09-05	0	0	75	플레이트 하락 너무 잘 걸리는데?	쿠아아이나
35539	2026-09-05	7	5	688	쿠뽑확률 주작 ㅅㅂ	라잇호
35538	2026-09-05	0	3	77	도와주세요!!!!!! ㅠㅠ	공주핑
35535	2026-09-05	0	1	331	스테 장비도 스증&gt;&gt;치확,치피 인가요?	팬더맛쿠키
35533	2026-09-05	0	0	53	고수님들 석류 질문	쑤웽
35529	2026-09-05	0	6	1041	유료 장비 도대체 언제 교체함...? ㅋㅋ	GDGDGG
35524	2026-09-05	0	0	104	에스프레소 슈가룬 뭐쓰나요	번번
35523	2026-09-05	0	1	156	235-10 쥐토바이 때메 접고싶네	쿠키3
35516	2026-09-05	0	4	624	피노누아 룬 대강 종결인가요?	llllIIIllllllIl
35515	2026-09-05	0	0	15	추천친구 쿠폰 입력해주실분~STZDR7411	옥곤
35513	2026-09-05	0	2	234	초코강 이거 확률 말 되나요?	은솔
35509	2026-09-05	0	0	119	축복7정도까지 과금해도 보스 힘겹게 비벼서 잡아야 됨 ㅋㅋ	두둥
35508	2026-09-05	0	0	39	갤스 할인 쿠폰	강해린1
35507	2026-09-05	0	1	153	10일차 뉴비입니다. 자동사냥 방치? 하나요 게임꺼두나요?	퐈더수윔
35503	2026-09-05	4	27	787	4일차 뉴비입니다 선배님들	뚜쉬뚜쉬
35494	2026-09-05	0	0	34	아이템질문	떠나봐요
35492	2026-09-05	0	0	283	슈가룬 메모리기능 도입	도덕킹
35491	2026-09-05	0	0	30	일던 추가 언제해주지..	앨리스
35486	2026-09-05	0	2	339	우유 공격력 1등 어떻게 만들어요?	첫차는
35483	2026-09-05	0	1	134	우유 조작 븅신같노	냥이잠
35480	2026-09-05	0	1	95	길드 들어가고싶습니다	리센느우이
35477	2026-09-05	2	2	257	오픈부터 지금까지 했는데 강퇴라니	초보
35466	2026-09-05	1	0	73	현시점 상점에서 사면 좋은것들 있을까요?	비별
35464	2026-09-05	0	0	118	스테이지 보상좀 원상복구좀..	요미임다
35463	2026-09-05	0	0	58	마싯네여	크으럼블
35462	2026-09-05	0	5	78	길드구합니다	Apex
35460	2026-09-05	0	0	406	171-30	응백
35459	2026-09-05	0	0	86	진짜 할게 없다..	호이쨔
35458	2026-09-05	8	11	680	222 스테이지 레드베리 암살자	뱜
35453	2026-09-04	0	0	15	새콤달콤 친구초대 도와주시면 복많이 받으실겁니다 ㅠ	Hafago
35450	2026-09-04	0	0	19	새콤달콤 해주실분 있나요ㅠㅠ	응ㅇㅇ
35449	2026-09-04	3	0	395	221-20 마오카이 + 마오카이 나오는 맵 사용덱	뱜
35436	2026-09-04	0	9	28	친목X 열심히O 11레벨 길드 YARU의 새 멤버를 찾습니다!	xbmh
35430	2026-09-04	0	0	169	방치형 게임 맞지않음?	초코강오천개
35424	2026-09-04	0	3	162	선택장애라 아이템 골라주세요 ㅜ	마이클도단
35422	2026-09-04	1	1	18	길드구합니다	Asuramudo
35419	2026-09-04	1	0	201	지금 현재 크럼블 부산이가 저지른 옾챗 상태	황
35413	2026-09-04	0	15	68	뉴비분들중에 추천 친구 교환하실 분 있나용	왜옴
35412	2026-09-04	16	16	1772	219-30 비겁이, 그다음 220 사막 풀오토	뱜
35411	2026-09-04	1	6	538	명중이랑 집중 ㄱㅊ은지 훈수좀	흐에엥
35410	2026-09-04	0	0	72	오픈채팅방	junx
35407	2026-09-04	1	12	458	시작한지 이틀된 뉴비인데 200m만드려면 대략 얼마나 걸리나요?	센요
35406	2026-09-04	0	0	54	대충 41-30 무과금덱	ㄱㄱㄱㄱ
35399	2026-09-04	0	1	58	이 게임 채널이 있나요?	왜옴
35394	2026-09-04	0	0	178	살 게 없어서 쿠키런톡방을 사네 ㅋㅋㅋㅋ	에스님
35392	2026-09-04	0	0	60	장비 고민 ...	Yaoooo
35391	2026-09-04	0	0	148	오픈톡방을 파는사람도 있네 ㅋㅋ	별밤콩나물
35388	2026-09-04	0	1	219	장비 바꿀까요 말까요 ..	양자23
35385	2026-09-04	0	0	16	9렙 길드 '명왕'에서 길드원 모집합니다. (25/28)	기신
35384	2026-09-04	0	0	7	tik톡라이트 34000원 받아가세요	야오호
35380	2026-09-04	0	0	11	tik톡 라이트 꽁돈 34000원받아가세요	야오호
35374	2026-09-04	6	2	553	아레나 장비세팅 질문드립니다.	하몽입니다
35373	2026-09-04	0	0	51	장비 고르는 기준 있나요?	떨띠
35372	2026-09-04	0	0	36	뜬금없지만	ㄱㄱㄱㄱ
35370	2026-09-04	0	0	80	59-30 클리어!!	랩소디제이
35363	2026-09-04	0	0	58	치킨먹고싶어서 시켰는데 쿠키런 반갑네요	행복한조커
35357	2026-09-04	1	1	182	21일차)442서버 무과금 플레이 기록	공백 패왕
35353	2026-09-04	0	7	330	덱 추천 부탁드리겠습니다 굇수분들	Volta
35350	2026-09-04	1	3	1086	슈가룬+스테이지템수치질문	tlaqudtjr123
35347	2026-09-04	0	0	14	새콤달콤 질문	SNSNSNSN
35346	2026-09-04	4	0	689	미뤄뒀던 임플란트타워 클리어	지젤
35340	2026-09-04	0	0	39	덤벼	무로0
35339	2026-09-04	0	5	450	고수님들 브시커 슈가룬 세팅좀봐주세요!!	뚜쉬뚜쉬
35334	2026-09-04	0	1	104	안녕하세요 고수님들 석류 질문	쑤웽
35331	2026-09-04	2	1	136	이런 개같은 게임	개구리 쿠키
35323	2026-09-04	0	1	29	금욜 퇴근~!	연애쿠키
35321	2026-09-04	0	0	75	바로잡고 정상화 한후 업뎃이든 과금이든 콜라보든 해야지 돈에 눈돌은거 같음	신쿤
35319	2026-09-04	0	0	24	쿠키바사사삭 길드원 모집합니당🩷	효으이
35316	2026-09-04	0	0	118	길드 패널티 개 그지같네요	원분
35313	2026-09-04	0	0	30	갤스 40%할인쿠폰	모구모구
35304	2026-09-04	0	6	175	총투력 올리는 팁이 있을까요?	인부G서라임
35300	2026-09-04	0	1	49	특별상점 맴버쉽	오징어협곡
35298	2026-09-04	0	1	167	자기 집중이랑 명중 몇인지 어디서바요?	지이녁
35292	2026-09-04	0	0	438	토벌전 비밀 레시피 알려줬슴다	HNAGANOM
35290	2026-09-04	0	0	38	갤스50%쿠폰 살거 추천좀 부탁드려요!	ㅇㅅㅇㅇㅁㄹ
35284	2026-09-04	0	0	133	축2 바궁 5성 확정	언
35281	2026-09-04	0	0	106	옛날에 어떤 기사에서 닌텐도 뛰어넘는다고 햤던고같은데	GG213
35277	2026-09-04	0	0	7	친구추천 맞추천 구합니다!	프로밍
35275	2026-09-04	5	14	1195	쿠키뽑기 나만 확률이상함..?	ㅁㅇㅁ
35273	2026-09-04	0	0	104	경험치는 진짜 수급 개선해야함	Gaudium
35271	2026-09-04	3	4	465	200-30.... 하..... 정말 집어 던질 뻔 했습니다..	마드리드
35270	2026-09-04	0	2	225	새로운 쿠키가 나왔다고해서 복귀했습니다	초코냠냠
35262	2026-09-04	0	0	37	자동보상 설정 어떻게 하죠	와르르맨션
35258	2026-09-04	0	0	151	172까지 잘?? 즐기다 가요	경비병
35256	2026-09-04	1	2	38	(동농길드 웹툰) 쿠키왕국 친구들 1화	지은
35249	2026-09-04	0	3	1511	아레나 투력차이가 많이 나는데 지는경우	우럭
35248	2026-09-04	0	0	24	길드홍보	HEEZZANG
35237	2026-09-04	0	0	21	크크크 치킨봇 이벤트 인증 참여	알람
35231	2026-09-04	0	1	75	매드무비를 함부로 따라하면 안되는 이유	채멍구
35225	2026-09-04	0	0	39	165m이면 어디까지 밀수있나?	레붕이
35221	2026-09-04	0	6	173	이런거는 어디서 보죠? 겜에서 찾아봐도 없던데	김차구리엄마
35215	2026-09-04	0	0	159	일일던전 지금 안 밀리는데	유기농돌소금
35206	2026-09-04	0	2	21	친구초대 이벤트 같이 하실분~	관만득이
35201	2026-09-04	0	6	1072	피노누아 몇성까지 하는게 효율적임?	이슬람 마카체프
35195	2026-09-04	0	1	165	일일던전보다 플레이트 렙 더 먼저 푸는 거 아닌가	사계
35194	2026-09-04	0	2	112	[쿠폰] 링크누르고 쿠폰받아가세요~	로건00
35193	2026-09-04	0	0	42	ㅎㅂ	애구굴
35189	2026-09-04	0	0	80	쿠키 레벨 조절 기능 왜 없음?	엉우엉
35188	2026-09-04	0	0	281	스텔라꿀팁	아쿠아
35187	2026-09-04	0	7	564	겜시작한지 이제 한 3주 됐는데 벌써 현타오네	하몽입니다
35183	2026-09-04	1	12	1137	오븐 장비뽑기 의미도 없는거 계속 뽑아야해요??	스루레
35180	2026-09-04	0	0	33	요스	심심할때합니다
35178	2026-09-04	0	1	31	추천친구 쿠폰 입력해주실분~STZDR7411	옥곤
35171	2026-09-04	0	6	434	오븐 이번주면 30이다!!!!! 후	크림이
35170	2026-09-04	0	0	10	크크크 치킨봇 이벤트 인증참여	둘별이
35166	2026-09-04	0	1	38	뉴비질문	연am
35161	2026-09-04	5	7	1299	예쁜 스텔라 인증	두둥
35158	2026-09-04	0	3	116	다들 크크크 치킨 퀘스트 어떻게 하고 있나요?	Zess79
35156	2026-09-04	0	0	88	크럼블레벨,쿠키경험치	캣그라스먹어볼까
35155	2026-09-04	3	8	772	더 고점이 필요하다	도미
35154	2026-09-04	3	10	3049	이걸 굳이 돌려야할까..	린트
35150	2026-09-04	0	1	191	쿠키 별 올라가는 거 보면 설계가 이상함	람쥐썬더
35149	2026-09-04	0	0	43	딜량 힐량 받는피해량	미너
35138	2026-09-04	1	6	579	거의 게임에 손 놓은듯	늑늑하게넣었다
35133	2026-09-04	0	6	378	비겁한 쿠키 공포 후에 돌아올 때	토마토999개
35130	2026-09-04	0	0	165	토벌전 치즈덱 알려줘라.	터리
35127	2026-09-04	0	0	7	친구등록 맞교환	박석구씨
35109	2026-09-04	0	0	52	멋도 모르고 시작한 뉴비 친구초대 도와주실 분	카진22
35098	2026-09-04	0	0	18	치킨드립니다	야오호
35096	2026-09-04	3	0	102	75-10 쿨민 25m 클리어	뚱띠
35095	2026-09-04	0	2	133	스테이지 상승에 따른 보상	다비624
35094	2026-09-04	0	1	27	친구랑 같이 들어갈 길드 구해요(2인)	나무크
35083	2026-09-04	0	0	26	친구초대  부탁해요   재미나서 우선 1만원 결제함	미벨좋아요
35073	2026-09-04	7	11	791	290M 24.617G	도미
35071	2026-09-04	0	0	176	스텔라 시스템도 웃기게 만들어 놓음	두둥
35069	2026-09-04	0	2	107	전갈 컨트롤 하는거	민수아빠입니다
35067	2026-09-04	0	2	275	드디어 찐방치겜이 되었다.	티쳐조
35064	2026-09-04	0	0	68	스토어 쿠폰 카페닉  '스팅어'님	민트라미슈
35054	2026-09-04	0	19	559	179-10에서 막혔어요 ㅠ 조언 좀	피터의하모니
35046	2026-09-04	0	1	150	비겁이 잡을때 명랑이 왜케 띠리하죠	GDGDGG
35034	2026-09-04	1	15	714	형들 173-10 에서 진도가 안나가	아이패드잼민이
35033	2026-09-04	0	1	182	TTSR 2개 처음떠봤네요	지젤
35024	2026-09-04	3	10	2764	### 다음 패치 일정 ###	쿠키런 지연
35014	2026-09-04	0	0	249	비정상 불법 프로그램 이용자 제제 명단	쿠키런 지연
35009	2026-09-04	0	0	109	근데 운영자들은 핵공지를안하노?	무무
34995	2026-09-04	0	8	586	애들 보스한테 한두대맞고 죽는건 어케요?	홍똥
34990	2026-09-04	0	1	99	조합	모찌2
34988	2026-09-04	1	3	549	플레이트 강화 연속으로 하지마셈	nem
34982	2026-09-04	0	0	37	쥐돌이	르디당
34965	2026-09-04	0	5	603	경험치가 부족한데 승급 패스 구매하면 도움이 되나요 ㅠㅠ?	Glare
34959	2026-09-04	6	2	842	219-10 쥐돌이	뱜
34956	2026-09-04	0	2	112	크럼블 개선안	뭉탱이로한탕하고싶은
34953	2026-09-04	0	2	74	상황 맞으면 합병이나 길드 들어오실분 있을까요?	임덕배
34950	2026-09-04	0	0	12	친구 초대 도와주세요ㅠㅠ	nwfzbak
34949	2026-09-04	0	1	126	크크크 인증 이벤트로 카페 꼬라지 웃기네	두둥
34948	2026-09-04	0	0	146	진짜 너무싫은맵	뱜
34946	2026-09-04	0	0	94	추천인 먹튀~	개념
34939	2026-09-04	0	0	54	겔스 인벤트 쿠폰 아직 안받은사람 참여하세요	뚠형
34935	2026-09-04	0	0	86	쿨링민트는 성별이 뭘까	이상한 놈
34931	2026-09-04	0	0	82	그래도 카페 보는 것 같은데	Gaudium
34927	2026-09-04	0	1	19	추천인 MVBLK5976	심뚱
34915	2026-09-04	0	2	220	소과금 뉴비 자랑 하나만 할게요	천아
34900	2026-09-04	0	4	71	쿨민	3363
34896	2026-09-04	0	0	150	아니 진짜 장비 좀 제발 데브야...	하우멏이
34886	2026-09-04	1	1	427	토벌전 개인랭킹 1등 핵인가요?	초승이
34880	2026-09-04	1	2	266	진짜 게임하면서 화나는건 처음이네	이게무야
34879	2026-09-04	0	0	194	이제서야 방치형 게임 됬네	잠이가솔솔
34877	2026-09-04	0	1	340	슬슬 정 떨어지는 단계	무로0
34871	2026-09-04	1	2	282	비겁이 ㅈ밥컷	에스더김
34866	2026-09-03	0	2	259	179-20 잔혹한 교통사고의 현장	jacobmode2
34860	2026-09-03	2	1	185	전투력에 따른 최종 데미지 보정	곰은사람을찢어
34855	2026-09-03	0	3	272	안주무시는분 조언부탁드립니당	성주니즘쿠키
34850	2026-09-03	0	3	168	장비 교체  질문이요	악동팡
34848	2026-09-03	0	0	71	승리자	한수영
34841	2026-09-03	6	19	946	290m 19.26G	도미
34837	2026-09-03	0	1	251	아레나 덱 도와주세요ㅜ	뿌링뿌뿌링
34832	2026-09-03	0	0	17	새콤달콤좀 해주실분ㅠㅠ	응ㅇㅇ
34827	2026-09-03	0	9	51	12렙 길드 koreanclub에서 길드원 모집합니다!(마감)	212233
34820	2026-09-03	0	1	205	뽑기 레전드	Noika
34813	2026-09-03	0	0	93	1서버 게스트 계정 있으신분?	곽씨탈
34810	2026-09-03	2	0	180	72-30 저스펙 클리어	뚱띠
34808	2026-09-03	1	2	384	지금까지 하루 이상 머무른 곳이 없었는데	서신우
34807	2026-09-03	0	0	88	169스테이지 이후 퀘스트보상	승이주인
34805	2026-09-03	0	0	51	바꿔야됨?	밥먹자
34794	2026-09-03	0	1	119	초반이니까 그냥 투력따라 끼는게 맞겟져?	언제나야옹이
34793	2026-09-03	0	9	27	새콤달곰 추천인 교환하실분	식뭉
34769	2026-09-03	0	0	3	홍보	junx
34761	2026-09-03	0	0	52	핵 좀 잡아라	에스님
34751	2026-09-03	0	1	54	갤럭시스토어 50%,40% 할인쿠폰 받아가세요	NAYOSO
34742	2026-09-03	0	0	57	[도움요청] 뉴비 덱 짜는거 도와주세요!	그분을위해
34740	2026-09-03	13	2	1135	진짜 할짓없어서 써보는 뉴비 팁	신흥점
34734	2026-09-03	0	0	28	쿨민	3363
34733	2026-09-03	0	18	242	다들할수있어요 뉴비랑 초보도 무과금  광제 파이팅 힘내세요  광고엄청 많이봐요	Jeg
34730	2026-09-03	1	7	2156	브라이트 시커 아레나에서 딜량 왜이러죠??	GDGDGG
34729	2026-09-03	0	0	26	비겹	3363
34725	2026-09-03	0	0	440	216-30 주차 2일차..	신흥점
34724	2026-09-03	0	2	108	초코강 14–&gt;15 강화 15번 유지가 말이되냐	뚱이아
34722	2026-09-03	0	10	1953	서버의 1등이 사라졌습니다.	열램
34721	2026-09-03	1	1	119	쥐돌이때문에 접어요	엑스대기
34719	2026-09-03	0	1	190	20일차)442서버 무과금 플레이 기록	공백 패왕
34713	2026-09-03	2	0	143	진짜 별이란 이런 것.	곤듀님1
34712	2026-09-03	1	0	315	이거뭐얔ㅋㅋㅋㅋㅋ(스텔라 링크)	파동Padong
34702	2026-09-03	0	0	131	아레나  힐러끼리  남으면	다다단
34695	2026-09-03	0	2	220	행복반죽이 너무 부족한데 다들 어떻게 수급하나요ㅠㅠ	lililililillllliil
34693	2026-09-03	0	5	959	빛속성접대인데도 안쓰는 새끼..	뱜
34692	2026-09-03	0	9	155	원래 안깨지나요??	mljyg
34690	2026-09-03	1	7	197	단장 쿠키 지정하는 법	장난치즈마
34688	2026-09-03	2	0	333	217-30 쿨민덱 *길토전땜에 느림	뱜
34686	2026-09-03	3	1	106	버근가..	쿨쿨12
34663	2026-09-03	0	2	200	빨리 신캐 나오면 좋겠네요	수판독서사
34660	2026-09-03	0	0	79	포켓몬고 친구추가해주세요	엔믹스뽀에버
34654	2026-09-03	0	0	153	나눠 써료 쿠폰 ~  	별똥별
34653	2026-09-03	0	2	249	투력 차이가 왜이리 심한건가요?	흉악한뱃사공
34651	2026-09-03	1	2	342	64-30 비겁이 안깨져요	세이라키아
34642	2026-09-03	4	2	464	길토전	도미
34641	2026-09-03	0	7	910	제가 병tls이라서 못깨는건가요...	언제나야옹이
34635	2026-09-03	0	0	27	초대수락후 40퍼쿠폰 받으실분	바밍사랑단
34628	2026-09-03	0	0	5	추천인 교환하실분	프로밍
34623	2026-09-03	0	1	108	쿨링민트쿠키좋음?	우연
34622	2026-09-03	0	1	65	쿠키별 역할군이 왜있는건가요?	캣그라스먹어볼까
34620	2026-09-03	3	12	676	시커없는 스테이지 덱좀요 ㅠ	sjdje26
34617	2026-09-03	0	0	126	첫 10성 쿠키	월향
34615	2026-09-03	0	2	165	방깍 중첩 (악마맛, 다크초코)	delicious
34610	2026-09-03	0	1	314	없어진지 얼마아 됐다고 또 새로운 핵 등장;;	크럼블갓겜
34603	2026-09-03	0	2	127	그러니까 이제 163인가 거기 넘으면	Gaudium
34602	2026-09-03	0	0	156	이거 맞아???	킹공룡
34600	2026-09-03	1	2	228	핵 발견	크럼블갓겜
34594	2026-09-03	0	4	158	지금 누적 장비 뽑기 다이아 사라짐??	p1a
34593	2026-09-03	3	0	193	214-30쿨민	도레미
34590	2026-09-03	0	2	183	163넘어가면 이제 뽑기 못하는건가요?	원분
34588	2026-09-03	2	0	179	70-30 20m  클려	뚱띠
34585	2026-09-03	0	3	315	스테덱 710M,총투 2G743M 매물입니다	twinbroses
34583	2026-09-03	1	0	87	딜 미터기는 왜 마카롱 대신 먹었나? 답답하네	한날
34582	2026-09-03	0	8	191	34-30 진짜 너무 어렵네여	탈출할랭
34570	2026-09-03	2	2	125	어차피 플레이트 파괴되면 꼬접히게되는거 좀 더 통크게 가는건 어떰?	두둥
34569	2026-09-03	0	0	184	방랑자 쓰레기인것도 맘이픈데	그겅
34561	2026-09-03	0	0	76	갤럭시 50%쿠폰 ㄱㄱ	이런게방치형인가
34558	2026-09-03	1	2	115	이건 어떻게 해결하는 거죠	재훈
34557	2026-09-03	0	0	210	석류 빨대 누구한테 꼽히는지 어케 파악함?	소녀대장
34550	2026-09-03	0	1	57	고인물 분들 도와주세요 ㅠ	크림소다주입기
34549	2026-09-03	0	7	58	추천인 교환사기 박제 JKDDX0070	포코포
34542	2026-09-03	1	4	109	쿨민 어떻게 잡아야하나요 ㅠㅠ	그려려려
34537	2026-09-03	0	2	1118	토벌덱 봐주시면 감사하겠습니당	엽떡공쥬
34535	2026-09-03	0	0	31	스테가 안밀려요	아이패드잼민이
34533	2026-09-03	0	0	13	갤스 쿠폰 같이 받으실 분 구합니다!!	212233
34527	2026-09-03	0	2	142	164M 전투력인데... 한계가 온 듯	피터의하모니
34525	2026-09-03	0	1	89	덱좀 조합 추천해주세요 ㅜㅜ	모찌2
34517	2026-09-03	0	0	18	초대수락후 50프로 쿠폰받으실분	바밍사랑단
34513	2026-09-03	0	1	141	168 이후 스테덱 이제 어케 짜야해?	레붕이
34511	2026-09-03	0	10	1173	지금 헌신햇던 길드에서 투력낮다고 강퇴당할 위기에 처했습니다..	과자
34507	2026-09-03	1	0	57	경험치 일괄 레벨업 말고 개별로 할때	하위욥
34502	2026-09-03	0	0	29	길드구해요	뿅뿅하다뿅뿅한
34499	2026-09-03	0	5	244	아레나 악마맛 별로 안좋은가요?	졍이
34498	2026-09-03	0	2	82	연금, 뱀파가 포도넝쿨의 자녀인거 나만 몰랐나	ㅇㅅㅇ
34494	2026-09-03	2	2	506	스텔라링크	llovn
34489	2026-09-03	0	1	206	로그인 고치지마라 이새끼들아	별밤콩나물
34487	2026-09-03	0	0	52	●▅▇█▇▆▆▅▄▇ 로그인고쳐라	크키런쿠럼블1
34485	2026-09-03	0	0	116	재화 이게 맞냐	뽑아주세요츄츄
34482	2026-09-03	0	0	72	?? 로그인자체가 안 됨	에스님
34477	2026-09-03	0	0	45	로그인 에러도 수정하지말고 패치때까지 버텨야지	두둥
34476	2026-09-03	0	1	92	방금 게임이 팅긴후 로그인오류로 재접속이안될때	레벅
34475	2026-09-03	0	0	11	로그인 에러 튕김	밤맛나는세비
34472	2026-09-03	0	0	207	잠수함 딱걸렸네	우양굳드
34469	2026-09-03	0	0	19	제일 기본인 로그인을 못하게 해놨냐??	채a파파
34466	2026-09-03	0	0	47	로그인 에러 해명해	RHRHDK
34465	2026-09-03	7	1	191	게임이 이중과금하고 똑같이 불쾌함	한날
34463	2026-09-03	0	0	76	로그인에러를고쳐주세요로그인에러를고쳐주세요로그인에러를고쳐주세요로그인에러를고쳐주세요로그인에러를고쳐주세요로그인에러를고쳐주세요로그인에러를고쳐주세요로그인에러를고쳐주세요로그인에러를고쳐주세요로	드로
34462	2026-09-03	0	5	140	펫뽑기 얼마나 해야하나요?	parannn
34459	2026-09-03	0	0	131	언냐들 잠수함 구멍났어!!!!	새우
34458	2026-09-03	0	0	59	뭐하냐	잘해보자정말
34457	2026-09-03	1	1	254	또 몰래 뭐 하다가 뻑냈구만…	일전사
34456	2026-09-03	0	1	129	로그인 에러	아이패드잼민이
34455	2026-09-03	0	1	88	지금 계속 팅기는데 다들 접속 되세요?	leemink18
34454	2026-09-03	0	4	164	접속이 안되는데	설세느
34451	2026-09-03	0	1	300	ㅋㅋ 10련들아 장사잘하네?	드무무
34450	2026-09-03	0	0	79	마일리지 소모처 좀 늘려주면 안됨?	띰땅1
34449	2026-09-03	0	0	5	추천인 추가 부탁드려요~	순두우부
34447	2026-09-03	0	0	229	전지멜로우 신규펫 쓸만한가요?	하드캐리
34440	2026-09-03	0	3	269	형들이면 이거 잠그고 돌려??	라잇호
34438	2026-09-03	1	2	132	넌 못 때리지?	뱜
34432	2026-09-03	0	2	142	어떤게 좀더 괜찮나여..??	똔개
34428	2026-09-03	0	13	37	뉴비 친구추천인 맞교환하실분?	차밍잉
34424	2026-09-03	0	0	25	갤스 쿠폰 받아가세용	귤까먹는박춘배
34423	2026-09-03	5	3	537	축복7 유저로서 과금해도 하는건 똑같네	두둥
34420	2026-09-03	0	3	89	지금 장비뽑으면 크탈 퀘 뜨나요?	새하얀소보루
34406	2026-09-03	0	0	14	게임x) 행님덜 게이밍책상 추천좀 해주십쇼ㅠ	제리맛 쿠키
34405	2026-09-03	6	13	1426	216-30 비겁이 35% (용병단 4레벨)	뱜
34404	2026-09-03	0	2	161	이제 93스테이지인데 명중률 슬슬 필요한가요?	GDGDGG
34401	2026-09-03	0	7	113	강아지들 한번씩 보고가세용 ^^	사자도어흥
34392	2026-09-03	0	0	187	이거 아무도 신경 안써서 모르고있는건가 나만이상한건가	완등
34390	2026-09-03	0	0	10	친구 추천 ZVXSS9267 부탁드립니다.	yamapig1
34389	2026-09-03	0	0	78	169지나니 이제 재화가 안쌓이네	잠이가솔솔
34387	2026-09-03	0	2	131	틱톡라이트 이벤트 취소됏나요	ㅣ이어잉이이이
34383	2026-09-03	1	2	301	그냥 방치형게임 아니라고 생각하면 편해	우승S334
34380	2026-09-03	0	0	99	크럼블이 종착지는 모험의 탑과 오븐스매시가 아니다	두둥
34379	2026-09-03	0	1	126	게임 곳곳 재화설계가 제정신이 아닌곳이 한둘아 아님	두둥
34377	2026-09-03	0	1	231	크럼블 던전도 이상함	곹놑돝
34373	2026-09-03	4	0	163	재화 밸런스는 대체 언제 수정할 생각인지 궁금하네	쿠박
34372	2026-09-03	2	2	171	잠수함 패치 뽑기 확률 플레이트 확률 전수조사	윤도비잉
34369	2026-09-03	0	0	21	운영자 사칭 조심	1231231232
34365	2026-09-03	0	0	23	40프로쿠폰 같이받으실분 수락만하시면되요	바밍사랑단
34345	2026-09-03	0	2	322	이걸질수있나 ? 제발 어떻게좀 해봐라	경컹
34343	2026-09-03	1	2	296	장비 전투력무조건 상승 vs 전투력은낮아지지만 옵션은 유옵 스가 스증 명중 ??? 선배님들 도움좀주세요	경기ll매드카우
34341	2026-09-03	0	0	88	용병단4 열정페이 누구한테 들어간지 어케 확인가능해요?	뇌마
34336	2026-09-03	1	2	239	겜 망함??업뎃 공지 없음?	ㅋㅎ
34334	2026-09-03	0	3	193	신규쿠키 2주일에 4~5개는 나와야 속도가 맞을것같은 느낌	연애쿠키
34330	2026-09-03	1	9	1474	치케 우유 공증 중복안됨?	RN
34329	2026-09-03	0	1	187	보상 화폐가치 개박살	뾰족한컬링
34322	2026-09-03	0	1	211	이겜 유저들 양반이네 진짜 ㅋ	까올
34321	2026-09-03	1	1	156	SSR 안나온다는사람은 초보	경성이
34317	2026-09-03	0	0	133	농락당한 기분 ㅋ ㅋ 	벼라늘
34315	2026-09-03	0	1	20	친추하실분~!!	야미찬
34314	2026-09-03	0	2	116	이게임은 물타기 징징이 때문에 겜 망할듯	오태식이
34313	2026-09-03	1	15	1569	800개 뽑기를 했는데 ㅋㅋㅋ	크림이
34310	2026-09-03	0	12	119	추천인 교환하실분	동다
34308	2026-09-03	0	0	89	쿠키 뽑기 확률, 플레이트 강화 확률 전수조사	윤도비잉
34306	2026-09-03	0	2	226	쿠키뽑 확률 너프 시킨거 체감 되는 이유	페퍼로니피자올리브추
34303	2026-09-03	0	1	67	스탯 보는법?	콩콩24
34300	2026-09-03	0	4	18	추천인 맞교환하실분	띵똥띵동
34289	2026-09-03	2	0	79	방랑자 이대로 유기하는거임?	박세건
34287	2026-09-03	1	10	1976	아레나 도대체 어떻게해야하나요?	낑깡듀스
34286	2026-09-03	0	1	408	길드토벌전 보스 같나요??	행복한조커
34282	2026-09-03	2	4	774	한달동안 꼴랑 추가된게	길현아행사그만다녀라
34272	2026-09-03	0	1	104	이거 겜키고 자야되나요	수판독서사
34271	2026-09-03	4	2	190	ㅈ같이 운영하는 데브는 봐라	헤노름
34259	2026-09-03	0	8	813	플레이트 강화 이거 맞나	티나제
34253	2026-09-03	0	0	60	플레이트 강화 지옥이네..	민트딸
34252	2026-09-03	0	0	45	오늘은 노점검?	이게무야
34236	2026-09-03	0	0	67	플레이트	하루살이
34234	2026-09-03	0	2	104	전투 시작 직후 치명타확률이 다르던데 무슨 차이일까요?	연애쿠키
34232	2026-09-03	0	1	88	둘중에 뭐껴야 하나용 	제니이다
34229	2026-09-03	0	2	577	진짜 버러지같은게 겜욕은 존나하면서 크크크? 이벤트는또 참여 잘해요	무캉차이
34222	2026-09-03	0	1	205	오늘 점검 이나 업뎃 없나요?	신흥점
34221	2026-09-03	0	1	64	피노 7성인데	니니니니
34216	2026-09-03	0	3	673	피노누아 픽업 끝날때까지 픽업 쿠키 안바뀌나요?	codltm
34214	2026-09-03	0	1	65	플레이트 14&gt;15 15연짝 실패 ㅋᩚㅋᩚㅋᩚ ㅋᩚㅋᩚㅋᩚ 	하위욥
34195	2026-09-03	0	5	734	10시간 넘게 방치보상받아도 티도안나네	비겁한 데브
34168	2026-09-03	3	8	980	근데 현재 과금러를 가장 꼬접하게 만드는건	룬랑
34163	2026-09-03	0	0	19	[Lv.10] S024서버 “용감한맛쿠키“ 길드에서 길드원 3분 모십니다!	다혜맛쿠키
34139	2026-09-03	0	2	194	게임 방향이 어느 층의 유저를 잡겠다는 걸까	사계
34138	2026-09-03	0	4	886	근데 이 겜은 쿠폰 뿌리는거 ㅈㄴ 인색하네 ㅋㅋ	뾰족한컬링
34133	2026-09-03	6	5	383	운영 불리한거는 개판으로 해놓고	초코강오천개
34121	2026-09-03	0	0	65	오늘신캐하나주라	원이S007
34116	2026-09-03	0	1	123	메론 공격횟수 35가 맥스???	긴도나
34113	2026-09-03	1	0	19	길드홍보가능한방	junx
34112	2026-09-03	0	0	11	구글플레이게임즈로 게임 실행하면 화면이 다깨져요 해결법 아시는분 ㅜㅜ	뚠뚭
34098	2026-09-03	0	0	113	플레이트 강화 파괴로 꼬접하는 유저 점점 생기네	두둥
34086	2026-09-03	0	1	100	확률 시벌	gkwlsdl
34085	2026-09-03	0	5	138	크럼블 던전 칭호 언제 줌?	렁구
34083	2026-09-03	0	0	15	위잉 치킨	밍도
34073	2026-09-02	0	0	31	갤럭시 쓰시는 분들 같이 50프로 쿠폰 받아요!!	종사자
34070	2026-09-02	0	2	190	바보짓 했당..	몰라요르단
34060	2026-09-02	2	9	1026	이터널	에스더김
34055	2026-09-02	0	3	321	스텔라링크 총투력 저하??	민들레
34034	2026-09-02	0	0	12	크크크 치킨봇 인증 이벤트 참여	소꾸밍
34023	2026-09-02	0	0	43	쿨링이 언데 롤백 해주냐	크림이
34020	2026-09-02	0	2	181	이걸 끼워야할까요 말아야할까요…	박벤자민
34018	2026-09-02	0	0	23	쿠키런 크럼블 콜라보 이벤트 참여	김햄식
34015	2026-09-02	1	9	717	오븐퀘 29렙 1칸에 약 5m부터 막힘	뱜
33990	2026-09-02	0	0	303	비겁	3363
33988	2026-09-02	0	0	140	제~~~발 정신좀 차려줘  나 진짜쿠럼블 좋아하는데 정떨어질라 그래 제발 부탁이다	크럼블갓겜
33977	2026-09-02	0	7	517	플레이트 다 10강했는데 뭐부터 15강하는게 좋을까요??	ㅇㅅㅇㅇㅁㄹ
33976	2026-09-02	0	1	226	550뽑 시커 5성 달성했어요!!	수아에요
33969	2026-09-02	0	4	638	아레나 덱 어떻게 하는게 좋을까요	빵하밍
33965	2026-09-02	0	0	5	크크크 치킨봇 인증 이벤트	ygh
33962	2026-09-02	0	0	11	크크크치킨봇 인증 이벤트 참여	ㅡㅡㅡ
33956	2026-09-02	0	8	803	행님들 도와주십셔 연타덱편성관련해서	무뮤뮤무
33949	2026-09-02	0	1	368	바궁 밀키 시커 같이 쓸 필드,아레나덱 있을까요	우아아잉ㅇ
33934	2026-09-02	0	0	204	스텔라 43%로 2일 버텼는데 후아	세링
33928	2026-09-02	1	0	117	234-30 쿨민	쿠키3
33926	2026-09-02	0	0	2	추천인 교환하실분~!	깡돌0
33923	2026-09-02	0	1	39	이럴땐 뭘 골라야하지	벼라늘
33921	2026-09-02	0	0	4	추천인 부탁드립니다~~~	지우에요
33920	2026-09-02	0	0	137	아 ㅡㅡ 진짜 누워버릴라. 지금 내 오븐에 아레나용 무기가 쌓여있는데 프리셋은 스테용 프리셋임 뭐하자는거냐? 주작아니냐 이정도면	크럼블갓겜
33919	2026-09-02	0	0	20	크크크 치킨봇 인증 이벤트	wpvm
33915	2026-09-02	0	0	31	쿠폰이 필요합니당.. 	아포츠
33913	2026-09-02	1	3	201	대체 왜 안 해주는지 모르겠는 불편한 기능	사계
33909	2026-09-02	0	1	95	210 스테 이후	신흥점
33903	2026-09-02	2	6	614	막히면 할 게 없다	사계
33902	2026-09-02	0	1	115	스테덱659M,총투2G530M 계정 	twinbroses
33901	2026-09-02	0	1	98	무기 박살 &lt; 고래도 접고싶게 만드는 시스템일듯	뷴뷴이
33900	2026-09-02	0	0	5	추천인 교환하실분~?	진주89
33895	2026-09-02	0	2	10	친구 교환하실분 한분!	배신왕
33892	2026-09-02	1	0	50	쥐	3363
33887	2026-09-02	0	4	101	방치형게임이 운영방치를 말하는거였노	뷴뷴이
33885	2026-09-02	0	0	4	ㅇ	뷴뷴이
33884	2026-09-02	0	2	138	19일차)442서버 무과금 플레이 기록	공백 패왕
33870	2026-09-02	0	1	44	상위 길드 구합니다	쿠쿠쿠우우쿠우
33866	2026-09-02	1	4	157	열쇠 구매우선순위가 머임?	라잇호
33862	2026-09-02	2	10	1283	게임 구조가 거지 같네요..	용안
33852	2026-09-02	0	2	175	아레나 덱 짜주실수 있으실까요 ㅠ 바궁은 없어요	할로망고
33850	2026-09-02	0	9	218	다이아 사용처	하치치와
33847	2026-09-02	3	4	845	투력컷 75% 맛보고 확장 스테 접해보니 서둘러 깰 필요를 더 못느낌	팔사삼십육
33844	2026-09-02	5	5	324	64-30 비겁이	뚱띠
33842	2026-09-02	3	3	314	플레이트가 혐오스러운 건 딱 이거임	에스님
33839	2026-09-02	0	4	17	추천인 교환하실분	식뭉
33835	2026-09-02	0	3	260	216-30 비쿱이 말인데	신흥점
33833	2026-09-02	0	5	119	바이크 쥐 환장하겠네	마파두부조림
33832	2026-09-02	0	3	737	아 전갈 슈가룬 ssr 나왔는데 쓸모없는건가요ㅜ 	촉족한초코칩
33830	2026-09-02	0	4	31	친구 입력 탭이 없어요. 왜일까요?	샤방샤방시금치
33829	2026-09-02	1	8	180	요즘 SSR 확률 낮아졋나오...	채 도
33827	2026-09-02	0	0	85	투력 뭐로올리나요?	바비노
33826	2026-09-02	0	1	118	제발 34-30 쿨민 스펙좀봐주세여ㅠㅠ	빠끔이
33818	2026-09-02	5	0	41	데브 직원들은 꼭 쥐토바이 닮은 자식 갖길	언
33817	2026-09-02	0	0	11	친초 교환하실분	배신왕
33814	2026-09-02	1	5	151	쥐토바이덕에	뽑아주세요츄츄
33812	2026-09-02	1	3	405	232-30 비겁 5시간만에 클..	쿠키3
33808	2026-09-02	0	0	42	갤스 쿠폰 받아가세요	귤까먹는박춘배
33807	2026-09-02	0	0	168	데브 애네들 ㅋㅋㅋ 잠수패치 하던 습관잌ㅋㅋㅋㅋㅋㅋ	로굴
33797	2026-09-02	0	2	138	스테가 막히기 시작하니	뽑아주세요츄츄
33786	2026-09-02	0	0	33	장비 골라주세여	이요요
33785	2026-09-02	3	3	61	그냥 징징이 라고 욕하면 안됨 게임 하고 싶고 정이 있으니까 징징 대는거임	dhef9965
33775	2026-09-02	0	1	39	갤스 쿠폰 질문	훈이다
33737	2026-09-02	0	1	43	저STCTB9224이코드로친구5명만만들어줄수있는사람찾습니다	장수형
33735	2026-09-02	0	0	43	이제 시작한 뉴비입니다!	무암
33732	2026-09-02	1	0	141	다음 스테이지 확장 예상.	뽀그미
33726	2026-09-02	0	2	253	개그튼거 접는다 접어 뚱카롱 	지뢰병
33721	2026-09-02	0	3	86	허브맛쿠키 아레나 시작하자마자 죽는거 어떡하죠?	ㅇㅅㅇㅇㅁㄹ
33710	2026-09-02	1	0	52	길드 총투 28G 길드에서 길드원 모집합니다	길드장
33708	2026-09-02	0	4	321	딜러들 슈가룬 스증 스가 공증으로 돌리는데 ㄱㅊ아?	레붕이
33706	2026-09-02	0	6	233	하..80-30 비겁이 클리어덱?? 기록	이슬람 마카체프
33703	2026-09-02	0	3	34	추천인 교환하실분 첫댓글 선착순 한 분	눈례
33684	2026-09-02	0	0	97	다음업뎃에 스테이지 너프 ㄱㄱ	뽀그미
33681	2026-09-02	0	0	34	되도안한이벤트 공지만 하지말고 아이템 있을때도 프리셋 변경하게 해주라	크럼블갓겜
33680	2026-09-02	0	5	258	게임을 잘만들면 오히려 문제가 생기네;;	젠틀한드럼통
33675	2026-09-02	0	0	19	갤스 쿠폰 하실분 	날씨너무더워
33672	2026-09-02	0	2	18	친구초대 도와주실 분 ㅠㅠ	힝구잉
33670	2026-09-02	0	0	74	인증이벤트 ㅈ같네  당첨될거 같아서 글쓰는거냐..ㅋ	뽀그미
33665	2026-09-02	0	1	36	나와 친구	무로0
33656	2026-09-02	0	9	142	쥐 세마리 만날때마다 나만 접고싶음?	그으뤠이뜨
33655	2026-09-02	0	2	185	데브가 쫌 똑똑하긴 한 듯ㅋㅋㅋㅋ	젠틀한드럼통
33650	2026-09-02	0	4	189	비겁이 보정35퍼로 꺠지긴함?	언제나야옹이
33648	2026-09-02	0	3	140	지금 뽑기 오류있어요?	2478
33647	2026-09-02	0	1	117	나랑 전투력은 낮은데 총투력 높은 애들은 이유가 뭐임?	레붕이
33645	2026-09-02	0	0	74	전투력 보정	건도네
33642	2026-09-02	1	0	220	214-20 망취	뱜
33640	2026-09-02	0	0	20	갤럭시스토어 할인쿠폰 같이해요!!	shyoo8248
33637	2026-09-02	0	1	76	강화확률 잘못써있는거 맞죠?	원분
33635	2026-09-02	0	0	53	영자누나!마일리지 교환 개편해주세요	유한락이
33628	2026-09-02	1	29	973	징징대는 애들 55%는 커녕 75%로이상으로 깨는애들일듯	광고제거만구매
33627	2026-09-02	0	2	314	400번대 서버 근황	Rupin
33624	2026-09-02	0	1	69	펫뽑기는 왜 이러는거..?	KingBOB
33619	2026-09-02	0	0	98	게시판 세탁 지리네 진짜	휴리릭이
33617	2026-09-02	0	0	39	지금와서 게시판인증이벤트??	휴리릭이
33615	2026-09-02	1	0	73	이거 인증 이벤트 왜하는줄 암?역겹다	휴리릭이
33613	2026-09-02	0	2	11	추천맞교환하거나 해주실분 XLNQP5295	배신왕
33599	2026-09-02	0	1	125	노움연구 지원요청하면 몇분해주는거임?	3363
33589	2026-09-02	1	2	242	뉴비랑 초보도  무과금  소과금 다들 파이팅 하세요  저만 지루한가요  어렵긴하네요 오래걸리고요	Jeg
33586	2026-09-02	0	6	244	전갈 20스택 비겁이 빠르게 쌓는데 피가 왜 안닳아?	레붕이
33577	2026-09-02	6	2	754	195스테 중과금 유저 푸념	지뢰병
33571	2026-09-02	0	6	238	무과금,광제 유져분들 중에 168-30 깨신 분 계신가요?	방치게임매니아
33564	2026-09-02	0	3	355	겜 시작한지 6일차 초보입니다. 피노누아 10성 찍는게 나을까요?	언제나야옹이
33559	2026-09-02	0	0	28	크크크 치킨봇 인증🍗	할수있다말해요
33553	2026-09-02	0	0	55	엄청난 보물상자 시간보상 갯수 언제늘어나요?	루룰로루룰
33550	2026-09-02	1	1	164	이 겜은 스테 168전까지가 제일 재밌음	승후이
33539	2026-09-02	0	1	146	마일리지 안쓰면 초기화되나요?	쿸킹덤섭종까지
33529	2026-09-02	0	0	45	ㅋㅋㅋ 치킨봇	데모닉2
33519	2026-09-02	0	0	38	게임관리	오리궁둥이
33517	2026-09-02	0	0	90	168스테이지 이후 너무 도파민이 없다	뭔디
33509	2026-09-02	0	6	253	본인 전투력으로 스테이지 어디까지 밀릴지	KingBOB
33507	2026-09-02	4	0	557	공원스테 덱(레드베리암살자,식쿠식물등)	뱜
33500	2026-09-02	0	5	181	생크림콘 독수리 너무 아파	김상만73세
33498	2026-09-02	0	4	138	아 영자님아 쥐토바이좀 어케해봐요	호올스
33496	2026-09-02	0	1	91	둘 중에 뭐가 더 좋을까요?	삼도수군통제사
33492	2026-09-02	0	3	57	오븐 퀘스트	단미로운
33476	2026-09-02	0	0	21	[길드][모집] 🐎 LV.9 &lt;야생마&gt; 새로운 야생마 3마리 모집 🐎	황금갓방울
33465	2026-09-02	1	4	142	플레이트 확률 버그인가	Duck
33454	2026-09-02	0	11	290	현질 추천해주세요	민트라미슈
33452	2026-09-02	0	2	250	열정페이 선택했는데 복지가 적용된건지 어디서 확인해요?	아랑이야
33447	2026-09-02	0	4	838	연타덱 이렇게 쓰면되나요?	퇴근하고싶다
33443	2026-09-02	0	0	47	쿨민	3363
33439	2026-09-02	0	0	34	이벤트참여 완료!!	행복한조커
33438	2026-09-02	0	5	507	아레나 덱 좀 짜주실 분 …	숨쉬셈
33434	2026-09-02	3	8	450	300뽑에 ssr 1마리	그으뤠이뜨
33430	2026-09-02	1	2	1055	전갈맛 쿠키 슈가룬은 공증보다 집중인가요?	월향
33424	2026-09-02	0	1	115	다이아 다들 몇개모으셨나요?	솔티드에그타르트
33415	2026-09-02	0	4	195	형님들 오프라인 방치 vs 온라인 방치	니니니니
33413	2026-09-02	0	7	145	형님들 다이야 어디에쓰나요??	장구매
33400	2026-09-02	1	2	182	브타이트시커 단일뽑기로 뽑음	솔티드에그타르트
33385	2026-09-02	0	0	25	쿠키런 크크크 치킨봇 인증	허브솥단지
33382	2026-09-02	2	0	118	내 치킨봇 겁나큼	아쿠아
33376	2026-09-02	0	0	30	크크크 치킨봇 인증	쉽진않겠지만
33373	2026-09-02	0	0	11	친구추천 MID 해주세요	황금삐약
33370	2026-09-02	0	0	71	플레이트 박살은 뭐 리니지 하다오신 분이 개발하신건가요??	뚱카룽
33353	2026-09-02	4	8	1307	176-30 비겁이 그냥 늘 하던대로 제가 최저컷인듯요? 149m	3363
33348	2026-09-02	0	0	83	한방에 두개!!!!	력벗
33333	2026-09-02	0	16	1166	플레이트 하락방지아이템	뭐
33327	2026-09-02	1	16	1084	길드들 요구 투력스펙이 G이상이던데..이건 노력의 영역일까요? 아님 현질의 영역일까요?	젤리먹구왕
33326	2026-09-02	1	13	1063	뽑기 손댓네 ㅇㅇ	불사조 불 꺼버리기
33325	2026-09-02	1	9	1237	장비 박살 나니까 할 맛 뚝 떨어지네	뽕손이
33323	2026-09-02	1	2	194	업뎃이후로 쿠키뽑기 확률 살짝 낮아진거같은데	라잇호
33314	2026-09-02	3	7	766	형들 방치 게임이 이게 맞아?	촉촉한쿠키
33313	2026-09-02	1	2	57	쿨민 때문에 개 열받는다	장난치즈마
33308	2026-09-02	0	5	231	가방에서 코인이랑 쿠키경험치 최대한 스테 밀고 쓰는게 맞죠?	shj3368
33305	2026-09-02	4	14	694	소신발언) 방치형 게임답게 플레이하자	젠틀한드럼통
33304	2026-09-02	6	4	712	이 겜은 그냥 168지까지 무과금으로 밀고 미련없이 접으면 되는 겜인듯	뚱카룽
33300	2026-09-02	0	1	110	tssr 확률 낮아졌나욤	iliililiiillii
33299	2026-09-02	0	0	98	13렙 랭커길드 부스러기단 모집중!	광빵동
33298	2026-09-02	0	0	40	아쉽다 아쉬워	앨리스
33296	2026-09-02	0	0	102	쿠럼블 뉴우스~및 소보원	윤도비잉
33294	2026-09-02	0	1	136	아니 영자님 난이도를 너프하던가 재화를 늘이던가 둘중에 하나는 숨쉴 구멍을 줘야하는거 아닌가요?	비겁한 데브
33293	2026-09-02	0	0	165	크럼블의 속성 시스템의 아쉬운 점.	랩소디제이
33291	2026-09-02	0	0	40	길드 가실곳 없는분들 아무나 들어오세욥 연구 필수	기묘노
33288	2026-09-02	0	0	39	갤럭시 쿠폰 도와주실분	서울ll강돌
33287	2026-09-02	0	0	40	내가 궁금한게있는데	코코아뚜
33276	2026-09-02	0	7	560	아직 크럼블에 나온 클래식 레전더리는 바궁뿐이지만...	랩소디제이
33267	2026-09-02	0	1	77	재미없는 게임은 할수있어도 상도덕없는 게임 은 하지말자 ㅋㅋ	윤도비잉
33265	2026-09-02	2	1	221	첫번째 프리덱 유니크 완성!	파동Padong
33263	2026-09-02	0	2	85	프리셋 변경할때마다 적용되는게 맞나요?	GDGDGG
33248	2026-09-02	1	3	698	오븐 반죽퀘스트 29렙 2칸정도까지만 무제한이네	세링
33244	2026-09-02	0	0	58	방치형 RPG, Idle RPG 소리 좀 안했으면	두둥
33234	2026-09-02	1	1	277	왜 플레이트 확률 주작 소리하는지 알것같음	한날
33228	2026-09-02	0	1	229	이게 뭐에여?	3363
33222	2026-09-02	0	3	198	스테 어디까지 밀릴까요	심심할때합니다
33218	2026-09-01	1	2	306	마일리지 해결하라고 압박넣으면 개당 단가 이빠이 올릴듯	비겁한 데브
33215	2026-09-01	0	1	251	왜 탑섭 길드원 잘 안받는지 궁금하신분들 보세요	마경
33207	2026-09-01	1	9	1475	아레나 진짜 투력차이 이정도나는데 진다고?	별품소
33202	2026-09-01	0	3	139	레전드 패키지 오븐 몇렙때 나오나요	몰라 이미사용중
33200	2026-09-01	1	6	1131	대체 이건 왜 파는 건가요	사계
33197	2026-09-01	1	0	399	데브필독) 마일리지 사용처	ㅇㅇ22
33196	2026-09-01	1	0	102	168-30 기록만 ㅠ	현
33195	2026-09-01	0	4	1130	장비 옵션 우선순위	코끼리
33191	2026-09-01	0	2	558	시커 연타덱 질문이용	양자23
33187	2026-09-01	0	1	186	여기서 뽑기권 안주나요..?	겜충
33184	2026-09-01	5	4	1478	211-30 비겁이 덱 (용병단 4레벨)	뱜
33176	2026-09-01	0	0	250	스테이지 주차 할때	하얀혈흔
33165	2026-09-01	0	1	64	조작감 좀 어떻게 해봐라	데브겜안함
33163	2026-09-01	0	3	538	지금 민심 왜 안 좋나요??	Tree
33160	2026-09-01	2	3	604	174-30 쿨민 145m	3363
33149	2026-09-01	0	0	71	갤럭시 스토어 40프로 쿠폰 받아가세요	왕복이
33148	2026-09-01	0	2	219	크럼블허브에서	ㅣ이어잉이이이
33147	2026-09-01	0	2	166	자동사냥보상오류	뿅뿜니
33142	2026-09-01	0	0	40	갤럭시 스토어 ㅊ40% 할인쿠폰	류쥬
33141	2026-09-01	0	5	252	18일차)442서버 무과금 플레이 기록	공백 패왕
33140	2026-09-01	1	2	243	32-30 비겁이 상대할 때 중요한게 뭔가요	배고파맛쿠키
33138	2026-09-01	1	25	2026	이번 신캐 tssr 5성 지를만해요 ?	열램
33126	2026-09-01	0	5	408	스텔라 질문좀 어디 잠그고 진행 할까요??	하위욥
33124	2026-09-01	0	1	222	174-20 망치부인 140m 컷	3363
33121	2026-09-01	0	1	249	실론나이트 보스 피해 질문이요!	김홍딴
33119	2026-09-01	0	12	27	추천인 맞교환해요	가보자아잇
33114	2026-09-01	1	0	167	이 모든 원흉을 알고 있다.	휴리릭이
33110	2026-09-01	0	0	226	아니...다른 방치키우기게임 해보면	휴리릭이
33107	2026-09-01	0	2	292	이렇게 빨아줘도 정내미가 떨어지게 하는 운영	곹놑돝
33106	2026-09-01	0	1	38	갤스토어 쿠폰 교환 하실분	왕복이
33105	2026-09-01	0	1	207	게임 오래못갈거 다들 알잔아	앙앙훈남맛쿠키마시쪙
33102	2026-09-01	0	3	306	원래 5.5 패키지 지를라고 했는대	뽑아주세요츄츄
33101	2026-09-01	0	1	19	추천인 RNHWW2940	구름가득
33094	2026-09-01	0	0	17	갤스 같이 할인권받아요~!	티시
33093	2026-09-01	0	2	11	추천인 서로 교환하실분~	감사합니다1231
33090	2026-09-01	2	0	108	재미가 읍따..	뽑아주세요츄츄
33089	2026-09-01	0	0	28	갤럭시 스토어 쿠폰 & 인게임 추천인	의리있는솜사탕
33087	2026-09-01	2	0	426	211-10 쥐토바이 기록용	사유I
33086	2026-09-01	0	2	11	친구추천 맞교환해요	가보자아잇
33085	2026-09-01	0	0	281	아레나 100렙 찍을 쿠키 순서 추천점여	햐닝
33082	2026-09-01	2	1	239	보상 너프에다 스테이지 어려워지고 할맛이 안남	그으뤠이뜨
33080	2026-09-01	1	0	30	갤럭시 스토어 40% 쿠폰 받아가세요~	찬식
33074	2026-09-01	2	3	1520	우유맛 쿠키는 스증보다 공증인가요?	월향
33073	2026-09-01	0	0	174	데브 운영방침이	LINE
33062	2026-09-01	0	6	202	퀘스트 자동몰아하기가 이상해졋어요..	후야v
33056	2026-09-01	0	0	259	보스빼고는 이 조합으로 돌리니까 잘 밀림	월향
33044	2026-09-01	2	1	208	난이도 잔뜩 올려놓고 보상 창렬내 놨으니 올라갈 이유가 없네 ㅋㅋㅋ 스테이지 확장 무새들 입틀어 막기 성공했네 ㅋㅋㅋ	비겁한 데브
33042	2026-09-01	1	2	206	첫 100렙 쿠키	월향
33037	2026-09-01	2	4	231	서버를 선택하거나 옮길 수도 있나요?	피드
33032	2026-09-01	0	0	83	43프로 10번실패할수가있나?	잠이가솔솔
33030	2026-09-01	0	14	75	11렙 고야미길드에서 길드원 모집해여 	사이먼도미닉
33022	2026-09-01	0	4	171	크럼블 오래 하고싶다	Gaudium
33018	2026-09-01	1	3	270	스테이지 보상이 쓰레기라 재미가없다	냥이잠
33017	2026-09-01	1	0	281	와. 방랑자 빼고 바궁이랑 시커 너무 좋고.	IiiiiiiiiIiiiiiIi
33014	2026-09-01	0	2	293	현재 덱에서 시커5성 만드는게 좋을까요??..	twinbroses
33010	2026-09-01	2	19	1883	크럼블 장기적으로 봐도 될까요?	알눈
33005	2026-09-01	0	0	24	모험밀때 힐러 뭘 쓰나요 다들?	크림이
33002	2026-09-01	0	0	164	게임 회사들은 왜 이러는건가?	닉뭐로해요
33001	2026-09-01	4	6	1712	우유 환급 18만개	에스더김
33000	2026-09-01	0	0	90	스킬증폭??	김녕녕24
32996	2026-09-01	2	1	197	가장 평화로운 아레나...	MK
32995	2026-09-01	0	0	14	갤럭시 스토어 40% 할인 쿠폰 같이 받아요	더지
