"There's a new sheet with a stage selector, as well as enemy evasion/resistance on each stage and data up to 160-30
https://docs.google.com/spreadsheets/d/1MTKGd9U4MToaU1ntFgNESwLdoAWGCX7cgBSBDQsbYh4/edit?usp=sharing

Have fun pushing! -Nubkie",,,,,,,,,
Stage,Recommended Power,1% Damage (from 0 power to this number),5% Damage,15% Damage,35% Damage,55% Damage,75% Damage,100% Damage,120% Damage
1-1,"1,600",159,160,320,640,960,"1,280","1,600","1,920"
1-2,"1,950",194,195,390,780,"1,170","1,560","1,950","2,340"
1-3,"2,033",203,204,407,814,"1,220","1,627","2,033","2,440"
1-4,"2,166",216,217,434,867,"1,300","1,733","2,166","2,600"
1-5,"2,950",294,295,590,"1,180","1,770","2,360","2,950","3,540"
1-6,"3,063",306,307,613,"1,226","1,838","2,451","3,063","3,676"
1-7,"3,326",332,333,666,"1,331","1,996","2,661","3,326","3,992"
1-8,"3,589",358,359,718,"1,436","2,154","2,872","3,589","4,307"
1-9,"3,852",385,386,771,"1,541","2,312","3,082","3,852","4,623"
1-10,"4,115",411,412,823,"1,646","2,469","3,292","4,115","4,938"
1-11,"4,311",431,432,863,"1,725","2,587","3,449","4,311","5,174"
1-12,"4,507",450,451,902,"1,803","2,705","3,606","4,507","5,409"
1-13,"4,692",469,470,939,"1,877","2,816","3,754","4,692","5,631"
1-14,"4,846",484,485,970,"1,939","2,908","3,877","4,846","5,816"
1-15,"4,908",490,491,982,"1,964","2,945","3,927","4,908","5,890"
1-16,"4,945",494,495,989,"1,978","2,967","3,956","4,945","5,934"
1-17,"4,968",496,497,994,"1,988","2,981","3,975","4,968","5,962"
1-18,"4,991",499,500,999,"1,997","2,995","3,993","4,991","5,990"
1-19,"5,153",515,516,"1,031","2,062","3,092","4,123","5,153","6,184"
1-20,"5,439",543,544,"1,088","2,176","3,264","4,352","5,439","6,527"
1-21,"5,842",584,585,"1,169","2,337","3,506","4,674","5,842","7,011"
1-22,"6,006",600,601,"1,202","2,403","3,604","4,805","6,006","7,208"
1-23,"6,342",634,635,"1,269","2,537","3,806","5,074","6,342","7,611"
1-24,"6,992",699,700,"1,399","2,797","4,196","5,594","6,992","8,391"
1-25,"8,199",819,820,"1,640","3,280","4,920","6,560","8,199","9,839"
1-26,"8,914",891,892,"1,783","3,566","5,349","7,132","8,914","10,697"
1-27,"9,484",948,949,"1,897","3,794","5,691","7,588","9,484","11,381"
1-28,"9,900",989,990,"1,980","3,960","5,940","7,920","9,900","11,880"
1-29,"9,994",999,"1,000","1,999","3,998","5,997","7,996","9,994","11,993"
1-30,"10,258","1,025","1,026","2,052","4,104","6,155","8,207","10,258","12,310"
2-1,"10,683","1,068","1,069","2,137","4,274","6,410","8,547","10,683","12,820"
2-2,"11,235","1,123","1,124","2,247","4,494","6,741","8,988","11,235","13,482"
2-3,"11,282","1,128","1,129","2,257","4,513","6,770","9,026","11,282","13,539"
2-4,"11,326","1,132","1,133","2,266","4,531","6,796","9,061","11,326","13,592"
2-5,"11,357","1,135","1,136","2,272","4,543","6,815","9,086","11,357","13,629"
2-6,"11,362","1,136","1,137","2,273","4,545","6,818","9,090","11,362","13,635"
2-7,"11,362","1,136","1,137","2,273","4,545","6,818","9,090","11,362","13,635"
2-8,"11,373","1,137","1,138","2,275","4,550","6,824","9,099","11,373","13,648"
2-9,"11,407","1,140","1,141","2,282","4,563","6,845","9,126","11,407","13,689"
2-10,"11,501","1,150","1,151","2,301","4,601","6,901","9,201","11,501","13,802"
2-11,"11,620","1,161","1,162","2,324","4,648","6,972","9,296","11,620","13,944"
2-12,"11,745","1,174","1,175","2,349","4,698","7,047","9,396","11,745","14,094"
2-13,"11,870","1,186","1,187","2,374","4,748","7,122","9,496","11,870","14,244"
2-14,"11,994","1,199","1,200","2,399","4,798","7,197","9,596","11,994","14,393"
2-15,"12,119","1,211","1,212","2,424","4,848","7,272","9,696","12,119","14,543"
2-16,"12,243","1,224","1,225","2,449","4,898","7,346","9,795","12,243","14,692"
2-17,"12,367","1,236","1,237","2,474","4,947","7,421","9,894","12,367","14,841"
2-18,"12,492","1,249","1,250","2,499","4,997","7,496","9,994","12,492","14,991"
2-19,"12,617","1,261","1,262","2,524","5,047","7,571","10,094","12,617","15,141"
2-20,"12,741","1,274","1,275","2,549","5,097","7,645","10,193","12,741","15,290"
2-21,"12,865","1,286","1,287","2,573","5,146","7,719","10,292","12,865","15,438"
2-22,"12,991","1,299","1,300","2,599","5,197","7,795","10,393","12,991","15,590"
2-23,"13,115","1,311","1,312","2,623","5,246","7,869","10,492","13,115","15,738"
2-24,"13,238","1,323","1,324","2,648","5,296","7,943","10,591","13,238","15,886"
2-25,"13,363","1,336","1,337","2,673","5,346","8,018","10,691","13,363","16,036"
2-26,"13,488","1,348","1,349","2,698","5,396","8,093","10,791","13,488","16,186"
2-27,"13,613","1,361","1,362","2,723","5,446","8,168","10,891","13,613","16,336"
2-28,"13,737","1,373","1,374","2,748","5,495","8,243","10,990","13,737","16,485"
2-29,"13,862","1,386","1,387","2,773","5,545","8,318","11,090","13,862","16,635"
2-30,"13,987","1,398","1,399","2,798","5,595","8,393","11,190","13,987","16,785"
3-1,"14,111","1,411","1,412","2,823","5,645","8,467","11,289","14,111","16,934"
3-2,"14,236","1,423","1,424","2,848","5,695","8,542","11,389","14,236","17,084"
3-3,"14,349","1,434","1,435","2,870","5,740","8,610","11,480","14,349","17,219"
3-4,"14,433","1,443","1,444","2,887","5,774","8,660","11,547","14,433","17,320"
3-5,"14,488","1,448","1,449","2,898","5,796","8,693","11,591","14,488","17,386"
3-6,"14,522","1,452","1,453","2,905","5,809","8,714","11,618","14,522","17,427"
3-7,"14,554","1,455","1,456","2,911","5,822","8,733","11,644","14,554","17,465"
3-8,"14,587","1,458","1,459","2,918","5,835","8,753","11,670","14,587","17,505"
3-9,"14,620","1,461","1,462","2,924","5,848","8,772","11,696","14,620","17,544"
3-10,"14,652","1,465","1,466","2,931","5,861","8,792","11,722","14,652","17,583"
3-11,"14,685","1,468","1,469","2,937","5,874","8,811","11,748","14,685","17,622"
3-12,"14,718","1,471","1,472","2,944","5,888","8,831","11,775","14,718","17,662"
3-13,"14,751","1,475","1,476","2,951","5,901","8,851","11,801","14,751","17,702"
3-14,"14,783","1,478","1,479","2,957","5,914","8,870","11,827","14,783","17,740"
3-15,"15,108","1,510","1,511","3,022","6,044","9,065","12,087","15,108","18,130"
3-16,"16,035","1,603","1,604","3,207","6,414","9,621","12,828","16,035","19,242"
3-17,"18,580","1,857","1,858","3,716","7,432","11,148","14,864","18,580","22,296"
3-18,"20,912","2,091","2,092","4,183","8,365","12,548","16,730","20,912","25,095"
3-19,"22,381","2,238","2,239","4,477","8,953","13,429","17,905","22,381","26,858"
3-20,"22,799","2,279","2,280","4,560","9,120","13,680","18,240","22,799","27,359"
3-21,"22,825","2,282","2,283","4,565","9,130","13,695","18,260","22,825","27,390"
3-22,"22,852","2,285","2,286","4,571","9,141","13,712","18,282","22,852","27,423"
3-23,"22,880","2,287","2,288","4,576","9,152","13,728","18,304","22,880","27,456"
3-24,"22,909","2,290","2,291","4,582","9,164","13,746","18,328","22,909","27,491"
3-25,"22,936","2,293","2,294","4,588","9,175","13,762","18,349","22,936","27,524"
3-26,"22,962","2,296","2,297","4,593","9,185","13,778","18,370","22,962","27,555"
3-27,"22,989","2,298","2,299","4,598","9,196","13,794","18,392","22,989","27,587"
3-28,"23,017","2,301","2,302","4,604","9,207","13,811","18,414","23,017","27,621"
3-29,"23,044","2,304","2,305","4,609","9,218","13,827","18,436","23,044","27,653"
3-30,"23,071","2,307","2,308","4,615","9,229","13,843","18,457","23,071","27,686"
4-1,"23,099","2,309","2,310","4,620","9,240","13,860","18,480","23,099","27,719"
4-2,"23,127","2,312","2,313","4,626","9,251","13,877","18,502","23,127","27,753"
4-3,"23,154","2,315","2,316","4,631","9,262","13,893","18,524","23,154","27,785"
4-4,"23,181","2,318","2,319","4,637","9,273","13,909","18,545","23,181","27,818"
4-5,"23,209","2,320","2,321","4,642","9,284","13,926","18,568","23,209","27,851"
4-6,"23,236","2,323","2,324","4,648","9,295","13,942","18,589","23,236","27,884"
4-7,"23,263","2,326","2,327","4,653","9,306","13,958","18,611","23,263","27,916"
4-8,"23,290","2,328","2,329","4,658","9,316","13,974","18,632","23,290","27,948"
4-9,"23,318","2,331","2,332","4,664","9,328","13,991","18,655","23,318","27,982"
4-10,"23,345","2,334","2,335","4,669","9,338","14,007","18,676","23,345","28,014"
4-11,"23,373","2,337","2,338","4,675","9,350","14,024","18,699","23,373","28,048"
4-12,"23,401","2,340","2,341","4,681","9,361","14,041","18,721","23,401","28,082"
4-13,"23,428","2,342","2,343","4,686","9,372","14,057","18,743","23,428","28,114"
4-14,"23,455","2,345","2,346","4,691","9,382","14,073","18,764","23,455","28,146"
4-15,"23,482","2,348","2,349","4,697","9,393","14,090","18,786","23,482","28,179"
4-16,"23,510","2,350","2,351","4,702","9,404","14,106","18,808","23,510","28,212"
4-17,"23,536","2,353","2,354","4,708","9,415","14,122","18,829","23,536","28,244"
4-18,"23,563","2,356","2,357","4,713","9,426","14,138","18,851","23,563","28,276"
4-19,"23,591","2,359","2,360","4,719","9,437","14,155","18,873","23,591","28,310"
4-20,"23,618","2,361","2,362","4,724","9,448","14,171","18,895","23,618","28,342"
4-21,"23,646","2,364","2,365","4,730","9,459","14,188","18,917","23,646","28,376"
4-22,"23,673","2,367","2,368","4,735","9,470","14,204","18,939","23,673","28,408"
4-23,"23,712","2,371","2,372","4,743","9,485","14,228","18,970","23,712","28,455"
4-24,"23,816","2,381","2,382","4,764","9,527","14,290","19,053","23,816","28,580"
4-25,"24,361","2,436","2,437","4,873","9,745","14,617","19,489","24,361","29,234"
4-26,"25,210","2,520","2,521","5,042","10,084","15,126","20,168","25,210","30,252"
4-27,"26,277","2,627","2,628","5,256","10,511","15,767","21,022","26,277","31,533"
4-28,"26,615","2,661","2,662","5,323","10,646","15,969","21,292","26,615","31,938"
4-29,"26,738","2,673","2,674","5,348","10,696","16,043","21,391","26,738","32,086"
4-30,"26,758","2,675","2,676","5,352","10,704","16,055","21,407","26,758","32,110"
5-1,"26,792","2,679","2,680","5,359","10,717","16,076","21,434","26,792","32,151"
5-2,"26,825","2,682","2,683","5,365","10,730","16,095","21,460","26,825","32,190"
5-3,"26,858","2,685","2,686","5,372","10,744","16,115","21,487","26,858","32,230"
5-4,"26,891","2,689","2,690","5,379","10,757","16,135","21,513","26,891","32,270"
5-5,"26,924","2,692","2,693","5,385","10,770","16,155","21,540","26,924","32,309"
5-6,"26,958","2,695","2,696","5,392","10,784","16,175","21,567","26,958","32,350"
5-7,"27,003","2,700","2,701","5,401","10,802","16,202","21,603","27,003","32,404"
5-8,"27,522","2,752","2,753","5,505","11,009","16,514","22,018","27,522","33,027"
5-9,"30,607","3,060","3,061","6,122","12,243","18,365","24,486","30,607","36,729"
5-10,"33,654","3,365","3,366","6,731","13,462","20,193","26,924","33,654","40,385"
5-11,"34,234","3,423","3,424","6,847","13,694","20,541","27,388","34,234","41,081"
5-12,"34,630","3,462","3,463","6,926","13,852","20,778","27,704","34,630","41,556"
5-13,"35,029","3,502","3,503","7,006","14,012","21,018","28,024","35,029","42,035"
5-14,"35,435","3,543","3,544","7,087","14,174","21,261","28,348","35,435","42,522"
5-15,"35,845","3,584","3,585","7,169","14,338","21,507","28,676","35,845","43,014"
5-16,"36,259","3,625","3,626","7,252","14,504","21,756","29,008","36,259","43,511"
5-17,"36,677","3,667","3,668","7,336","14,671","22,007","29,342","36,677","44,013"
5-18,"37,102","3,710","3,711","7,421","14,841","22,262","29,682","37,102","44,523"
5-19,"37,530","3,752","3,753","7,506","15,012","22,518","30,024","37,530","45,036"
5-20,"37,964","3,796","3,797","7,593","15,186","22,779","30,372","37,964","45,557"
5-21,"38,403","3,840","3,841","7,681","15,362","23,042","30,723","38,403","46,084"
5-22,"38,851","3,885","3,886","7,771","15,541","23,311","31,081","38,851","46,622"
5-23,"39,365","3,936","3,937","7,873","15,746","23,619","31,492","39,365","47,238"
5-24,"40,001","4,000","4,001","8,001","16,001","24,001","32,001","40,001","48,002"
5-25,"40,682","4,068","4,069","8,137","16,273","24,410","32,546","40,682","48,819"
5-26,"41,377","4,137","4,138","8,276","16,551","24,827","33,102","41,377","49,653"
5-27,"42,083","4,208","4,209","8,417","16,834","25,250","33,667","42,083","50,500"
5-28,"42,802","4,280","4,281","8,561","17,121","25,682","34,242","42,802","51,363"
5-29,"43,534","4,353","4,354","8,707","17,414","26,121","34,828","43,534","52,241"
5-30,"44,277","4,427","4,428","8,856","17,711","26,567","35,422","44,277","53,133"
6-1,"45,032","4,503","4,504","9,007","18,013","27,020","36,026","45,032","54,039"
6-2,"45,801","4,580","4,581","9,161","18,321","27,481","36,641","45,801","54,962"
6-3,"46,584","4,658","4,659","9,317","18,634","27,951","37,268","46,584","55,901"
6-4,"47,380","4,737","4,738","9,476","18,952","28,428","37,904","47,380","56,856"
6-5,"48,189","4,818","4,819","9,638","19,276","28,914","38,552","48,189","57,827"
6-6,"49,012","4,901","4,902","9,803","19,605","29,408","39,210","49,012","58,815"
6-7,"49,849","4,984","4,985","9,970","19,940","29,910","39,880","49,849","59,819"
6-8,"50,699","5,069","5,070","10,140","20,280","30,420","40,560","50,699","60,839"
6-9,"51,567","5,156","5,157","10,314","20,627","30,941","41,254","51,567","61,881"
6-10,"52,448","5,244","5,245","10,490","20,980","31,469","41,959","52,448","62,938"
6-11,"53,324","5,332","5,333","10,665","21,330","31,995","42,660","53,324","63,989"
6-12,"53,984","5,398","5,399","10,797","21,594","32,391","43,188","53,984","64,781"
6-13,"54,489","5,448","5,449","10,898","21,796","32,694","43,592","54,489","65,387"
6-14,"54,998","5,499","5,500","11,000","22,000","32,999","43,999","54,998","65,998"
6-15,"55,511","5,551","5,552","11,103","22,205","33,307","44,409","55,511","66,614"
6-16,"56,030","5,602","5,603","11,206","22,412","33,618","44,824","56,030","67,236"
6-17,"56,552","5,655","5,656","11,311","22,621","33,932","45,242","56,552","67,863"
6-18,"57,080","5,707","5,708","11,416","22,832","34,248","45,664","57,080","68,496"
6-19,"57,614","5,761","5,762","11,523","23,046","34,569","46,092","57,614","69,137"
6-20,"58,152","5,815","5,816","11,631","23,261","34,892","46,522","58,152","69,783"
6-21,"58,695","5,869","5,870","11,739","23,478","35,217","46,956","58,695","70,434"
6-22,"59,243","5,924","5,925","11,849","23,698","35,546","47,395","59,243","71,092"
6-23,"59,796","5,979","5,980","11,960","23,919","35,878","47,837","59,796","71,756"
6-24,"60,356","6,035","6,036","12,072","24,143","36,214","48,285","60,356","72,428"
6-25,"60,919","6,091","6,092","12,184","24,368","36,552","48,736","60,919","73,103"
6-26,"61,488","6,148","6,149","12,298","24,596","36,893","49,191","61,488","73,786"
6-27,"62,063","6,206","6,207","12,413","24,826","37,238","49,651","62,063","74,476"
6-28,"62,641","6,264","6,265","12,529","25,057","37,585","50,113","62,641","75,170"
6-29,"63,227","6,322","6,323","12,646","25,291","37,937","50,582","63,227","75,873"
6-30,"63,817","6,381","6,382","12,764","25,527","38,291","51,054","63,817","76,581"
7-1,"64,413","6,441","6,442","12,883","25,766","38,648","51,531","64,413","77,296"
7-2,"65,015","6,501","6,502","13,003","26,006","39,009","52,012","65,015","78,018"
7-3,"65,621","6,562","6,563","13,125","26,249","39,373","52,497","65,621","78,746"
7-4,"66,235","6,623","6,624","13,247","26,494","39,741","52,988","66,235","79,482"
7-5,"66,853","6,685","6,686","13,371","26,742","40,112","53,483","66,853","80,224"
7-6,"67,479","6,747","6,748","13,496","26,992","40,488","53,984","67,479","80,975"
7-7,"68,109","6,810","6,811","13,622","27,244","40,866","54,488","68,109","81,731"
7-8,"68,744","6,874","6,875","13,749","27,498","41,247","54,996","68,744","82,493"
7-9,"69,387","6,938","6,939","13,878","27,755","41,633","55,510","69,387","83,265"
7-10,"70,033","7,003","7,004","14,007","28,014","42,020","56,027","70,033","84,040"
7-11,"70,688","7,068","7,069","14,138","28,276","42,413","56,551","70,688","84,826"
7-12,"71,349","7,134","7,135","14,270","28,540","42,810","57,080","71,349","85,619"
7-13,"72,014","7,201","7,202","14,403","28,806","43,209","57,612","72,014","86,417"
7-14,"72,688","7,268","7,269","14,538","29,076","43,613","58,151","72,688","87,226"
7-15,"73,367","7,336","7,337","14,674","29,347","44,021","58,694","73,367","88,041"
7-16,"74,051","7,405","7,406","14,811","29,621","44,431","59,241","74,051","88,862"
7-17,"74,743","7,474","7,475","14,949","29,898","44,846","59,795","74,743","89,692"
7-18,"75,441","7,544","7,545","15,089","30,177","45,265","60,353","75,441","90,530"
7-19,"76,145","7,614","7,615","15,229","30,458","45,687","60,916","76,145","91,374"
7-20,"76,857","7,685","7,686","15,372","30,743","46,115","61,486","76,857","92,229"
7-21,"77,574","7,757","7,758","15,515","31,030","46,545","62,060","77,574","93,089"
7-22,"78,299","7,829","7,830","15,660","31,320","46,980","62,640","78,299","93,959"
7-23,"79,030","7,902","7,903","15,806","31,612","47,418","63,224","79,030","94,836"
7-24,"79,768","7,976","7,977","15,954","31,908","47,861","63,815","79,768","95,722"
7-25,"80,513","8,051","8,052","16,103","32,206","48,308","64,411","80,513","96,616"
7-26,"81,264","8,126","8,127","16,253","32,506","48,759","65,012","81,264","97,517"
7-27,"82,024","8,202","8,203","16,405","32,810","49,215","65,620","82,024","98,429"
7-28,"82,791","8,279","8,280","16,559","33,117","49,675","66,233","82,791","99,350"
7-29,"83,562","8,356","8,357","16,713","33,425","50,138","66,850","83,562","100,275"
7-30,"84,344","8,434","8,435","16,869","33,738","50,607","67,476","84,344","101,213"
8-1,"85,132","8,513","8,514","17,027","34,053","51,080","68,106","85,132","102,159"
8-2,"85,928","8,592","8,593","17,186","34,372","51,557","68,743","85,928","103,114"
8-3,"86,730","8,672","8,673","17,346","34,692","52,038","69,384","86,730","104,076"
8-4,"87,539","8,753","8,754","17,508","35,016","52,524","70,032","87,539","105,047"
8-5,"88,357","8,835","8,836","17,672","35,343","53,015","70,686","88,357","106,029"
8-6,"89,182","8,918","8,919","17,837","35,673","53,510","71,346","89,182","107,019"
8-7,"90,014","9,001","9,002","18,003","36,006","54,009","72,012","90,014","108,017"
8-8,"90,856","9,085","9,086","18,172","36,343","54,514","72,685","90,856","109,028"
8-9,"91,703","9,170","9,171","18,341","36,682","55,022","73,363","91,703","110,044"
8-10,"92,561","9,256","9,257","18,513","37,025","55,537","74,049","92,561","111,074"
8-11,"93,424","9,342","9,343","18,685","37,370","56,055","74,740","93,424","112,109"
8-12,"94,297","9,429","9,430","18,860","37,719","56,579","75,438","94,297","113,157"
8-13,"95,179","9,517","9,518","19,036","38,072","57,108","76,144","95,179","114,215"
8-14,"96,293","9,629","9,630","19,259","38,518","57,776","77,035","96,293","115,552"
8-15,"97,797","9,779","9,780","19,560","39,119","58,679","78,238","97,797","117,357"
8-16,"99,325","9,932","9,933","19,865","39,730","59,595","79,460","99,325","119,190"
8-17,"100,406","10,040","10,041","20,082","40,163","60,244","80,325","100,406","120,488"
8-18,"101,121","10,112","10,113","20,225","40,449","60,673","80,897","101,121","121,346"
8-19,"101,819","10,181","10,182","20,364","40,728","61,092","81,456","101,819","122,183"
8-20,"102,521","10,252","10,253","20,505","41,009","61,513","82,017","102,521","123,026"
8-21,"103,229","10,322","10,323","20,646","41,292","61,938","82,584","103,229","123,875"
8-22,"103,943","10,394","10,395","20,789","41,578","62,366","83,155","103,943","124,732"
8-23,"104,660","10,465","10,466","20,932","41,864","62,796","83,728","104,660","125,592"
8-24,"105,382","10,538","10,539","21,077","42,153","63,230","84,306","105,382","126,459"
8-25,"106,110","10,610","10,611","21,222","42,444","63,666","84,888","106,110","127,332"
8-26,"106,843","10,684","10,685","21,369","42,738","64,106","85,475","106,843","128,212"
8-27,"107,580","10,757","10,758","21,516","43,032","64,548","86,064","107,580","129,096"
8-28,"108,323","10,832","10,833","21,665","43,330","64,994","86,659","108,323","129,988"
8-29,"109,071","10,907","10,908","21,815","43,629","65,443","87,257","109,071","130,886"
8-30,"109,823","10,982","10,983","21,965","43,930","65,894","87,859","109,823","131,788"
9-1,"110,583","11,058","11,059","22,117","44,234","66,350","88,467","110,583","132,700"
9-2,"111,347","11,134","11,135","22,270","44,539","66,809","89,078","111,347","133,617"
9-3,"112,115","11,211","11,212","22,423","44,846","67,269","89,692","112,115","134,538"
9-4,"112,889","11,288","11,289","22,578","45,156","67,734","90,312","112,889","135,467"
9-5,"113,668","11,366","11,367","22,734","45,468","68,201","90,935","113,668","136,402"
9-6,"114,452","11,445","11,446","22,891","45,781","68,672","91,562","114,452","137,343"
9-7,"115,243","11,524","11,525","23,049","46,098","69,146","92,195","115,243","138,292"
9-8,"116,039","11,603","11,604","23,208","46,416","69,624","92,832","116,039","139,247"
9-9,"116,840","11,683","11,684","23,368","46,736","70,104","93,472","116,840","140,208"
9-10,"117,646","11,764","11,765","23,530","47,059","70,588","94,117","117,646","141,176"
9-11,"118,459","11,845","11,846","23,692","47,384","71,076","94,768","118,459","142,151"
9-12,"119,277","11,927","11,928","23,856","47,711","71,567","95,422","119,277","143,133"
9-13,"120,100","12,009","12,010","24,020","48,040","72,060","96,080","120,100","144,120"
9-14,"120,929","12,092","12,093","24,186","48,372","72,558","96,744","120,929","145,115"
9-15,"121,763","12,176","12,177","24,353","48,706","73,058","97,411","121,763","146,116"
9-16,"122,604","12,260","12,261","24,521","49,042","73,563","98,084","122,604","147,125"
9-17,"123,451","12,345","12,346","24,691","49,381","74,071","98,761","123,451","148,142"
9-18,"124,304","12,430","12,431","24,861","49,722","74,583","99,444","124,304","149,165"
9-19,"125,161","12,516","12,517","25,033","50,065","75,097","100,129","125,161","150,194"
9-20,"126,025","12,602","12,603","25,205","50,410","75,615","100,820","126,025","151,230"
9-21,"126,895","12,689","12,690","25,379","50,758","76,137","101,516","126,895","152,274"
9-22,"127,771","12,777","12,778","25,555","51,109","76,663","102,217","127,771","153,326"
9-23,"128,653","12,865","12,866","25,731","51,462","77,192","102,923","128,653","154,384"
9-24,"129,542","12,954","12,955","25,909","51,817","77,726","103,634","129,542","155,451"
9-25,"130,437","13,043","13,044","26,088","52,175","78,263","104,350","130,437","156,525"
9-26,"131,336","13,133","13,134","26,268","52,535","78,802","105,069","131,336","157,604"
9-27,"132,244","13,224","13,225","26,449","52,898","79,347","105,796","132,244","158,693"
9-28,"133,157","13,315","13,316","26,632","53,263","79,895","106,526","133,157","159,789"
9-29,"134,077","13,407","13,408","26,816","53,631","80,447","107,262","134,077","160,893"
9-30,"135,002","13,500","13,501","27,001","54,001","81,002","108,002","135,002","162,003"
10-1,"135,933","13,593","13,594","27,187","54,374","81,560","108,747","135,933","163,120"
10-2,"136,872","13,687","13,688","27,375","54,749","82,124","109,498","136,872","164,247"
10-3,"137,818","13,781","13,782","27,564","55,128","82,691","110,255","137,818","165,382"
10-4,"138,769","13,876","13,877","27,754","55,508","83,262","111,016","138,769","166,523"
10-5,"139,727","13,972","13,973","27,946","55,891","83,837","111,782","139,727","167,673"
10-6,"140,693","14,069","14,070","28,139","56,278","84,416","112,555","140,693","168,832"
10-7,"141,663","14,166","14,167","28,333","56,666","84,998","113,331","141,663","169,996"
10-8,"142,642","14,264","14,265","28,529","57,057","85,586","114,114","142,642","171,171"
10-9,"143,627","14,362","14,363","28,726","57,451","86,177","114,902","143,627","172,353"
10-10,"144,618","14,461","14,462","28,924","57,848","86,771","115,695","144,618","173,542"
10-11,"145,616","14,561","14,562","29,124","58,247","87,370","116,493","145,616","174,740"
10-12,"146,621","14,662","14,663","29,325","58,649","87,973","117,297","146,621","175,946"
10-13,"147,633","14,763","14,764","29,527","59,054","88,580","118,107","147,633","177,160"
10-14,"148,652","14,865","14,866","29,731","59,461","89,192","118,922","148,652","178,383"
10-15,"149,679","14,967","14,968","29,936","59,872","89,808","119,744","149,679","179,615"
10-16,"151,241","15,124","15,125","30,249","60,497","90,745","120,993","151,241","181,490"
10-17,"154,948","15,494","15,495","30,990","61,980","92,969","123,959","154,948","185,938"
10-18,"158,861","15,886","15,887","31,773","63,545","95,317","127,089","158,861","190,634"
10-19,"162,825","16,282","16,283","32,565","65,130","97,695","130,260","162,825","195,390"
10-20,"166,840","16,683","16,684","33,368","66,736","100,104","133,472","166,840","200,208"
10-21,"170,915","17,091","17,092","34,183","68,366","102,549","136,732","170,915","205,098"
10-22,"175,055","17,505","17,506","35,011","70,022","105,033","140,044","175,055","210,066"
10-23,"179,247","17,924","17,925","35,850","71,699","107,549","143,398","179,247","215,097"
10-24,"183,493","18,349","18,350","36,699","73,398","110,096","146,795","183,493","220,192"
10-25,"187,794","18,779","18,780","37,559","75,118","112,677","150,236","187,794","225,353"
10-26,"192,155","19,215","19,216","38,431","76,862","115,293","153,724","192,155","230,586"
10-27,"196,579","19,657","19,658","39,316","78,632","117,948","157,264","196,579","235,895"
10-28,"201,067","20,106","20,107","40,214","80,427","120,641","160,854","201,067","241,281"
10-29,"205,612","20,561","20,562","41,123","82,245","123,368","164,490","205,612","246,735"
10-30,"210,215","21,021","21,022","42,043","84,086","126,129","168,172","210,215","252,258"
11-1,"210,374","21,037","21,038","42,075","84,150","126,225","168,300","210,374","252,449"
11-2,"210,534","21,053","21,054","42,107","84,214","126,321","168,428","210,534","252,641"
11-3,"210,693","21,069","21,070","42,139","84,278","126,416","168,555","210,693","252,832"
11-4,"210,853","21,085","21,086","42,171","84,342","126,512","168,683","210,853","253,024"
11-5,"211,012","21,101","21,102","42,203","84,405","126,608","168,810","211,012","253,215"
11-6,"211,171","21,117","21,118","42,235","84,469","126,703","168,937","211,171","253,406"
11-7,"211,331","21,133","21,134","42,267","84,533","126,799","169,065","211,331","253,598"
11-8,"211,490","21,148","21,149","42,298","84,596","126,894","169,192","211,490","253,788"
11-9,"211,650","21,164","21,165","42,330","84,660","126,990","169,320","211,650","253,980"
11-10,"211,809","21,180","21,181","42,362","84,724","127,086","169,448","211,809","254,171"
11-11,"211,969","21,196","21,197","42,394","84,788","127,182","169,576","211,969","254,363"
11-12,"212,128","21,212","21,213","42,426","84,852","127,277","169,703","212,128","254,554"
11-13,"212,287","21,228","21,229","42,458","84,915","127,373","169,830","212,287","254,745"
11-14,"212,447","21,244","21,245","42,490","84,979","127,469","169,958","212,447","254,937"
11-15,"212,607","21,260","21,261","42,522","85,043","127,565","170,086","212,607","255,129"
11-16,"212,767","21,276","21,277","42,554","85,107","127,661","170,214","212,767","255,321"
11-17,"212,927","21,292","21,293","42,586","85,171","127,757","170,342","212,927","255,513"
11-18,"213,088","21,308","21,309","42,618","85,236","127,853","170,471","213,088","255,706"
11-19,"213,248","21,324","21,325","42,650","85,300","127,949","170,599","213,248","255,898"
11-20,"213,408","21,340","21,341","42,682","85,364","128,045","170,727","213,408","256,090"
11-21,"213,568","21,356","21,357","42,714","85,428","128,141","170,855","213,568","256,282"
11-22,"213,729","21,372","21,373","42,746","85,492","128,238","170,984","213,729","256,475"
11-23,"213,889","21,388","21,389","42,778","85,556","128,334","171,112","213,889","256,667"
11-24,"214,049","21,404","21,405","42,810","85,620","128,430","171,240","214,049","256,859"
11-25,"214,210","21,420","21,421","42,842","85,684","128,526","171,368","214,210","257,052"
11-26,"214,370","21,436","21,437","42,874","85,748","128,622","171,496","214,370","257,244"
11-27,"214,530","21,452","21,453","42,906","85,812","128,718","171,624","214,530","257,436"
11-28,"214,691","21,469","21,470","42,939","85,877","128,815","171,753","214,691","257,630"
11-29,"214,851","21,485","21,486","42,971","85,941","128,911","171,881","214,851","257,822"
11-30,"215,012","21,501","21,502","43,003","86,005","129,008","172,010","215,012","258,015"
12-1,"215,173","21,517","21,518","43,035","86,070","129,104","172,139","215,173","258,208"
12-2,"215,334","21,533","21,534","43,067","86,134","129,201","172,268","215,334","258,401"
12-3,"215,496","21,549","21,550","43,100","86,199","129,298","172,397","215,496","258,596"
12-4,"215,657","21,565","21,566","43,132","86,263","129,395","172,526","215,657","258,789"
12-5,"215,818","21,581","21,582","43,164","86,328","129,491","172,655","215,818","258,982"
12-6,"215,980","21,597","21,598","43,196","86,392","129,588","172,784","215,980","259,176"
12-7,"216,141","21,614","21,615","43,229","86,457","129,685","172,913","216,141","259,370"
12-8,"216,302","21,630","21,631","43,261","86,521","129,782","173,042","216,302","259,563"
12-9,"216,463","21,646","21,647","43,293","86,586","129,878","173,171","216,463","259,756"
12-10,"216,625","21,662","21,663","43,325","86,650","129,975","173,300","216,625","259,950"
12-11,"216,786","21,678","21,679","43,358","86,715","130,072","173,429","216,786","260,144"
12-12,"216,947","21,694","21,695","43,390","86,779","130,169","173,558","216,947","260,337"
12-13,"217,108","21,710","21,711","43,422","86,844","130,265","173,687","217,108","260,530"
12-14,"217,270","21,726","21,727","43,454","86,908","130,362","173,816","217,270","260,724"
12-15,"217,433","21,743","21,744","43,487","86,974","130,460","173,947","217,433","260,920"
12-16,"217,595","21,759","21,760","43,519","87,038","130,557","174,076","217,595","261,114"
12-17,"217,758","21,775","21,776","43,552","87,104","130,655","174,207","217,758","261,310"
12-18,"217,921","21,792","21,793","43,585","87,169","130,753","174,337","217,921","261,506"
12-19,"218,083","21,808","21,809","43,617","87,234","130,850","174,467","218,083","261,700"
12-20,"218,246","21,824","21,825","43,650","87,299","130,948","174,597","218,246","261,896"
12-21,"218,409","21,840","21,841","43,682","87,364","131,046","174,728","218,409","262,091"
12-22,"218,572","21,857","21,858","43,715","87,429","131,144","174,858","218,572","262,287"
12-23,"218,734","21,873","21,874","43,747","87,494","131,241","174,988","218,734","262,481"
12-24,"218,897","21,889","21,890","43,780","87,559","131,339","175,118","218,897","262,677"
12-25,"219,060","21,905","21,906","43,812","87,624","131,436","175,248","219,060","262,872"
12-26,"219,222","21,922","21,923","43,845","87,689","131,534","175,378","219,222","263,067"
12-27,"219,385","21,938","21,939","43,877","87,754","131,631","175,508","219,385","263,262"
12-28,"219,548","21,954","21,955","43,910","87,820","131,729","175,639","219,548","263,458"
12-29,"219,711","21,971","21,972","43,943","87,885","131,827","175,769","219,711","263,654"
12-30,"219,875","21,987","21,988","43,975","87,950","131,925","175,900","219,875","263,850"
13-1,"220,038","22,003","22,004","44,008","88,016","132,023","176,031","220,038","264,046"
13-2,"220,202","22,020","22,021","44,041","88,081","132,122","176,162","220,202","264,243"
13-3,"220,365","22,036","22,037","44,073","88,146","132,219","176,292","220,365","264,438"
13-4,"220,529","22,052","22,053","44,106","88,212","132,318","176,424","220,529","264,635"
13-5,"220,693","22,069","22,070","44,139","88,278","132,416","176,555","220,693","264,832"
13-6,"220,856","22,085","22,086","44,172","88,343","132,514","176,685","220,856","265,028"
13-7,"221,020","22,101","22,102","44,204","88,408","132,612","176,816","221,020","265,224"
13-8,"221,183","22,118","22,119","44,237","88,474","132,710","176,947","221,183","265,420"
13-9,"221,347","22,134","22,135","44,270","88,539","132,809","177,078","221,347","265,617"
13-10,"221,510","22,150","22,151","44,302","88,604","132,906","177,208","221,510","265,812"
13-11,"221,674","22,167","22,168","44,335","88,670","133,005","177,340","221,674","266,009"
13-12,"221,838","22,183","22,184","44,368","88,736","133,103","177,471","221,838","266,206"
13-13,"222,001","22,200","22,201","44,401","88,801","133,201","177,601","222,001","266,402"
13-14,"222,166","22,216","22,217","44,434","88,867","133,300","177,733","222,166","266,600"
13-15,"222,330","22,232","22,233","44,466","88,932","133,398","177,864","222,330","266,796"
13-16,"222,495","22,249","22,250","44,499","88,998","133,497","177,996","222,495","266,994"
13-17,"222,660","22,265","22,266","44,532","89,064","133,596","178,128","222,660","267,192"
13-18,"222,824","22,282","22,283","44,565","89,130","133,695","178,260","222,824","267,389"
13-19,"222,989","22,298","22,299","44,598","89,196","133,794","178,392","222,989","267,587"
13-20,"223,154","22,315","22,316","44,631","89,262","133,893","178,524","223,154","267,785"
13-21,"223,318","22,331","22,332","44,664","89,328","133,991","178,655","223,318","267,982"
13-22,"223,483","22,348","22,349","44,697","89,394","134,090","178,787","223,483","268,180"
13-23,"223,647","22,364","22,365","44,730","89,459","134,189","178,918","223,647","268,377"
13-24,"223,812","22,381","22,382","44,763","89,525","134,288","179,050","223,812","268,575"
13-25,"223,977","22,397","22,398","44,796","89,591","134,387","179,182","223,977","268,773"
13-26,"224,141","22,414","22,415","44,829","89,657","134,485","179,313","224,141","268,970"
13-27,"224,306","22,430","22,431","44,862","89,723","134,584","179,445","224,306","269,168"
13-28,"224,471","22,447","22,448","44,895","89,789","134,683","179,577","224,471","269,366"
13-29,"224,637","22,463","22,464","44,928","89,855","134,783","179,710","224,637","269,565"
13-30,"224,803","22,480","22,481","44,961","89,922","134,882","179,843","224,803","269,764"
14-1,"224,969","22,496","22,497","44,994","89,988","134,982","179,976","224,969","269,963"
14-2,"225,135","22,513","22,514","45,027","90,054","135,081","180,108","225,135","270,162"
14-3,"225,301","22,530","22,531","45,061","90,121","135,181","180,241","225,301","270,362"
14-4,"225,467","22,546","22,547","45,094","90,187","135,281","180,374","225,467","270,561"
14-5,"225,633","22,563","22,564","45,127","90,254","135,380","180,507","225,633","270,760"
14-6,"225,800","22,579","22,580","45,160","90,320","135,480","180,640","225,800","270,960"
14-7,"225,966","22,596","22,597","45,194","90,387","135,580","180,773","225,966","271,160"
14-8,"226,132","22,613","22,614","45,227","90,453","135,680","180,906","226,132","271,359"
14-9,"226,298","22,629","22,630","45,260","90,520","135,779","181,039","226,298","271,558"
14-10,"226,464","22,646","22,647","45,293","90,586","135,879","181,172","226,464","271,757"
14-11,"226,630","22,662","22,663","45,326","90,652","135,978","181,304","226,630","271,956"
14-12,"226,796","22,679","22,680","45,360","90,719","136,078","181,437","226,796","272,156"
14-13,"226,963","22,696","22,697","45,393","90,786","136,178","181,571","226,963","272,356"
14-14,"227,130","22,712","22,713","45,426","90,852","136,278","181,704","227,130","272,556"
14-15,"227,297","22,729","22,730","45,460","90,919","136,379","181,838","227,297","272,757"
14-16,"227,463","22,746","22,747","45,493","90,986","136,478","181,971","227,463","272,956"
14-17,"227,630","22,762","22,763","45,526","91,052","136,578","182,104","227,630","273,156"
14-18,"227,797","22,779","22,780","45,560","91,119","136,679","182,238","227,797","273,357"
14-19,"227,964","22,796","22,797","45,593","91,186","136,779","182,372","227,964","273,557"
14-20,"228,131","22,813","22,814","45,627","91,253","136,879","182,505","228,131","273,758"
14-21,"228,298","22,829","22,830","45,660","91,320","136,979","182,639","228,298","273,958"
14-22,"228,465","22,846","22,847","45,693","91,386","137,079","182,772","228,465","274,158"
14-23,"228,632","22,863","22,864","45,727","91,453","137,180","182,906","228,632","274,359"
14-24,"228,799","22,879","22,880","45,760","91,520","137,280","183,040","228,799","274,559"
14-25,"228,966","22,896","22,897","45,794","91,587","137,380","183,173","228,966","274,760"
14-26,"229,133","22,913","22,914","45,827","91,654","137,480","183,307","229,133","274,960"
14-27,"229,300","22,929","22,930","45,860","91,720","137,580","183,440","229,300","275,160"
14-28,"229,468","22,946","22,947","45,894","91,788","137,681","183,575","229,468","275,362"
14-29,"229,636","22,963","22,964","45,928","91,855","137,782","183,709","229,636","275,564"
14-30,"229,803","22,980","22,981","45,961","91,922","137,882","183,843","229,803","275,764"
15-1,"229,971","22,997","22,998","45,995","91,989","137,983","183,977","229,971","275,966"
15-2,"230,139","23,013","23,014","46,028","92,056","138,084","184,112","230,139","276,167"
15-3,"230,307","23,030","23,031","46,062","92,123","138,185","184,246","230,307","276,369"
15-4,"230,474","23,047","23,048","46,095","92,190","138,285","184,380","230,474","276,569"
15-5,"230,642","23,064","23,065","46,129","92,257","138,386","184,514","230,642","276,771"
15-6,"230,810","23,080","23,081","46,162","92,324","138,486","184,648","230,810","276,972"
15-7,"230,978","23,097","23,098","46,196","92,392","138,587","184,783","230,978","277,174"
15-8,"231,146","23,114","23,115","46,230","92,459","138,688","184,917","231,146","277,376"
15-9,"231,313","23,131","23,132","46,263","92,526","138,788","185,051","231,313","277,576"
15-10,"231,481","23,148","23,149","46,297","92,593","138,889","185,185","231,481","277,778"
15-11,"231,649","23,164","23,165","46,330","92,660","138,990","185,320","231,649","277,979"
15-12,"231,817","23,181","23,182","46,364","92,727","139,091","185,454","231,817","278,181"
15-13,"231,987","23,198","23,199","46,398","92,795","139,193","185,590","231,987","278,385"
15-14,"232,156","23,215","23,216","46,432","92,863","139,294","185,725","232,156","278,588"
15-15,"232,325","23,232","23,233","46,465","92,930","139,395","185,860","232,325","278,790"
15-16,"232,494","23,249","23,250","46,499","92,998","139,497","185,996","232,494","278,993"
15-17,"232,663","23,266","23,267","46,533","93,066","139,598","186,131","232,663","279,196"
15-18,"232,832","23,283","23,284","46,567","93,133","139,700","186,266","232,832","279,399"
15-19,"233,001","23,300","23,301","46,601","93,201","139,801","186,401","233,001","279,602"
15-20,"233,170","23,316","23,317","46,634","93,268","139,902","186,536","233,170","279,804"
15-21,"233,340","23,333","23,334","46,668","93,336","140,004","186,672","233,340","280,008"
15-22,"233,509","23,350","23,351","46,702","93,404","140,106","186,808","233,509","280,211"
15-23,"233,678","23,367","23,368","46,736","93,472","140,207","186,943","233,678","280,414"
15-24,"233,847","23,384","23,385","46,770","93,539","140,309","187,078","233,847","280,617"
15-25,"234,016","23,401","23,402","46,804","93,607","140,410","187,213","234,016","280,820"
15-26,"234,185","23,418","23,419","46,837","93,674","140,511","187,348","234,185","281,022"
15-27,"234,356","23,435","23,436","46,872","93,743","140,614","187,485","234,356","281,228"
15-28,"234,526","23,452","23,453","46,906","93,811","140,716","187,621","234,526","281,432"
15-29,"234,696","23,469","23,470","46,940","93,879","140,818","187,757","234,696","281,636"
15-30,"234,866","23,486","23,487","46,974","93,947","140,920","187,893","234,866","281,840"
16-1,"235,037","23,503","23,504","47,008","94,015","141,023","188,030","235,037","282,045"
16-2,"235,207","23,520","23,521","47,042","94,083","141,125","188,166","235,207","282,249"
16-3,"235,377","23,537","23,538","47,076","94,151","141,227","188,302","235,377","282,453"
16-4,"235,548","23,554","23,555","47,110","94,220","141,329","188,439","235,548","282,658"
16-5,"235,718","23,571","23,572","47,144","94,288","141,431","188,575","235,718","282,862"
16-6,"235,888","23,588","23,589","47,178","94,356","141,533","188,711","235,888","283,066"
16-7,"236,059","23,605","23,606","47,212","94,424","141,636","188,848","236,059","283,271"
16-8,"236,229","23,622","23,623","47,246","94,492","141,738","188,984","236,229","283,475"
16-9,"236,399","23,639","23,640","47,280","94,560","141,840","189,120","236,399","283,679"
16-10,"236,570","23,656","23,657","47,314","94,628","141,942","189,256","236,570","283,884"
16-11,"236,740","23,673","23,674","47,348","94,696","142,044","189,392","236,740","284,088"
16-12,"236,911","23,691","23,692","47,383","94,765","142,147","189,529","236,911","284,294"
16-13,"237,083","23,708","23,709","47,417","94,834","142,250","189,667","237,083","284,500"
16-14,"237,254","23,725","23,726","47,451","94,902","142,353","189,804","237,254","284,705"
16-15,"237,425","23,742","23,743","47,485","94,970","142,455","189,940","237,425","284,910"
16-16,"237,596","23,759","23,760","47,520","95,039","142,558","190,077","237,596","285,116"
16-17,"237,767","23,776","23,777","47,554","95,107","142,661","190,214","237,767","285,321"
16-18,"237,939","23,793","23,794","47,588","95,176","142,764","190,352","237,939","285,527"
16-19,"238,110","23,810","23,811","47,622","95,244","142,866","190,488","238,110","285,732"
16-20,"238,281","23,828","23,829","47,657","95,313","142,969","190,625","238,281","285,938"
16-21,"238,452","23,845","23,846","47,691","95,381","143,072","190,762","238,452","286,143"
16-22,"238,623","23,862","23,863","47,725","95,450","143,174","190,899","238,623","286,348"
16-23,"238,794","23,879","23,880","47,759","95,518","143,277","191,036","238,794","286,553"
16-24,"238,966","23,896","23,897","47,794","95,587","143,380","191,173","238,966","286,760"
16-25,"239,137","23,913","23,914","47,828","95,655","143,483","191,310","239,137","286,965"
16-26,"239,309","23,930","23,931","47,862","95,724","143,586","191,448","239,309","287,171"
16-27,"239,482","23,948","23,949","47,897","95,793","143,690","191,586","239,482","287,379"
16-28,"239,655","23,965","23,966","47,931","95,862","143,793","191,724","239,655","287,586"
16-29,"239,827","23,982","23,983","47,966","95,931","143,897","191,862","239,827","287,793"
16-30,"240,000","23,999","24,000","48,000","96,000","144,000","192,000","240,000","288,000"
17-1,"243,118","24,311","24,312","48,624","97,248","145,871","194,495","243,118","291,742"
17-2,"246,257","24,625","24,626","49,252","98,503","147,755","197,006","246,257","295,509"
17-3,"249,426","24,942","24,943","49,886","99,771","149,656","199,541","249,426","299,312"
17-4,"252,622","25,262","25,263","50,525","101,049","151,574","202,098","252,622","303,147"
17-5,"255,840","25,583","25,584","51,168","102,336","153,504","204,672","255,840","307,008"
17-6,"259,085","25,908","25,909","51,817","103,634","155,451","207,268","259,085","310,902"
17-7,"262,352","26,235","26,236","52,471","104,941","157,412","209,882","262,352","314,823"
17-8,"265,650","26,564","26,565","53,130","106,260","159,390","212,520","265,650","318,780"
17-9,"268,977","26,897","26,898","53,796","107,591","161,387","215,182","268,977","322,773"
17-10,"272,327","27,232","27,233","54,466","108,931","163,397","217,862","272,327","326,793"
17-11,"275,707","27,570","27,571","55,142","110,283","165,425","220,566","275,707","330,849"
17-12,"279,114","27,911","27,912","55,823","111,646","167,469","223,292","279,114","334,937"
17-13,"282,549","28,254","28,255","56,510","113,020","169,530","226,040","282,549","339,059"
17-14,"286,012","28,601","28,602","57,203","114,405","171,608","228,810","286,012","343,215"
17-15,"289,499","28,949","28,950","57,900","115,800","173,700","231,600","289,499","347,399"
17-16,"293,018","29,301","29,302","58,604","117,208","175,811","234,415","293,018","351,622"
17-17,"296,565","29,656","29,657","59,313","118,626","177,939","237,252","296,565","355,878"
17-18,"300,140","30,013","30,014","60,028","120,056","180,084","240,112","300,140","360,168"
17-19,"303,744","30,374","30,375","60,749","121,498","182,247","242,996","303,744","364,493"
17-20,"307,373","30,737","30,738","61,475","122,950","184,424","245,899","307,373","368,848"
17-21,"311,041","31,104","31,105","62,209","124,417","186,625","248,833","311,041","373,250"
17-22,"314,730","31,472","31,473","62,946","125,892","188,838","251,784","314,730","377,676"
17-23,"318,450","31,844","31,845","63,690","127,380","191,070","254,760","318,450","382,140"
17-24,"322,201","32,220","32,221","64,441","128,881","193,321","257,761","322,201","386,642"
17-25,"325,979","32,597","32,598","65,196","130,392","195,588","260,784","325,979","391,175"
17-26,"329,796","32,979","32,980","65,960","131,919","197,878","263,837","329,796","395,756"
17-27,"333,634","33,363","33,364","66,727","133,454","200,181","266,908","333,634","400,361"
17-28,"337,507","33,750","33,751","67,502","135,003","202,505","270,006","337,507","405,009"
17-29,"341,411","34,141","34,142","68,283","136,565","204,847","273,129","341,411","409,694"
17-30,"345,343","34,534","34,535","69,069","138,138","207,206","276,275","345,343","414,412"
18-1,"349,310","34,930","34,931","69,862","139,724","209,586","279,448","349,310","419,172"
18-2,"353,303","35,330","35,331","70,661","141,322","211,982","282,643","353,303","423,964"
18-3,"357,329","35,732","35,733","71,466","142,932","214,398","285,864","357,329","428,795"
18-4,"360,728","36,072","36,073","72,146","144,292","216,437","288,583","360,728","432,874"
18-5,"362,665","36,266","36,267","72,533","145,066","217,599","290,132","362,665","435,198"
18-6,"363,228","36,322","36,323","72,646","145,292","217,937","290,583","363,228","435,874"
18-7,"363,791","36,379","36,380","72,759","145,517","218,275","291,033","363,791","436,550"
18-8,"364,357","36,435","36,436","72,872","145,743","218,615","291,486","364,357","437,229"
18-9,"364,926","36,492","36,493","72,986","145,971","218,956","291,941","364,926","437,912"
18-10,"365,495","36,549","36,550","73,099","146,198","219,297","292,396","365,495","438,594"
18-11,"366,064","36,606","36,607","73,213","146,426","219,639","292,852","366,064","439,277"
18-12,"366,633","36,663","36,664","73,327","146,654","219,980","293,307","366,633","439,960"
18-13,"367,203","36,720","36,721","73,441","146,882","220,322","293,763","367,203","440,644"
18-14,"367,773","36,777","36,778","73,555","147,110","220,664","294,219","367,773","441,328"
18-15,"368,342","36,834","36,835","73,669","147,337","221,006","294,674","368,342","442,011"
18-16,"368,912","36,891","36,892","73,783","147,565","221,348","295,130","368,912","442,695"
18-17,"369,481","36,948","36,949","73,897","147,793","221,689","295,585","369,481","443,378"
18-18,"370,051","37,005","37,006","74,011","148,021","222,031","296,041","370,051","444,062"
18-19,"370,621","37,062","37,063","74,125","148,249","222,373","296,497","370,621","444,746"
18-20,"371,193","37,119","37,120","74,239","148,478","222,716","296,955","371,193","445,432"
18-21,"371,770","37,176","37,177","74,354","148,708","223,062","297,416","371,770","446,124"
18-22,"372,347","37,234","37,235","74,470","148,939","223,409","297,878","372,347","446,817"
18-23,"372,925","37,292","37,293","74,585","149,170","223,755","298,340","372,925","447,510"
18-24,"373,503","37,350","37,351","74,701","149,402","224,102","298,803","373,503","448,204"
18-25,"374,080","37,407","37,408","74,816","149,632","224,448","299,264","374,080","448,896"
18-26,"374,659","37,465","37,466","74,932","149,864","224,796","299,728","374,659","449,591"
18-27,"375,237","37,523","37,524","75,048","150,095","225,143","300,190","375,237","450,285"
18-28,"375,815","37,581","37,582","75,163","150,326","225,489","300,652","375,815","450,978"
18-29,"376,392","37,639","37,640","75,279","150,557","225,836","301,114","376,392","451,671"
18-30,"376,970","37,696","37,697","75,394","150,788","226,182","301,576","376,970","452,364"
19-1,"377,548","37,754","37,755","75,510","151,020","226,529","302,039","377,548","453,058"
19-2,"378,127","37,812","37,813","75,626","151,251","226,877","302,502","378,127","453,753"
19-3,"378,711","37,871","37,872","75,743","151,485","227,227","302,969","378,711","454,454"
19-4,"379,296","37,929","37,930","75,860","151,719","227,578","303,437","379,296","455,156"
19-5,"379,882","37,988","37,989","75,977","151,953","227,930","303,906","379,882","455,859"
19-6,"380,468","38,046","38,047","76,094","152,188","228,281","304,375","380,468","456,562"
19-7,"381,053","38,105","38,106","76,211","152,422","228,632","304,843","381,053","457,264"
19-8,"381,639","38,163","38,164","76,328","152,656","228,984","305,312","381,639","457,967"
19-9,"382,224","38,222","38,223","76,445","152,890","229,335","305,780","382,224","458,669"
19-10,"382,809","38,280","38,281","76,562","153,124","229,686","306,248","382,809","459,371"
19-11,"383,395","38,339","38,340","76,679","153,358","230,037","306,716","383,395","460,074"
19-12,"383,980","38,397","38,398","76,796","153,592","230,388","307,184","383,980","460,776"
19-13,"384,566","38,456","38,457","76,914","153,827","230,740","307,653","384,566","461,480"
19-14,"385,154","38,515","38,516","77,031","154,062","231,093","308,124","385,154","462,185"
19-15,"385,743","38,574","38,575","77,149","154,298","231,446","308,595","385,743","462,892"
19-16,"386,335","38,633","38,634","77,267","154,534","231,801","309,068","386,335","463,602"
19-17,"386,928","38,692","38,693","77,386","154,772","232,157","309,543","386,928","464,314"
19-18,"387,521","38,752","38,753","77,505","155,009","232,513","310,017","387,521","465,026"
19-19,"388,115","38,811","38,812","77,623","155,246","232,869","310,492","388,115","465,738"
19-20,"388,708","38,870","38,871","77,742","155,484","233,225","310,967","388,708","466,450"
19-21,"389,300","38,929","38,930","77,860","155,720","233,580","311,440","389,300","467,160"
19-22,"389,893","38,989","38,990","77,979","155,958","233,936","311,915","389,893","467,872"
19-23,"390,487","39,048","39,049","78,098","156,195","234,293","312,390","390,487","468,585"
19-24,"391,080","39,107","39,108","78,216","156,432","234,648","312,864","391,080","469,296"
19-25,"391,672","39,167","39,168","78,335","156,669","235,004","313,338","391,672","470,007"
19-26,"392,266","39,226","39,227","78,454","156,907","235,360","313,813","392,266","470,720"
19-27,"392,863","39,286","39,287","78,573","157,146","235,718","314,291","392,863","471,436"
19-28,"393,463","39,346","39,347","78,693","157,386","236,078","314,771","393,463","472,156"
19-29,"394,064","39,406","39,407","78,813","157,626","236,439","315,252","394,064","472,877"
19-30,"394,665","39,466","39,467","78,933","157,866","236,799","315,732","394,665","473,598"
20-1,"395,267","39,526","39,527","79,054","158,107","237,161","316,214","395,267","474,321"
20-2,"395,868","39,586","39,587","79,174","158,348","237,521","316,695","395,868","475,042"
20-3,"396,469","39,646","39,647","79,294","158,588","237,882","317,176","396,469","475,763"
20-4,"397,070","39,706","39,707","79,414","158,828","238,242","317,656","397,070","476,484"
20-5,"397,671","39,767","39,768","79,535","159,069","238,603","318,137","397,671","477,206"
20-6,"398,271","39,827","39,828","79,655","159,309","238,963","318,617","398,271","477,926"
20-7,"398,873","39,887","39,888","79,775","159,550","239,324","319,099","398,873","478,648"
20-8,"399,475","39,947","39,948","79,895","159,790","239,685","319,580","399,475","479,370"
20-9,"400,079","40,007","40,008","80,016","160,032","240,048","320,064","400,079","480,095"
20-10,"400,686","40,068","40,069","80,138","160,275","240,412","320,549","400,686","480,824"
20-11,"401,294","40,129","40,130","80,259","160,518","240,777","321,036","401,294","481,553"
20-12,"401,904","40,190","40,191","80,381","160,762","241,143","321,524","401,904","482,285"
20-13,"402,512","40,251","40,252","80,503","161,005","241,508","322,010","402,512","483,015"
20-14,"403,121","40,312","40,313","80,625","161,249","241,873","322,497","403,121","483,746"
20-15,"403,731","40,373","40,374","80,747","161,493","242,239","322,985","403,731","484,478"
20-16,"404,340","40,433","40,434","80,868","161,736","242,604","323,472","404,340","485,208"
20-17,"404,949","40,494","40,495","80,990","161,980","242,970","323,960","404,949","485,939"
20-18,"405,558","40,555","40,556","81,112","162,224","243,335","324,447","405,558","486,670"
20-19,"406,168","40,616","40,617","81,234","162,468","243,701","324,935","406,168","487,402"
20-20,"406,778","40,677","40,678","81,356","162,712","244,067","325,423","406,778","488,134"
20-21,"407,387","40,738","40,739","81,478","162,955","244,433","325,910","407,387","488,865"
20-22,"408,002","40,800","40,801","81,601","163,201","244,802","326,402","408,002","489,603"
20-23,"408,619","40,861","40,862","81,724","163,448","245,172","326,896","408,619","490,343"
20-24,"409,237","40,923","40,924","81,848","163,695","245,543","327,390","409,237","491,085"
20-25,"409,855","40,985","40,986","81,971","163,942","245,913","327,884","409,855","491,826"
20-26,"410,471","41,047","41,048","82,095","164,189","246,283","328,377","410,471","492,566"
20-27,"411,089","41,108","41,109","82,218","164,436","246,654","328,872","411,089","493,307"
20-28,"411,707","41,170","41,171","82,342","164,683","247,025","329,366","411,707","494,049"
20-29,"412,324","41,232","41,233","82,465","164,930","247,395","329,860","412,324","494,789"
20-30,"412,941","41,294","41,295","82,589","165,177","247,765","330,353","412,941","495,530"
21-1,"413,559","41,355","41,356","82,712","165,424","248,136","330,848","413,559","496,271"
21-2,"414,176","41,417","41,418","82,836","165,671","248,506","331,341","414,176","497,012"
21-3,"414,796","41,479","41,480","82,960","165,919","248,878","331,837","414,796","497,756"
21-4,"415,418","41,541","41,542","83,084","166,168","249,251","332,335","415,418","498,502"
21-5,"416,042","41,604","41,605","83,209","166,417","249,626","332,834","416,042","499,251"
21-6,"416,667","41,666","41,667","83,334","166,667","250,001","333,334","416,667","500,001"
21-7,"417,292","41,729","41,730","83,459","166,917","250,376","333,834","417,292","500,751"
21-8,"417,917","41,791","41,792","83,584","167,167","250,751","334,334","417,917","501,501"
21-9,"418,543","41,854","41,855","83,709","167,418","251,126","334,835","418,543","502,252"
21-10,"419,168","41,916","41,917","83,834","167,668","251,501","335,335","419,168","503,002"
21-11,"419,793","41,979","41,980","83,959","167,918","251,876","335,835","419,793","503,752"
21-12,"420,419","42,041","42,042","84,084","168,168","252,252","336,336","420,419","504,503"
21-13,"421,044","42,104","42,105","84,209","168,418","252,627","336,836","421,044","505,253"
21-14,"421,669","42,166","42,167","84,334","168,668","253,002","337,336","421,669","506,003"
21-15,"422,296","42,229","42,230","84,460","168,919","253,378","337,837","422,296","506,756"
21-16,"422,925","42,292","42,293","84,585","169,170","253,755","338,340","422,925","507,510"
21-17,"423,558","42,355","42,356","84,712","169,424","254,135","338,847","423,558","508,270"
21-18,"424,191","42,419","42,420","84,839","169,677","254,515","339,353","424,191","509,030"
21-19,"424,826","42,482","42,483","84,966","169,931","254,896","339,861","424,826","509,792"
21-20,"425,460","42,545","42,546","85,092","170,184","255,276","340,368","425,460","510,552"
21-21,"426,093","42,609","42,610","85,219","170,438","255,656","340,875","426,093","511,312"
21-22,"426,728","42,672","42,673","85,346","170,692","256,037","341,383","426,728","512,074"
21-23,"427,362","42,736","42,737","85,473","170,945","256,418","341,890","427,362","512,835"
21-24,"427,995","42,799","42,800","85,599","171,198","256,797","342,396","427,995","513,594"
21-25,"428,629","42,862","42,863","85,726","171,452","257,178","342,904","428,629","514,355"
21-26,"429,263","42,926","42,927","85,853","171,706","257,558","343,411","429,263","515,116"
21-27,"429,897","42,989","42,990","85,980","171,959","257,939","343,918","429,897","515,877"
21-28,"430,534","43,053","43,054","86,107","172,214","258,321","344,428","430,534","516,641"
21-29,"431,174","43,117","43,118","86,235","172,470","258,705","344,940","431,174","517,409"
21-30,"431,816","43,181","43,182","86,364","172,727","259,090","345,453","431,816","518,180"
22-1,"432,458","43,245","43,246","86,492","172,984","259,475","345,967","432,458","518,950"
22-2,"433,100","43,309","43,310","86,620","173,240","259,860","346,480","433,100","519,720"
22-3,"433,742","43,374","43,375","86,749","173,497","260,246","346,994","433,742","520,491"
22-4,"434,384","43,438","43,439","86,877","173,754","260,631","347,508","434,384","521,261"
22-5,"435,026","43,502","43,503","87,006","174,011","261,016","348,021","435,026","522,032"
22-6,"435,668","43,566","43,567","87,134","174,268","261,401","348,535","435,668","522,802"
22-7,"436,310","43,630","43,631","87,262","174,524","261,786","349,048","436,310","523,572"
22-8,"436,952","43,695","43,696","87,391","174,781","262,172","349,562","436,952","524,343"
22-9,"437,595","43,759","43,760","87,519","175,038","262,557","350,076","437,595","525,114"
22-10,"438,239","43,823","43,824","87,648","175,296","262,944","350,592","438,239","525,887"
22-11,"438,887","43,888","43,889","87,778","175,555","263,333","351,110","438,887","526,665"
22-12,"439,537","43,953","43,954","87,908","175,815","263,723","351,630","439,537","527,445"
22-13,"440,187","44,018","44,019","88,038","176,075","264,113","352,150","440,187","528,225"
22-14,"440,838","44,083","44,084","88,168","176,336","264,503","352,671","440,838","529,006"
22-15,"441,489","44,148","44,149","88,298","176,596","264,894","353,192","441,489","529,787"
22-16,"442,139","44,213","44,214","88,428","176,856","265,284","353,712","442,139","530,567"
22-17,"442,790","44,278","44,279","88,558","177,116","265,674","354,232","442,790","531,348"
22-18,"443,441","44,344","44,345","88,689","177,377","266,065","354,753","443,441","532,130"
22-19,"444,091","44,409","44,410","88,819","177,637","266,455","355,273","444,091","532,910"
22-20,"444,742","44,474","44,475","88,949","177,897","266,846","355,794","444,742","533,691"
22-21,"445,392","44,539","44,540","89,079","178,157","267,236","356,314","445,392","534,471"
22-22,"446,045","44,604","44,605","89,209","178,418","267,627","356,836","446,045","535,254"
22-23,"446,701","44,670","44,671","89,341","178,681","268,021","357,361","446,701","536,042"
22-24,"447,359","44,735","44,736","89,472","178,944","268,416","357,888","447,359","536,831"
22-25,"448,018","44,801","44,802","89,604","179,208","268,811","358,415","448,018","537,622"
22-26,"448,677","44,867","44,868","89,736","179,471","269,207","358,942","448,677","538,413"
22-27,"449,336","44,933","44,934","89,868","179,735","269,602","359,469","449,336","539,204"
22-28,"449,996","44,999","45,000","90,000","179,999","269,998","359,997","449,996","539,996"
22-29,"450,654","45,065","45,066","90,131","180,262","270,393","360,524","450,654","540,785"
22-30,"451,315","45,131","45,132","90,263","180,526","270,789","361,052","451,315","541,578"
23-1,"451,973","45,197","45,198","90,395","180,790","271,184","361,579","451,973","542,368"
23-2,"452,631","45,263","45,264","90,527","181,053","271,579","362,105","452,631","543,158"
23-3,"453,291","45,329","45,330","90,659","181,317","271,975","362,633","453,291","543,950"
23-4,"453,951","45,395","45,396","90,791","181,581","272,371","363,161","453,951","544,742"
23-5,"454,615","45,461","45,462","90,923","181,846","272,769","363,692","454,615","545,538"
23-6,"455,282","45,528","45,529","91,057","182,113","273,170","364,226","455,282","546,339"
23-7,"455,949","45,594","45,595","91,190","182,380","273,570","364,760","455,949","547,139"
23-8,"456,616","45,661","45,662","91,324","182,647","273,970","365,293","456,616","547,940"
23-9,"457,283","45,728","45,729","91,457","182,914","274,370","365,827","457,283","548,740"
23-10,"457,952","45,795","45,796","91,591","183,181","274,772","366,362","457,952","549,543"
23-11,"458,619","45,861","45,862","91,724","183,448","275,172","366,896","458,619","550,343"
23-12,"459,287","45,928","45,929","91,858","183,715","275,573","367,430","459,287","551,145"
23-13,"459,955","45,995","45,996","91,991","183,982","275,973","367,964","459,955","551,946"
23-14,"460,623","46,062","46,063","92,125","184,250","276,374","368,499","460,623","552,748"
23-15,"461,290","46,128","46,129","92,258","184,516","276,774","369,032","461,290","553,548"
23-16,"461,958","46,195","46,196","92,392","184,784","277,175","369,567","461,958","554,350"
23-17,"462,629","46,262","46,263","92,526","185,052","277,578","370,104","462,629","555,155"
23-18,"463,305","46,330","46,331","92,661","185,322","277,983","370,644","463,305","555,966"
23-19,"463,981","46,398","46,399","92,797","185,593","278,389","371,185","463,981","556,778"
23-20,"464,657","46,465","46,466","92,932","185,863","278,795","371,726","464,657","557,589"
23-21,"465,373","46,537","46,538","93,075","186,150","279,224","372,299","465,373","558,448"
23-22,"466,731","46,673","46,674","93,347","186,693","280,039","373,385","466,731","560,078"
23-23,"470,033","47,003","47,004","94,007","188,014","282,020","376,027","470,033","564,040"
23-24,"475,085","47,508","47,509","95,017","190,034","285,051","380,068","475,085","570,102"
23-25,"480,397","48,039","48,040","96,080","192,159","288,239","384,318","480,397","576,477"
23-26,"485,056","48,505","48,506","97,012","194,023","291,034","388,045","485,056","582,068"
23-27,"488,056","48,805","48,806","97,612","195,223","292,834","390,445","488,056","585,668"
23-28,"489,574","48,957","48,958","97,915","195,830","293,745","391,660","489,574","587,489"
23-29,"490,802","49,080","49,081","98,161","196,321","294,482","392,642","490,802","588,963"
23-30,"492,011","49,201","49,202","98,403","196,805","295,207","393,609","492,011","590,414"
24-1,"493,222","49,322","49,323","98,645","197,289","295,934","394,578","493,222","591,867"
24-2,"494,434","49,443","49,444","98,887","197,774","296,661","395,548","494,434","593,321"
24-3,"495,649","49,564","49,565","99,130","198,260","297,390","396,520","495,649","594,779"
24-4,"496,867","49,686","49,687","99,374","198,747","298,121","397,494","496,867","596,241"
24-5,"498,086","49,808","49,809","99,618","199,235","298,852","398,469","498,086","597,704"
24-6,"499,307","49,930","49,931","99,862","199,723","299,585","399,446","499,307","599,169"
24-7,"500,531","50,053","50,054","100,107","200,213","300,319","400,425","500,531","600,638"
24-8,"501,756","50,175","50,176","100,352","200,703","301,054","401,405","501,756","602,108"
24-9,"502,983","50,298","50,299","100,597","201,194","301,790","402,387","502,983","603,580"
24-10,"504,213","50,421","50,422","100,843","201,686","302,528","403,371","504,213","605,056"
24-11,"505,444","50,544","50,545","101,089","202,178","303,267","404,356","505,444","606,533"
24-12,"506,676","50,667","50,668","101,336","202,671","304,006","405,341","506,676","608,012"
24-13,"507,912","50,791","50,792","101,583","203,165","304,748","406,330","507,912","609,495"
24-14,"509,150","50,914","50,915","101,830","203,660","305,490","407,320","509,150","610,980"
24-15,"510,388","51,038","51,039","102,078","204,156","306,233","408,311","510,388","612,466"
24-16,"511,630","51,162","51,163","102,326","204,652","306,978","409,304","511,630","613,956"
24-17,"512,874","51,287","51,288","102,575","205,150","307,725","410,300","512,874","615,449"
24-18,"514,118","51,411","51,412","102,824","205,648","308,471","411,295","514,118","616,942"
24-19,"515,364","51,536","51,537","103,073","206,146","309,219","412,292","515,364","618,437"
24-20,"516,614","51,661","51,662","103,323","206,646","309,969","413,292","516,614","619,937"
24-21,"518,002","51,800","51,801","103,601","207,201","310,802","414,402","518,002","621,603"
24-22,"519,461","51,946","51,947","103,893","207,785","311,677","415,569","519,461","623,354"
24-23,"520,923","52,092","52,093","104,185","208,370","312,554","416,739","520,923","625,108"
24-24,"523,097","52,309","52,310","104,620","209,239","313,859","418,478","523,097","627,717"
24-25,"525,631","52,563","52,564","105,127","210,253","315,379","420,505","525,631","630,758"
24-26,"528,176","52,817","52,818","105,636","211,271","316,906","422,541","528,176","633,812"
24-27,"530,726","53,072","53,073","106,146","212,291","318,436","424,581","530,726","636,872"
24-28,"533,281","53,328","53,329","106,657","213,313","319,969","426,625","533,281","639,938"
24-29,"535,846","53,584","53,585","107,170","214,339","321,508","428,677","535,846","643,016"
24-30,"538,420","53,841","53,842","107,684","215,368","323,052","430,736","538,420","646,104"
25-1,"541,001","54,100","54,101","108,201","216,401","324,601","432,801","541,001","649,202"
25-2,"543,589","54,358","54,359","108,718","217,436","326,154","434,872","543,589","652,307"
25-3,"546,186","54,618","54,619","109,238","218,475","327,712","436,949","546,186","655,424"
25-4,"548,789","54,878","54,879","109,758","219,516","329,274","439,032","548,789","658,547"
25-5,"551,398","55,139","55,140","110,280","220,560","330,839","441,119","551,398","661,678"
25-6,"554,018","55,401","55,402","110,804","221,608","332,411","443,215","554,018","664,822"
25-7,"556,643","55,664","55,665","111,329","222,658","333,986","445,315","556,643","667,972"
25-8,"559,277","55,927","55,928","111,856","223,711","335,567","447,422","559,277","671,133"
25-9,"561,916","56,191","56,192","112,384","224,767","337,150","449,533","561,916","674,300"
25-10,"564,562","56,456","56,457","112,913","225,825","338,738","451,650","564,562","677,475"
25-11,"567,217","56,721","56,722","113,444","226,887","340,331","453,774","567,217","680,661"
25-12,"569,878","56,987","56,988","113,976","227,952","341,927","455,903","569,878","683,854"
25-13,"572,548","57,254","57,255","114,510","229,020","343,529","458,039","572,548","687,058"
25-14,"575,224","57,522","57,523","115,045","230,090","345,135","460,180","575,224","690,269"
25-15,"577,906","57,790","57,791","115,582","231,163","346,744","462,325","577,906","693,488"
25-16,"580,596","58,059","58,060","116,120","232,239","348,358","464,477","580,596","696,716"
25-17,"583,294","58,329","58,330","116,659","233,318","349,977","466,636","583,294","699,953"
25-18,"585,998","58,599","58,600","117,200","234,400","351,599","468,799","585,998","703,198"
25-19,"588,708","58,870","58,871","117,742","235,484","353,225","470,967","588,708","706,450"
25-20,"591,426","59,142","59,143","118,286","236,571","354,856","473,141","591,426","709,712"
25-21,"594,150","59,414","59,415","118,830","237,660","356,490","475,320","594,150","712,980"
25-22,"596,908","59,690","59,691","119,382","238,764","358,145","477,527","596,908","716,290"
25-23,"600,040","60,003","60,004","120,008","240,016","360,024","480,032","600,040","720,048"
25-24,"603,846","60,384","60,385","120,770","241,539","362,308","483,077","603,846","724,616"
25-25,"607,840","60,783","60,784","121,568","243,136","364,704","486,272","607,840","729,408"
25-26,"611,858","61,185","61,186","122,372","244,744","367,115","489,487","611,858","734,230"
25-27,"615,899","61,589","61,590","123,180","246,360","369,540","492,720","615,899","739,079"
25-28,"619,959","61,995","61,996","123,992","247,984","371,976","495,968","619,959","743,951"
25-29,"624,036","62,403","62,404","124,808","249,615","374,422","499,229","624,036","748,844"
25-30,"628,137","62,813","62,814","125,628","251,255","376,883","502,510","628,137","753,765"
26-1,"632,256","63,225","63,226","126,452","252,903","379,354","505,805","632,256","758,708"
26-2,"636,397","63,639","63,640","127,280","254,559","381,839","509,118","636,397","763,677"
26-3,"640,557","64,055","64,056","128,112","256,223","384,335","512,446","640,557","768,669"
26-4,"644,738","64,473","64,474","128,948","257,896","386,843","515,791","644,738","773,686"
26-5,"648,941","64,894","64,895","129,789","259,577","389,365","519,153","648,941","778,730"
26-6,"653,160","65,315","65,316","130,632","261,264","391,896","522,528","653,160","783,792"
26-7,"657,399","65,739","65,740","131,480","262,960","394,440","525,920","657,399","788,879"
26-8,"661,662","66,166","66,167","132,333","264,665","396,998","529,330","661,662","793,995"
26-9,"665,945","66,594","66,595","133,189","266,378","399,567","532,756","665,945","799,134"
26-10,"670,248","67,024","67,025","134,050","268,100","402,149","536,199","670,248","804,298"
26-11,"674,569","67,456","67,457","134,914","269,828","404,742","539,656","674,569","809,483"
26-12,"678,912","67,891","67,892","135,783","271,565","407,348","543,130","678,912","814,695"
26-13,"683,274","68,327","68,328","136,655","273,310","409,965","546,620","683,274","819,929"
26-14,"687,658","68,765","68,766","137,532","275,064","412,595","550,127","687,658","825,190"
26-15,"692,062","69,206","69,207","138,413","276,825","415,238","553,650","692,062","830,475"
26-16,"696,483","69,648","69,649","139,297","278,594","417,890","557,187","696,483","835,780"
26-17,"700,927","70,092","70,093","140,186","280,371","420,557","560,742","700,927","841,113"
26-18,"705,391","70,539","70,540","141,079","282,157","423,235","564,313","705,391","846,470"
26-19,"709,873","70,987","70,988","141,975","283,950","425,924","567,899","709,873","851,848"
26-20,"714,376","71,437","71,438","142,876","285,751","428,626","571,501","714,376","857,252"
26-21,"718,898","71,889","71,890","143,780","287,560","431,339","575,119","718,898","862,678"
26-22,"723,444","72,344","72,345","144,689","289,378","434,067","578,756","723,444","868,133"
26-23,"728,008","72,800","72,801","145,602","291,204","436,805","582,407","728,008","873,610"
26-24,"732,589","73,258","73,259","146,518","293,036","439,554","586,072","732,589","879,107"
26-25,"737,188","73,718","73,719","147,438","294,876","442,313","589,751","737,188","884,626"
26-26,"741,812","74,181","74,182","148,363","296,725","445,088","593,450","741,812","890,175"
26-27,"746,456","74,645","74,646","149,292","298,583","447,874","597,165","746,456","895,748"
26-28,"751,117","75,111","75,112","150,224","300,447","450,671","600,894","751,117","901,341"
26-29,"755,797","75,579","75,580","151,160","302,319","453,479","604,638","755,797","906,957"
26-30,"760,498","76,049","76,050","152,100","304,200","456,299","608,399","760,498","912,598"
27-1,"765,249","76,524","76,525","153,050","306,100","459,150","612,200","765,249","918,299"
27-2,"770,462","77,046","77,047","154,093","308,185","462,278","616,370","770,462","924,555"
27-3,"776,032","77,603","77,604","155,207","310,413","465,620","620,826","776,032","931,239"
27-4,"781,537","78,153","78,154","156,308","312,615","468,923","625,230","781,537","937,845"
27-5,"785,474","78,547","78,548","157,095","314,190","471,285","628,380","785,474","942,569"
27-6,"787,327","78,732","78,733","157,466","314,931","472,397","629,862","787,327","944,793"
27-7,"788,917","78,891","78,892","157,784","315,567","473,351","631,134","788,917","946,701"
27-8,"790,496","79,049","79,050","158,100","316,199","474,298","632,397","790,496","948,596"
27-9,"792,061","79,206","79,207","158,413","316,825","475,237","633,649","792,061","950,474"
27-10,"793,615","79,361","79,362","158,723","317,446","476,169","634,892","793,615","952,338"
27-11,"795,157","79,515","79,516","159,032","318,063","477,095","636,126","795,157","954,189"
27-12,"796,687","79,668","79,669","159,338","318,675","478,013","637,350","796,687","956,025"
27-13,"798,202","79,820","79,821","159,641","319,281","478,922","638,562","798,202","957,843"
27-14,"799,707","79,970","79,971","159,942","319,883","479,825","639,766","799,707","959,649"
27-15,"801,199","80,119","80,120","160,240","320,480","480,720","640,960","801,199","961,439"
27-16,"802,678","80,267","80,268","160,536","321,072","481,607","642,143","802,678","963,214"
27-17,"804,141","80,414","80,415","160,829","321,657","482,485","643,313","804,141","964,970"
27-18,"805,590","80,558","80,559","161,118","322,236","483,354","644,472","805,590","966,708"
27-19,"807,025","80,702","80,703","161,405","322,810","484,215","645,620","807,025","968,430"
27-20,"808,448","80,844","80,845","161,690","323,380","485,069","646,759","808,448","970,138"
27-21,"809,854","80,985","80,986","161,971","323,942","485,913","647,884","809,854","971,825"
27-22,"811,246","81,124","81,125","162,250","324,499","486,748","648,997","811,246","973,496"
27-23,"812,624","81,262","81,263","162,525","325,050","487,575","650,100","812,624","975,149"
27-24,"813,987","81,398","81,399","162,798","325,595","488,393","651,190","813,987","976,785"
27-25,"815,334","81,533","81,534","163,067","326,134","489,201","652,268","815,334","978,401"
27-26,"816,663","81,666","81,667","163,333","326,666","489,998","653,331","816,663","979,996"
27-27,"817,980","81,797","81,798","163,596","327,192","490,788","654,384","817,980","981,576"
27-28,"819,278","81,927","81,928","163,856","327,712","491,567","655,423","819,278","983,134"
27-29,"820,561","82,056","82,057","164,113","328,225","492,337","656,449","820,561","984,674"
27-30,"821,826","82,182","82,183","164,366","328,731","493,096","657,461","821,826","986,192"
28-1,"823,074","82,307","82,308","164,615","329,230","493,845","658,460","823,074","987,689"
28-2,"824,306","82,430","82,431","164,862","329,723","494,584","659,445","824,306","989,168"
28-3,"825,520","82,551","82,552","165,104","330,208","495,312","660,416","825,520","990,624"
28-4,"826,715","82,671","82,672","165,343","330,686","496,029","661,372","826,715","992,058"
28-5,"827,894","82,789","82,790","165,579","331,158","496,737","662,316","827,894","993,473"
28-6,"829,052","82,905","82,906","165,811","331,621","497,432","663,242","829,052","994,863"
28-7,"830,190","83,018","83,019","166,038","332,076","498,114","664,152","830,190","996,228"
28-8,"831,334","83,133","83,134","166,267","332,534","498,801","665,068","831,334","997,601"
28-9,"833,682","83,368","83,369","166,737","333,473","500,210","666,946","833,682","1,000,419"
28-10,"838,714","83,871","83,872","167,743","335,486","503,229","670,972","838,714","1,006,457"
28-11,"845,724","84,572","84,573","169,145","338,290","507,435","676,580","845,724","1,014,869"
28-12,"853,489","85,348","85,349","170,698","341,396","512,094","682,792","853,489","1,024,187"
28-13,"861,348","86,134","86,135","172,270","344,540","516,809","689,079","861,348","1,033,618"
28-14,"869,275","86,927","86,928","173,855","347,710","521,565","695,420","869,275","1,043,130"
28-15,"877,272","87,727","87,728","175,455","350,909","526,364","701,818","877,272","1,052,727"
28-16,"885,341","88,534","88,535","177,069","354,137","531,205","708,273","885,341","1,062,410"
28-17,"893,490","89,348","89,349","178,698","357,396","536,094","714,792","893,490","1,072,188"
28-18,"901,716","90,171","90,172","180,344","360,687","541,030","721,373","901,716","1,082,060"
28-19,"910,014","91,001","91,002","182,003","364,006","546,009","728,012","910,014","1,092,017"
28-20,"918,384","91,838","91,839","183,677","367,354","551,031","734,708","918,384","1,102,061"
28-21,"926,832","92,683","92,684","185,367","370,733","556,100","741,466","926,832","1,112,199"
28-22,"935,368","93,536","93,537","187,074","374,148","561,221","748,295","935,368","1,122,442"
28-23,"943,980","94,397","94,398","188,796","377,592","566,388","755,184","943,980","1,132,776"
28-24,"952,664","95,266","95,267","190,533","381,066","571,599","762,132","952,664","1,143,197"
28-25,"961,425","96,142","96,143","192,285","384,570","576,855","769,140","961,425","1,153,710"
28-26,"970,277","97,027","97,028","194,056","388,111","582,167","776,222","970,277","1,164,333"
28-27,"979,211","97,921","97,922","195,843","391,685","587,527","783,369","979,211","1,175,054"
28-28,"988,223","98,822","98,823","197,645","395,290","592,934","790,579","988,223","1,185,868"
28-29,"997,312","99,731","99,732","199,463","398,925","598,388","797,850","997,312","1,196,775"
28-30,"1,006,489","100,648","100,649","201,298","402,596","603,894","805,192","1,006,489","1,207,787"
29-1,"1,015,754","101,575","101,576","203,151","406,302","609,453","812,604","1,015,754","1,218,905"
29-2,"1,025,104","102,510","102,511","205,021","410,042","615,063","820,084","1,025,104","1,230,125"
29-3,"1,034,535","103,453","103,454","206,907","413,814","620,721","827,628","1,034,535","1,241,442"
29-4,"1,044,053","104,405","104,406","208,811","417,622","626,432","835,243","1,044,053","1,252,864"
29-5,"1,053,661","105,366","105,367","210,733","421,465","632,197","842,929","1,053,661","1,264,394"
29-6,"1,063,359","106,335","106,336","212,672","425,344","638,016","850,688","1,063,359","1,276,031"
29-7,"1,073,143","107,314","107,315","214,629","429,258","643,886","858,515","1,073,143","1,287,772"
29-8,"1,083,015","108,301","108,302","216,603","433,206","649,809","866,412","1,083,015","1,299,618"
29-9,"1,092,986","109,298","109,299","218,598","437,195","655,792","874,389","1,092,986","1,311,584"
29-10,"1,103,045","110,304","110,305","220,609","441,218","661,827","882,436","1,103,045","1,323,654"
29-11,"1,112,917","111,291","111,292","222,584","445,167","667,751","890,334","1,112,917","1,335,501"
29-12,"1,119,334","111,933","111,934","223,867","447,734","671,601","895,468","1,119,334","1,343,201"
29-13,"1,124,824","112,482","112,483","224,965","449,930","674,895","899,860","1,124,824","1,349,789"
29-14,"1,130,339","113,033","113,034","226,068","452,136","678,204","904,272","1,130,339","1,356,407"
29-15,"1,135,881","113,588","113,589","227,177","454,353","681,529","908,705","1,135,881","1,363,058"
29-16,"1,141,449","114,144","114,145","228,290","456,580","684,870","913,160","1,141,449","1,369,739"
29-17,"1,147,049","114,704","114,705","229,410","458,820","688,230","917,640","1,147,049","1,376,459"
29-18,"1,152,676","115,267","115,268","230,536","461,071","691,606","922,141","1,152,676","1,383,212"
29-19,"1,158,336","115,833","115,834","231,668","463,335","695,002","926,669","1,158,336","1,390,004"
29-20,"1,164,029","116,402","116,403","232,806","465,612","698,418","931,224","1,164,029","1,396,835"
29-21,"1,169,749","116,974","116,975","233,950","467,900","701,850","935,800","1,169,749","1,403,699"
29-22,"1,175,507","117,550","117,551","235,102","470,203","705,305","940,406","1,175,507","1,410,609"
29-23,"1,181,287","118,128","118,129","236,258","472,515","708,773","945,030","1,181,287","1,417,545"
29-24,"1,187,096","118,709","118,710","237,420","474,839","712,258","949,677","1,187,096","1,424,516"
29-25,"1,192,932","119,293","119,294","238,587","477,173","715,760","954,346","1,192,932","1,431,519"
29-26,"1,198,799","119,879","119,880","239,760","479,520","719,280","959,040","1,198,799","1,438,559"
29-27,"1,204,696","120,469","120,470","240,940","481,879","722,818","963,757","1,204,696","1,445,636"
29-28,"1,210,619","121,061","121,062","242,124","484,248","726,372","968,496","1,210,619","1,452,743"
29-29,"1,216,572","121,657","121,658","243,315","486,629","729,944","973,258","1,216,572","1,459,887"
29-30,"1,222,554","122,255","122,256","244,511","489,022","733,533","978,044","1,222,554","1,467,065"
30-1,"1,228,566","122,856","122,857","245,714","491,427","737,140","982,853","1,228,566","1,474,280"
30-2,"1,234,607","123,460","123,461","246,922","493,843","740,765","987,686","1,234,607","1,481,529"
30-3,"1,240,677","124,067","124,068","248,136","496,271","744,407","992,542","1,240,677","1,488,813"
30-4,"1,246,779","124,677","124,678","249,356","498,712","748,068","997,424","1,246,779","1,496,135"
30-5,"1,252,910","125,290","125,291","250,582","501,164","751,746","1,002,328","1,252,910","1,503,492"
30-6,"1,259,072","125,907","125,908","251,815","503,629","755,444","1,007,258","1,259,072","1,510,887"
30-7,"1,265,263","126,526","126,527","253,053","506,106","759,158","1,012,211","1,265,263","1,518,316"
30-8,"1,271,483","127,148","127,149","254,297","508,594","762,890","1,017,187","1,271,483","1,525,780"
30-9,"1,277,737","127,773","127,774","255,548","511,095","766,643","1,022,190","1,277,737","1,533,285"
30-10,"1,284,020","128,401","128,402","256,804","513,608","770,412","1,027,216","1,284,020","1,540,824"
30-11,"1,290,333","129,033","129,034","258,067","516,134","774,200","1,032,267","1,290,333","1,548,400"
30-12,"1,296,679","129,667","129,668","259,336","518,672","778,008","1,037,344","1,296,679","1,556,015"
30-13,"1,303,056","130,305","130,306","260,612","521,223","781,834","1,042,445","1,303,056","1,563,668"
30-14,"1,309,465","130,946","130,947","261,893","523,786","785,679","1,047,572","1,309,465","1,571,358"
30-15,"1,315,904","131,590","131,591","263,181","526,362","789,543","1,052,724","1,315,904","1,579,085"
30-16,"1,322,923","132,292","132,293","264,585","529,170","793,754","1,058,339","1,322,923","1,587,508"
30-17,"1,337,410","133,740","133,741","267,482","534,964","802,446","1,069,928","1,337,410","1,604,892"
30-18,"1,352,872","135,287","135,288","270,575","541,149","811,724","1,082,298","1,352,872","1,623,447"
30-19,"1,368,503","136,850","136,851","273,701","547,402","821,102","1,094,803","1,368,503","1,642,204"
30-20,"1,384,306","138,430","138,431","276,862","553,723","830,584","1,107,445","1,384,306","1,661,168"
30-21,"1,400,287","140,028","140,029","280,058","560,115","840,173","1,120,230","1,400,287","1,680,345"
30-22,"1,416,487","141,648","141,649","283,298","566,595","849,893","1,133,190","1,416,487","1,699,785"
30-23,"1,432,857","143,285","143,286","286,572","573,143","859,715","1,146,286","1,432,857","1,719,429"
30-24,"1,449,409","144,940","144,941","289,882","579,764","869,646","1,159,528","1,449,409","1,739,291"
30-25,"1,466,137","146,613","146,614","293,228","586,455","879,683","1,172,910","1,466,137","1,759,365"
30-26,"1,483,085","148,308","148,309","296,617","593,234","889,851","1,186,468","1,483,085","1,779,702"
30-27,"1,500,235","150,023","150,024","300,047","600,094","900,141","1,200,188","1,500,235","1,800,282"
30-28,"1,517,569","151,756","151,757","303,514","607,028","910,542","1,214,056","1,517,569","1,821,083"
30-29,"1,535,095","153,509","153,510","307,019","614,038","921,057","1,228,076","1,535,095","1,842,114"
30-30,"1,552,824","155,282","155,283","310,565","621,130","931,695","1,242,260","1,552,824","1,863,389"
31-1,"1,570,546","157,054","157,055","314,110","628,219","942,328","1,256,437","1,570,546","1,884,656"
31-2,"1,585,664","158,566","158,567","317,133","634,266","951,399","1,268,532","1,585,664","1,902,797"
31-3,"1,597,381","159,738","159,739","319,477","638,953","958,429","1,277,905","1,597,381","1,916,858"
31-4,"1,608,629","160,862","160,863","321,726","643,452","965,178","1,286,904","1,608,629","1,930,355"
31-5,"1,619,959","161,995","161,996","323,992","647,984","971,976","1,295,968","1,619,959","1,943,951"
31-6,"1,631,370","163,136","163,137","326,274","652,548","978,822","1,305,096","1,631,370","1,957,644"
31-7,"1,642,859","164,285","164,286","328,572","657,144","985,716","1,314,288","1,642,859","1,971,431"
31-8,"1,654,427","165,442","165,443","330,886","661,771","992,657","1,323,542","1,654,427","1,985,313"
31-9,"1,666,081","166,608","166,609","333,217","666,433","999,649","1,332,865","1,666,081","1,999,298"
31-10,"1,677,816","167,781","167,782","335,564","671,127","1,006,690","1,342,253","1,677,816","2,013,380"
31-11,"1,689,631","168,963","168,964","337,927","675,853","1,013,779","1,351,705","1,689,631","2,027,558"
31-12,"1,701,528","170,152","170,153","340,306","680,612","1,020,917","1,361,223","1,701,528","2,041,834"
31-13,"1,713,515","171,351","171,352","342,703","685,406","1,028,109","1,370,812","1,713,515","2,056,218"
31-14,"1,725,584","172,558","172,559","345,117","690,234","1,035,351","1,380,468","1,725,584","2,070,701"
31-15,"1,737,736","173,773","173,774","347,548","695,095","1,042,642","1,390,189","1,737,736","2,085,284"
31-16,"1,749,972","174,997","174,998","349,995","699,989","1,049,984","1,399,978","1,749,972","2,099,967"
31-17,"1,762,297","176,229","176,230","352,460","704,919","1,057,379","1,409,838","1,762,297","2,114,757"
31-18,"1,774,714","177,471","177,472","354,943","709,886","1,064,829","1,419,772","1,774,714","2,129,657"
31-19,"1,787,212","178,721","178,722","357,443","714,885","1,072,328","1,429,770","1,787,212","2,144,655"
31-20,"1,799,795","179,979","179,980","359,959","719,918","1,079,877","1,439,836","1,799,795","2,159,754"
31-21,"1,814,163","181,416","181,417","362,833","725,666","1,088,498","1,451,331","1,814,163","2,176,996"
31-22,"1,829,132","182,913","182,914","365,827","731,653","1,097,480","1,463,306","1,829,132","2,194,959"
31-23,"1,844,218","184,421","184,422","368,844","737,688","1,106,531","1,475,375","1,844,218","2,213,062"
31-24,"1,859,422","185,942","185,943","371,885","743,769","1,115,654","1,487,538","1,859,422","2,231,307"
31-25,"1,874,745","187,474","187,475","374,949","749,898","1,124,847","1,499,796","1,874,745","2,249,694"
31-26,"1,890,206","189,020","189,021","378,042","756,083","1,134,124","1,512,165","1,890,206","2,268,248"
31-27,"1,905,924","190,592","190,593","381,185","762,370","1,143,555","1,524,740","1,905,924","2,287,109"
31-28,"1,922,389","192,238","192,239","384,478","768,956","1,153,434","1,537,912","1,922,389","2,306,867"
31-29,"1,939,367","193,936","193,937","387,874","775,747","1,163,621","1,551,494","1,939,367","2,327,241"
31-30,"1,956,508","195,650","195,651","391,302","782,604","1,173,905","1,565,207","1,956,508","2,347,810"
32-1,"1,973,814","197,381","197,382","394,763","789,526","1,184,289","1,579,052","1,973,814","2,368,577"
32-2,"1,991,270","199,126","199,127","398,254","796,508","1,194,762","1,593,016","1,991,270","2,389,524"
32-3,"2,008,873","200,887","200,888","401,775","803,550","1,205,324","1,607,099","2,008,873","2,410,648"
32-4,"2,026,627","202,662","202,663","405,326","810,651","1,215,977","1,621,302","2,026,627","2,431,953"
32-5,"2,044,550","204,454","204,455","408,910","817,820","1,226,730","1,635,640","2,044,550","2,453,460"
32-6,"2,062,628","206,262","206,263","412,526","825,052","1,237,577","1,650,103","2,062,628","2,475,154"
32-7,"2,080,866","208,086","208,087","416,174","832,347","1,248,520","1,664,693","2,080,866","2,497,040"
32-8,"2,099,256","209,925","209,926","419,852","839,703","1,259,554","1,679,405","2,099,256","2,519,108"
32-9,"2,117,823","211,782","211,783","423,565","847,130","1,270,694","1,694,259","2,117,823","2,541,388"
32-10,"2,136,547","213,654","213,655","427,310","854,619","1,281,929","1,709,238","2,136,547","2,563,857"
32-11,"2,155,435","215,543","215,544","431,087","862,174","1,293,261","1,724,348","2,155,435","2,586,522"
32-12,"2,174,489","217,448","217,449","434,898","869,796","1,304,694","1,739,592","2,174,489","2,609,387"
32-13,"2,193,718","219,371","219,372","438,744","877,488","1,316,231","1,754,975","2,193,718","2,632,462"
32-14,"2,213,120","221,311","221,312","442,624","885,248","1,327,872","1,770,496","2,213,120","2,655,744"
32-15,"2,232,682","223,268","223,269","446,537","893,073","1,339,610","1,786,146","2,232,682","2,679,219"
32-16,"2,252,415","225,241","225,242","450,483","900,966","1,351,449","1,801,932","2,252,415","2,702,898"
32-17,"2,272,332","227,233","227,234","454,467","908,933","1,363,400","1,817,866","2,272,332","2,726,799"
32-18,"2,292,431","229,243","229,244","458,487","916,973","1,375,459","1,833,945","2,292,431","2,750,918"
32-19,"2,312,701","231,270","231,271","462,541","925,081","1,387,621","1,850,161","2,312,701","2,775,242"
32-20,"2,332,549","233,254","233,255","466,510","933,020","1,399,530","1,866,040","2,332,549","2,799,059"
32-21,"2,351,726","235,172","235,173","470,346","940,691","1,411,036","1,881,381","2,351,726","2,822,072"
32-22,"2,370,949","237,094","237,095","474,190","948,380","1,422,570","1,896,760","2,370,949","2,845,139"
32-23,"2,390,322","239,032","239,033","478,065","956,129","1,434,194","1,912,258","2,390,322","2,868,387"
32-24,"2,409,844","240,984","240,985","481,969","963,938","1,445,907","1,927,876","2,409,844","2,891,813"
32-25,"2,429,517","242,951","242,952","485,904","971,807","1,457,711","1,943,614","2,429,517","2,915,421"
32-26,"2,449,369","244,936","244,937","489,874","979,748","1,469,622","1,959,496","2,449,369","2,939,243"
32-27,"2,469,386","246,938","246,939","493,878","987,755","1,481,632","1,975,509","2,469,386","2,963,264"
32-28,"2,489,559","248,955","248,956","497,912","995,824","1,493,736","1,991,648","2,489,559","2,987,471"
32-29,"2,509,887","250,988","250,989","501,978","1,003,955","1,505,933","2,007,910","2,509,887","3,011,865"
32-30,"2,530,385","253,038","253,039","506,077","1,012,154","1,518,231","2,024,308","2,530,385","3,036,462"
33-1,"2,551,062","255,106","255,107","510,213","1,020,425","1,530,638","2,040,850","2,551,062","3,061,275"
33-2,"2,571,907","257,190","257,191","514,382","1,028,763","1,543,145","2,057,526","2,571,907","3,086,289"
33-3,"2,592,912","259,291","259,292","518,583","1,037,165","1,555,748","2,074,330","2,592,912","3,111,495"
33-4,"2,614,086","261,408","261,409","522,818","1,045,635","1,568,452","2,091,269","2,614,086","3,136,904"
33-5,"2,635,443","263,544","263,545","527,089","1,054,178","1,581,266","2,108,355","2,635,443","3,162,532"
33-6,"2,656,975","265,697","265,698","531,395","1,062,790","1,594,185","2,125,580","2,656,975","3,188,370"
33-7,"2,678,681","267,868","267,869","535,737","1,071,473","1,607,209","2,142,945","2,678,681","3,214,418"
33-8,"2,700,555","270,055","270,056","540,111","1,080,222","1,620,333","2,160,444","2,700,555","3,240,666"
33-9,"2,722,620","272,261","272,262","544,524","1,089,048","1,633,572","2,178,096","2,722,620","3,267,144"
33-10,"2,744,860","274,485","274,486","548,972","1,097,944","1,646,916","2,195,888","2,744,860","3,293,832"
33-11,"2,767,283","276,728","276,729","553,457","1,106,914","1,660,370","2,213,827","2,767,283","3,320,740"
33-12,"2,789,889","278,988","278,989","557,978","1,115,956","1,673,934","2,231,912","2,789,889","3,347,867"
33-13,"2,812,694","281,269","281,270","562,539","1,125,078","1,687,617","2,250,156","2,812,694","3,375,233"
33-14,"2,835,687","283,568","283,569","567,138","1,134,275","1,701,413","2,268,550","2,835,687","3,402,825"
33-15,"2,858,858","285,885","285,886","571,772","1,143,544","1,715,315","2,287,087","2,858,858","3,430,630"
33-16,"2,882,222","288,222","288,223","576,445","1,152,889","1,729,334","2,305,778","2,882,222","3,458,667"
33-17,"2,905,779","290,577","290,578","581,156","1,162,312","1,743,468","2,324,624","2,905,779","3,486,935"
33-18,"2,929,540","292,953","292,954","585,908","1,171,816","1,757,724","2,343,632","2,929,540","3,515,448"
33-19,"2,953,484","295,348","295,349","590,697","1,181,394","1,772,091","2,362,788","2,953,484","3,544,181"
33-20,"2,977,614","297,761","297,762","595,523","1,191,046","1,786,569","2,382,092","2,977,614","3,573,137"
33-21,"3,001,938","300,193","300,194","600,388","1,200,776","1,801,163","2,401,551","3,001,938","3,602,326"
33-22,"3,026,494","302,649","302,650","605,299","1,210,598","1,815,897","2,421,196","3,026,494","3,631,793"
33-23,"3,051,236","305,123","305,124","610,248","1,220,495","1,830,742","2,440,989","3,051,236","3,661,484"
33-24,"3,076,171","307,617","307,618","615,235","1,230,469","1,845,703","2,460,937","3,076,171","3,691,406"
33-25,"3,101,296","310,129","310,130","620,260","1,240,519","1,860,778","2,481,037","3,101,296","3,721,556"
33-26,"3,126,651","312,665","312,666","625,331","1,250,661","1,875,991","2,501,321","3,126,651","3,751,982"
33-27,"3,152,219","315,221","315,222","630,444","1,260,888","1,891,332","2,521,776","3,152,219","3,782,663"
33-28,"3,177,984","317,798","317,799","635,597","1,271,194","1,906,791","2,542,388","3,177,984","3,813,581"
33-29,"3,203,950","320,394","320,395","640,790","1,281,580","1,922,370","2,563,160","3,203,950","3,844,740"
33-30,"3,230,128","323,012","323,013","646,026","1,292,052","1,938,077","2,584,103","3,230,128","3,876,154"
34-1,"3,256,540","325,653","325,654","651,308","1,302,616","1,953,924","2,605,232","3,256,540","3,907,848"
34-2,"3,283,163","328,316","328,317","656,633","1,313,266","1,969,898","2,626,531","3,283,163","3,939,796"
34-3,"3,309,869","330,986","330,987","661,974","1,323,948","1,985,922","2,647,896","3,309,869","3,971,843"
34-4,"3,336,087","333,608","333,609","667,218","1,334,435","2,001,653","2,668,870","3,336,087","4,003,305"
34-5,"3,362,085","336,208","336,209","672,417","1,344,834","2,017,251","2,689,668","3,362,085","4,034,502"
34-6,"3,388,280","338,827","338,828","677,656","1,355,312","2,032,968","2,710,624","3,388,280","4,065,936"
34-7,"3,414,680","341,467","341,468","682,936","1,365,872","2,048,808","2,731,744","3,414,680","4,097,616"
34-8,"3,441,273","344,127","344,128","688,255","1,376,510","2,064,764","2,753,019","3,441,273","4,129,528"
34-9,"3,468,088","346,808","346,809","693,618","1,387,236","2,080,853","2,774,471","3,468,088","4,161,706"
34-10,"3,495,104","349,510","349,511","699,021","1,398,042","2,097,063","2,796,084","3,495,104","4,194,125"
34-11,"3,522,332","352,233","352,234","704,467","1,408,933","2,113,400","2,817,866","3,522,332","4,226,799"
34-12,"3,549,770","354,976","354,977","709,954","1,419,908","2,129,862","2,839,816","3,549,770","4,259,724"
34-13,"3,577,427","357,742","357,743","715,486","1,430,971","2,146,457","2,861,942","3,577,427","4,292,913"
34-14,"3,605,302","360,530","360,531","721,061","1,442,121","2,163,182","2,884,242","3,605,302","4,326,363"
34-15,"3,633,384","363,338","363,339","726,677","1,453,354","2,180,031","2,906,708","3,633,384","4,360,061"
34-16,"3,661,684","366,168","366,169","732,337","1,464,674","2,197,011","2,929,348","3,661,684","4,394,021"
34-17,"3,690,209","369,020","369,021","738,042","1,476,084","2,214,126","2,952,168","3,690,209","4,428,251"
34-18,"3,718,969","371,896","371,897","743,794","1,487,588","2,231,382","2,975,176","3,718,969","4,462,763"
34-19,"3,747,943","374,794","374,795","749,589","1,499,178","2,248,766","2,998,355","3,747,943","4,497,532"
34-20,"3,777,126","377,712","377,713","755,426","1,510,851","2,266,276","3,021,701","3,777,126","4,532,552"
34-21,"3,806,545","380,654","380,655","761,309","1,522,618","2,283,927","3,045,236","3,806,545","4,567,854"
34-22,"3,836,215","383,621","383,622","767,243","1,534,486","2,301,729","3,068,972","3,836,215","4,603,458"
34-23,"3,866,109","386,610","386,611","773,222","1,546,444","2,319,666","3,092,888","3,866,109","4,639,331"
34-24,"3,895,813","389,581","389,582","779,163","1,558,326","2,337,488","3,116,651","3,895,813","4,674,976"
34-25,"3,918,768","391,876","391,877","783,754","1,567,508","2,351,261","3,135,015","3,918,768","4,702,522"
34-26,"3,937,736","393,773","393,774","787,548","1,575,095","2,362,642","3,150,189","3,937,736","4,725,284"
34-27,"3,956,668","395,666","395,667","791,334","1,582,668","2,374,001","3,165,335","3,956,668","4,748,002"
34-28,"3,975,685","397,568","397,569","795,137","1,590,274","2,385,411","3,180,548","3,975,685","4,770,822"
34-29,"3,994,788","399,478","399,479","798,958","1,597,916","2,396,873","3,195,831","3,994,788","4,793,746"
34-30,"4,013,984","401,398","401,399","802,797","1,605,594","2,408,391","3,211,188","4,013,984","4,816,781"
35-1,"4,033,282","403,328","403,329","806,657","1,613,313","2,419,970","3,226,626","4,033,282","4,839,939"
35-2,"4,052,671","405,267","405,268","810,535","1,621,069","2,431,603","3,242,137","4,052,671","4,863,206"
35-3,"4,072,148","407,214","407,215","814,430","1,628,860","2,443,289","3,257,719","4,072,148","4,886,578"
35-4,"4,091,713","409,171","409,172","818,343","1,636,686","2,455,028","3,273,371","4,091,713","4,910,056"
35-5,"4,111,380","411,137","411,138","822,276","1,644,552","2,466,828","3,289,104","4,111,380","4,933,656"
35-6,"4,131,143","413,114","413,115","826,229","1,652,458","2,478,686","3,304,915","4,131,143","4,957,372"
35-7,"4,151,000","415,099","415,100","830,200","1,660,400","2,490,600","3,320,800","4,151,000","4,981,200"
35-8,"4,170,947","417,094","417,095","834,190","1,668,379","2,502,569","3,336,758","4,170,947","5,005,137"
35-9,"4,190,997","419,099","419,100","838,200","1,676,399","2,514,599","3,352,798","4,190,997","5,029,197"
35-10,"4,211,139","421,113","421,114","842,228","1,684,456","2,526,684","3,368,912","4,211,139","5,053,367"
35-11,"4,231,378","423,137","423,138","846,276","1,692,552","2,538,827","3,385,103","4,231,378","5,077,654"
35-12,"4,251,714","425,171","425,172","850,343","1,700,686","2,551,029","3,401,372","4,251,714","5,102,057"
35-13,"4,272,151","427,215","427,216","854,431","1,708,861","2,563,291","3,417,721","4,272,151","5,126,582"
35-14,"4,292,686","429,268","429,269","858,538","1,717,075","2,575,612","3,434,149","4,292,686","5,151,224"
35-15,"4,313,307","431,330","431,331","862,662","1,725,323","2,587,985","3,450,646","4,313,307","5,175,969"
35-16,"4,334,009","433,400","433,401","866,802","1,733,604","2,600,406","3,467,208","4,334,009","5,200,811"
35-17,"4,354,802","435,480","435,481","870,961","1,741,921","2,612,882","3,483,842","4,354,802","5,225,763"
35-18,"4,375,705","437,570","437,571","875,141","1,750,282","2,625,423","3,500,564","4,375,705","5,250,846"
35-19,"4,396,699","439,669","439,670","879,340","1,758,680","2,638,020","3,517,360","4,396,699","5,276,039"
35-20,"4,417,791","441,779","441,780","883,559","1,767,117","2,650,675","3,534,233","4,417,791","5,301,350"
35-21,"4,438,984","443,898","443,899","887,797","1,775,594","2,663,391","3,551,188","4,438,984","5,326,781"
35-22,"4,460,291","446,029","446,030","892,059","1,784,117","2,676,175","3,568,233","4,460,291","5,352,350"
35-23,"4,481,694","448,169","448,170","896,339","1,792,678","2,689,017","3,585,356","4,481,694","5,378,033"
35-24,"4,503,197","450,319","450,320","900,640","1,801,279","2,701,919","3,602,558","4,503,197","5,403,837"
35-25,"4,524,797","452,479","452,480","904,960","1,809,919","2,714,879","3,619,838","4,524,797","5,429,757"
35-26,"4,546,510","454,650","454,651","909,302","1,818,604","2,727,906","3,637,208","4,546,510","5,455,812"
35-27,"4,568,332","456,833","456,834","913,667","1,827,333","2,741,000","3,654,666","4,568,332","5,481,999"
35-28,"4,590,253","459,025","459,026","918,051","1,836,102","2,754,152","3,672,203","4,590,253","5,508,304"
35-29,"4,612,273","461,227","461,228","922,455","1,844,910","2,767,364","3,689,819","4,612,273","5,534,728"
35-30,"4,634,397","463,439","463,440","926,880","1,853,759","2,780,639","3,707,518","4,634,397","5,561,277"
36-1,"4,656,641","465,664","465,665","931,329","1,862,657","2,793,985","3,725,313","4,656,641","5,587,970"
36-2,"4,678,988","467,898","467,899","935,798","1,871,596","2,807,393","3,743,191","4,678,988","5,614,786"
36-3,"4,701,437","470,143","470,144","940,288","1,880,575","2,820,863","3,761,150","4,701,437","5,641,725"
36-4,"4,723,986","472,398","472,399","944,798","1,889,595","2,834,392","3,779,189","4,723,986","5,668,784"
36-5,"4,746,657","474,665","474,666","949,332","1,898,663","2,847,995","3,797,326","4,746,657","5,695,989"
36-6,"4,769,423","476,942","476,943","953,885","1,907,770","2,861,654","3,815,539","4,769,423","5,723,308"
36-7,"4,792,296","479,229","479,230","958,460","1,916,919","2,875,378","3,833,837","4,792,296","5,750,756"
36-8,"4,815,271","481,527","481,528","963,055","1,926,109","2,889,163","3,852,217","4,815,271","5,778,326"
36-9,"4,838,363","483,836","483,837","967,673","1,935,346","2,903,018","3,870,691","4,838,363","5,806,036"
36-10,"4,861,565","486,156","486,157","972,313","1,944,626","2,916,939","3,889,252","4,861,565","5,833,878"
36-11,"4,884,877","488,487","488,488","976,976","1,953,951","2,930,927","3,907,902","4,884,877","5,861,853"
36-12,"4,908,299","490,829","490,830","981,660","1,963,320","2,944,980","3,926,640","4,908,299","5,889,959"
36-13,"4,931,834","493,183","493,184","986,367","1,972,734","2,959,101","3,945,468","4,931,834","5,918,201"
36-14,"4,955,487","495,548","495,549","991,098","1,982,195","2,973,293","3,964,390","4,955,487","5,946,585"
36-15,"4,979,247","497,924","497,925","995,850","1,991,699","2,987,549","3,983,398","4,979,247","5,975,097"
36-16,"5,003,121","500,312","500,313","1,000,625","2,001,249","3,001,873","4,002,497","5,003,121","6,003,746"
36-17,"5,027,110","502,710","502,711","1,005,422","2,010,844","3,016,266","4,021,688","5,027,110","6,032,532"
36-18,"5,051,223","505,122","505,123","1,010,245","2,020,490","3,030,734","4,040,979","5,051,223","6,061,468"
36-19,"5,075,445","507,544","507,545","1,015,089","2,030,178","3,045,267","4,060,356","5,075,445","6,090,534"
36-20,"5,099,777","509,977","509,978","1,019,956","2,039,911","3,059,867","4,079,822","5,099,777","6,119,733"
36-21,"5,124,226","512,422","512,423","1,024,846","2,049,691","3,074,536","4,099,381","5,124,226","6,149,072"
36-22,"5,148,803","514,880","514,881","1,029,761","2,059,522","3,089,282","4,119,043","5,148,803","6,178,564"
36-23,"5,173,499","517,349","517,350","1,034,700","2,069,400","3,104,100","4,138,800","5,173,499","6,208,199"
36-24,"5,198,303","519,830","519,831","1,039,661","2,079,322","3,118,982","4,158,643","5,198,303","6,237,964"
36-25,"5,223,219","522,321","522,322","1,044,644","2,089,288","3,133,932","4,178,576","5,223,219","6,267,863"
36-26,"5,248,254","524,825","524,826","1,049,651","2,099,302","3,148,953","4,198,604","5,248,254","6,297,905"
36-27,"5,273,415","527,341","527,342","1,054,683","2,109,366","3,164,049","4,218,732","5,273,415","6,328,098"
36-28,"5,298,690","529,868","529,869","1,059,738","2,119,476","3,179,214","4,238,952","5,298,690","6,358,428"
36-29,"5,324,078","532,407","532,408","1,064,816","2,129,632","3,194,447","4,259,263","5,324,078","6,388,894"
36-30,"5,349,586","534,958","534,959","1,069,918","2,139,835","3,209,752","4,279,669","5,349,586","6,419,504"
37-1,"5,375,232","537,523","537,524","1,075,047","2,150,093","3,225,140","4,300,186","5,375,232","6,450,279"
37-2,"5,400,998","540,099","540,100","1,080,200","2,160,400","3,240,599","4,320,799","5,400,998","6,481,198"
37-3,"5,426,880","542,687","542,688","1,085,376","2,170,752","3,256,128","4,341,504","5,426,880","6,512,256"
37-4,"5,452,880","545,287","545,288","1,090,576","2,181,152","3,271,728","4,362,304","5,452,880","6,543,456"
37-5,"5,479,015","547,901","547,902","1,095,803","2,191,606","3,287,409","4,383,212","5,479,015","6,574,818"
37-6,"5,505,277","550,527","550,528","1,101,056","2,202,111","3,303,167","4,404,222","5,505,277","6,606,333"
37-7,"5,531,663","553,166","553,167","1,106,333","2,212,666","3,318,998","4,425,331","5,531,663","6,637,996"
37-8,"5,558,168","555,816","555,817","1,111,634","2,223,268","3,334,901","4,446,535","5,558,168","6,669,802"
37-9,"5,584,806","558,480","558,481","1,116,962","2,233,923","3,350,884","4,467,845","5,584,806","6,701,768"
37-10,"5,611,573","561,157","561,158","1,122,315","2,244,630","3,366,944","4,489,259","5,611,573","6,733,888"
37-11,"5,638,468","563,846","563,847","1,127,694","2,255,388","3,383,081","4,510,775","5,638,468","6,766,162"
37-12,"5,665,489","566,548","566,549","1,133,098","2,266,196","3,399,294","4,532,392","5,665,489","6,798,587"
37-13,"5,692,640","569,263","569,264","1,138,528","2,277,056","3,415,584","4,554,112","5,692,640","6,831,168"
37-14,"5,719,925","571,992","571,993","1,143,985","2,287,970","3,431,955","4,575,940","5,719,925","6,863,910"
37-15,"5,747,331","574,733","574,734","1,149,467","2,298,933","3,448,399","4,597,865","5,747,331","6,896,798"
37-16,"5,774,868","577,486","577,487","1,154,974","2,309,948","3,464,921","4,619,895","5,774,868","6,929,842"
37-17,"5,802,534","580,253","580,254","1,160,507","2,321,014","3,481,521","4,642,028","5,802,534","6,963,041"
37-18,"5,830,343","583,034","583,035","1,166,069","2,332,138","3,498,206","4,664,275","5,830,343","6,996,412"
37-19,"5,858,278","585,827","585,828","1,171,656","2,343,312","3,514,967","4,686,623","5,858,278","7,029,934"
37-20,"5,886,341","588,634","588,635","1,177,269","2,354,537","3,531,805","4,709,073","5,886,341","7,063,610"
37-21,"5,914,541","591,454","591,455","1,182,909","2,365,817","3,548,725","4,731,633","5,914,541","7,097,450"
37-22,"5,942,888","594,288","594,289","1,188,578","2,377,156","3,565,733","4,754,311","5,942,888","7,131,466"
37-23,"5,971,366","597,136","597,137","1,194,274","2,388,547","3,582,820","4,777,093","5,971,366","7,165,640"
37-24,"5,999,975","599,997","599,998","1,199,995","2,399,990","3,599,985","4,799,980","5,999,975","7,199,970"
37-25,"6,028,711","602,871","602,872","1,205,743","2,411,485","3,617,227","4,822,969","6,028,711","7,234,454"
37-26,"6,057,601","605,760","605,761","1,211,521","2,423,041","3,634,561","4,846,081","6,057,601","7,269,122"
37-27,"6,086,634","608,663","608,664","1,217,327","2,434,654","3,651,981","4,869,308","6,086,634","7,303,961"
37-28,"6,115,799","611,579","611,580","1,223,160","2,446,320","3,669,480","4,892,640","6,115,799","7,338,959"
37-29,"6,145,095","614,509","614,510","1,229,019","2,458,038","3,687,057","4,916,076","6,145,095","7,374,114"
37-30,"6,174,530","617,452","617,453","1,234,906","2,469,812","3,704,718","4,939,624","6,174,530","7,409,436"
38-1,"6,204,124","620,412","620,413","1,240,825","2,481,650","3,722,475","4,963,300","6,204,124","7,444,949"
38-2,"6,233,857","623,385","623,386","1,246,772","2,493,543","3,740,315","4,987,086","6,233,857","7,480,629"
38-3,"6,263,722","626,372","626,373","1,252,745","2,505,489","3,758,234","5,010,978","6,263,722","7,516,467"
38-4,"6,293,717","629,371","629,372","1,258,744","2,517,487","3,776,231","5,034,974","6,293,717","7,552,461"
38-5,"6,323,869","632,386","632,387","1,264,774","2,529,548","3,794,322","5,059,096","6,323,869","7,588,643"
38-6,"6,354,168","635,416","635,417","1,270,834","2,541,668","3,812,501","5,083,335","6,354,168","7,625,002"
38-7,"6,384,607","638,460","638,461","1,276,922","2,553,843","3,830,765","5,107,686","6,384,607","7,661,529"
38-8,"6,415,184","641,518","641,519","1,283,037","2,566,074","3,849,111","5,132,148","6,415,184","7,698,221"
38-9,"6,445,915","644,591","644,592","1,289,183","2,578,366","3,867,549","5,156,732","6,445,915","7,735,098"
38-10,"6,476,792","647,679","647,680","1,295,359","2,590,717","3,886,076","5,181,434","6,476,792","7,772,151"
38-11,"6,507,820","650,781","650,782","1,301,564","2,603,128","3,904,692","5,206,256","6,507,820","7,809,384"
38-12,"6,538,994","653,899","653,900","1,307,799","2,615,598","3,923,397","5,231,196","6,538,994","7,846,793"
38-13,"6,570,313","657,031","657,032","1,314,063","2,628,126","3,942,188","5,256,251","6,570,313","7,884,376"
38-14,"6,601,791","660,179","660,180","1,320,359","2,640,717","3,961,075","5,281,433","6,601,791","7,922,150"
38-15,"6,633,415","663,341","663,342","1,326,683","2,653,366","3,980,049","5,306,732","6,633,415","7,960,098"
38-16,"6,665,189","666,518","666,519","1,333,038","2,666,076","3,999,114","5,332,152","6,665,189","7,998,227"
38-17,"6,697,113","669,711","669,712","1,339,423","2,678,846","4,018,268","5,357,691","6,697,113","8,036,536"
38-18,"6,729,201","672,920","672,921","1,345,841","2,691,681","4,037,521","5,383,361","6,729,201","8,075,042"
38-19,"6,761,437","676,143","676,144","1,352,288","2,704,575","4,056,863","5,409,150","6,761,437","8,113,725"
38-20,"6,793,819","679,381","679,382","1,358,764","2,717,528","4,076,292","5,435,056","6,793,819","8,152,583"
38-21,"6,826,358","682,635","682,636","1,365,272","2,730,544","4,095,815","5,461,087","6,826,358","8,191,630"
38-22,"6,859,059","685,905","685,906","1,371,812","2,743,624","4,115,436","5,487,248","6,859,059","8,230,871"
38-23,"6,891,910","689,190","689,191","1,378,382","2,756,764","4,135,146","5,513,528","6,891,910","8,270,292"
38-24,"6,924,909","692,490","692,491","1,384,982","2,769,964","4,154,946","5,539,928","6,924,909","8,309,891"
38-25,"6,958,061","695,806","695,807","1,391,613","2,783,225","4,174,837","5,566,449","6,958,061","8,349,674"
38-26,"6,991,381","699,138","699,139","1,398,277","2,796,553","4,194,829","5,593,105","6,991,381","8,389,658"
38-27,"7,024,873","702,487","702,488","1,404,975","2,809,950","4,214,924","5,619,899","7,024,873","8,429,848"
38-28,"7,058,513","705,851","705,852","1,411,703","2,823,406","4,235,108","5,646,811","7,058,513","8,470,216"
38-29,"7,092,310","709,230","709,231","1,418,462","2,836,924","4,255,386","5,673,848","7,092,310","8,510,772"
38-30,"7,126,259","712,625","712,626","1,425,252","2,850,504","4,275,756","5,701,008","7,126,259","8,551,511"
39-1,"7,160,399","716,039","716,040","1,432,080","2,864,160","4,296,240","5,728,320","7,160,399","8,592,479"
39-2,"7,194,694","719,469","719,470","1,438,939","2,877,878","4,316,817","5,755,756","7,194,694","8,633,633"
39-3,"7,229,144","722,914","722,915","1,445,829","2,891,658","4,337,487","5,783,316","7,229,144","8,674,973"
39-4,"7,263,750","726,374","726,375","1,452,750","2,905,500","4,358,250","5,811,000","7,263,750","8,716,500"
39-5,"7,298,537","729,853","729,854","1,459,708","2,919,415","4,379,123","5,838,830","7,298,537","8,758,245"
39-6,"7,333,496","733,349","733,350","1,466,700","2,933,399","4,400,098","5,866,797","7,333,496","8,800,196"
39-7,"7,368,616","736,861","736,862","1,473,724","2,947,447","4,421,170","5,894,893","7,368,616","8,842,340"
39-8,"7,403,896","740,389","740,390","1,480,780","2,961,559","4,442,338","5,923,117","7,403,896","8,884,676"
39-9,"7,439,347","743,934","743,935","1,487,870","2,975,739","4,463,609","5,951,478","7,439,347","8,927,217"
39-10,"7,474,979","747,497","747,498","1,494,996","2,989,992","4,484,988","5,979,984","7,474,979","8,969,975"
39-11,"7,510,779","751,077","751,078","1,502,156","3,004,312","4,506,468","6,008,624","7,510,779","9,012,935"
39-12,"7,546,746","754,674","754,675","1,509,350","3,018,699","4,528,048","6,037,397","7,546,746","9,056,096"
39-13,"7,582,882","758,288","758,289","1,516,577","3,033,153","4,549,730","6,066,306","7,582,882","9,099,459"
39-14,"7,619,204","761,920","761,921","1,523,841","3,047,682","4,571,523","6,095,364","7,619,204","9,143,045"
39-15,"7,655,691","765,569","765,570","1,531,139","3,062,277","4,593,415","6,124,553","7,655,691","9,186,830"
39-16,"7,692,354","769,235","769,236","1,538,471","3,076,942","4,615,413","6,153,884","7,692,354","9,230,825"
39-17,"7,729,186","772,918","772,919","1,545,838","3,091,675","4,637,512","6,183,349","7,729,186","9,275,024"
39-18,"7,766,211","776,621","776,622","1,553,243","3,106,485","4,659,727","6,212,969","7,766,211","9,319,454"
39-19,"7,803,405","780,340","780,341","1,560,681","3,121,362","4,682,043","6,242,724","7,803,405","9,364,086"
39-20,"7,840,769","784,076","784,077","1,568,154","3,136,308","4,704,462","6,272,616","7,840,769","9,408,923"
39-21,"7,878,314","787,831","787,832","1,575,663","3,151,326","4,726,989","6,302,652","7,878,314","9,453,977"
39-22,"7,916,050","791,604","791,605","1,583,210","3,166,420","4,749,630","6,332,840","7,916,050","9,499,260"
39-23,"7,953,968","795,396","795,397","1,590,794","3,181,588","4,772,381","6,363,175","7,953,968","9,544,762"
39-24,"7,992,057","799,205","799,206","1,598,412","3,196,823","4,795,235","6,393,646","7,992,057","9,590,469"
39-25,"8,030,316","803,031","803,032","1,606,064","3,212,127","4,818,190","6,424,253","8,030,316","9,636,380"
39-26,"8,068,778","806,877","806,878","1,613,756","3,227,512","4,841,267","6,455,023","8,068,778","9,682,534"
39-27,"8,107,434","810,743","810,744","1,621,487","3,242,974","4,864,461","6,485,948","8,107,434","9,728,921"
39-28,"8,146,271","814,627","814,628","1,629,255","3,258,509","4,887,763","6,517,017","8,146,271","9,775,526"
39-29,"8,185,281","818,528","818,529","1,637,057","3,274,113","4,911,169","6,548,225","8,185,281","9,822,338"
39-30,"8,224,476","822,447","822,448","1,644,896","3,289,791","4,934,686","6,579,581","8,224,476","9,869,372"
40-1,"8,263,884","826,388","826,389","1,652,777","3,305,554","4,958,331","6,611,108","8,263,884","9,916,661"
40-2,"8,303,476","830,347","830,348","1,660,696","3,321,391","4,982,086","6,642,781","8,303,476","9,964,172"
40-3,"8,343,246","834,324","834,325","1,668,650","3,337,299","5,005,948","6,674,597","8,343,246","10,011,896"
40-4,"8,383,198","838,319","838,320","1,676,640","3,353,280","5,029,919","6,706,559","8,383,198","10,059,838"
40-5,"8,423,353","842,335","842,336","1,684,671","3,369,342","5,054,012","6,738,683","8,423,353","10,108,024"
40-6,"8,463,711","846,371","846,372","1,692,743","3,385,485","5,078,227","6,770,969","8,463,711","10,156,454"
40-7,"8,504,255","850,425","850,426","1,700,851","3,401,702","5,102,553","6,803,404","8,504,255","10,205,106"
40-8,"8,544,981","854,498","854,499","1,708,997","3,417,993","5,126,989","6,835,985","8,544,981","10,253,978"
40-9,"8,585,908","858,590","858,591","1,717,182","3,434,364","5,151,545","6,868,727","8,585,908","10,303,090"
40-10,"8,627,037","862,703","862,704","1,725,408","3,450,815","5,176,223","6,901,630","8,627,037","10,352,445"
40-11,"8,668,365","866,836","866,837","1,733,673","3,467,346","5,201,019","6,934,692","8,668,365","10,402,038"
40-12,"8,709,884","870,988","870,989","1,741,977","3,483,954","5,225,931","6,967,908","8,709,884","10,451,861"
40-13,"8,751,597","875,159","875,160","1,750,320","3,500,639","5,250,959","7,001,278","8,751,597","10,501,917"
40-14,"8,793,519","879,351","879,352","1,758,704","3,517,408","5,276,112","7,034,816","8,793,519","10,552,223"
40-15,"8,835,636","883,563","883,564","1,767,128","3,534,255","5,301,382","7,068,509","8,835,636","10,602,764"
40-16,"8,877,954","887,795","887,796","1,775,591","3,551,182","5,326,773","7,102,364","8,877,954","10,653,545"
40-17,"8,920,468","892,046","892,047","1,784,094","3,568,188","5,352,281","7,136,375","8,920,468","10,704,562"
40-18,"8,963,202","896,320","896,321","1,792,641","3,585,281","5,377,922","7,170,562","8,963,202","10,755,843"
40-19,"9,006,133","900,613","900,614","1,801,227","3,602,454","5,403,680","7,204,907","9,006,133","10,807,360"
40-20,"9,049,262","904,926","904,927","1,809,853","3,619,705","5,429,558","7,239,410","9,049,262","10,859,115"
40-21,"9,092,599","909,259","909,260","1,818,520","3,637,040","5,455,560","7,274,080","9,092,599","10,911,119"
40-22,"9,136,152","913,615","913,616","1,827,231","3,654,461","5,481,692","7,308,922","9,136,152","10,963,383"
40-23,"9,179,918","917,991","917,992","1,835,984","3,671,968","5,507,951","7,343,935","9,179,918","11,015,902"
40-24,"9,223,882","922,388","922,389","1,844,777","3,689,553","5,534,330","7,379,106","9,223,882","11,068,659"
40-25,"9,268,047","926,804","926,805","1,853,610","3,707,219","5,560,829","7,414,438","9,268,047","11,121,657"
40-26,"9,312,436","931,243","931,244","1,862,488","3,724,975","5,587,462","7,449,949","9,312,436","11,174,924"
40-27,"9,357,053","935,705","935,706","1,871,411","3,742,822","5,614,232","7,485,643","9,357,053","11,228,464"
40-28,"9,401,869","940,186","940,187","1,880,374","3,760,748","5,641,122","7,521,496","9,401,869","11,282,243"
40-29,"9,446,891","944,689","944,690","1,889,379","3,778,757","5,668,135","7,557,513","9,446,891","11,336,270"
40-30,"9,492,111","949,211","949,212","1,898,423","3,796,845","5,695,267","7,593,689","9,492,111","11,390,534"
41-1,"9,512,926","951,292","951,293","1,902,586","3,805,171","5,707,756","7,610,341","9,512,926","11,415,512"
41-2,"9,533,781","953,378","953,379","1,906,757","3,813,513","5,720,269","7,627,025","9,533,781","11,440,538"
41-3,"9,554,685","955,468","955,469","1,910,937","3,821,874","5,732,811","7,643,748","9,554,685","11,465,622"
41-4,"9,575,634","957,563","957,564","1,915,127","3,830,254","5,745,381","7,660,508","9,575,634","11,490,761"
41-5,"9,596,630","959,662","959,663","1,919,326","3,838,652","5,757,978","7,677,304","9,596,630","11,515,956"
41-6,"9,617,672","961,767","961,768","1,923,535","3,847,069","5,770,604","7,694,138","9,617,672","11,541,207"
41-7,"9,638,756","963,875","963,876","1,927,752","3,855,503","5,783,254","7,711,005","9,638,756","11,566,508"
41-8,"9,659,891","965,989","965,990","1,931,979","3,863,957","5,795,935","7,727,913","9,659,891","11,591,870"
41-9,"9,681,073","968,107","968,108","1,936,215","3,872,430","5,808,644","7,744,859","9,681,073","11,617,288"
41-10,"9,702,298","970,229","970,230","1,940,460","3,880,920","5,821,379","7,761,839","9,702,298","11,642,758"
41-11,"9,723,571","972,357","972,358","1,944,715","3,889,429","5,834,143","7,778,857","9,723,571","11,668,286"
41-12,"9,744,888","974,488","974,489","1,948,978","3,897,956","5,846,933","7,795,911","9,744,888","11,693,866"
41-13,"9,766,257","976,625","976,626","1,953,252","3,906,503","5,859,755","7,813,006","9,766,257","11,719,509"
41-14,"9,787,669","978,766","978,767","1,957,534","3,915,068","5,872,602","7,830,136","9,787,669","11,745,203"
41-15,"9,809,129","980,912","980,913","1,961,826","3,923,652","5,885,478","7,847,304","9,809,129","11,770,955"
41-16,"9,830,636","983,063","983,064","1,966,128","3,932,255","5,898,382","7,864,509","9,830,636","11,796,764"
41-17,"9,852,190","985,218","985,219","1,970,438","3,940,876","5,911,314","7,881,752","9,852,190","11,822,628"
41-18,"9,873,793","987,379","987,380","1,974,759","3,949,518","5,924,276","7,899,035","9,873,793","11,848,552"
41-19,"9,895,440","989,543","989,544","1,979,088","3,958,176","5,937,264","7,916,352","9,895,440","11,874,528"
41-20,"9,917,138","991,713","991,714","1,983,428","3,966,856","5,950,283","7,933,711","9,917,138","11,900,566"
41-21,"9,938,881","993,888","993,889","1,987,777","3,975,553","5,963,329","7,951,105","9,938,881","11,926,658"
41-22,"9,960,674","996,067","996,068","1,992,135","3,984,270","5,976,405","7,968,540","9,960,674","11,952,809"
41-23,"9,982,510","998,250","998,251","1,996,502","3,993,004","5,989,506","7,986,008","9,982,510","11,979,012"
41-24,"10,004,399","1,000,439","1,000,440","2,000,880","4,001,760","6,002,640","8,003,520","10,004,399","12,005,279"
41-25,"10,026,333","1,002,633","1,002,634","2,005,267","4,010,534","6,015,800","8,021,067","10,026,333","12,031,600"
41-26,"10,048,318","1,004,831","1,004,832","2,009,664","4,019,328","6,028,991","8,038,655","10,048,318","12,057,982"
41-27,"10,070,350","1,007,034","1,007,035","2,014,070","4,028,140","6,042,210","8,056,280","10,070,350","12,084,420"
41-28,"10,092,428","1,009,242","1,009,243","2,018,486","4,036,972","6,055,457","8,073,943","10,092,428","12,110,914"
41-29,"10,114,556","1,011,455","1,011,456","2,022,912","4,045,823","6,068,734","8,091,645","10,114,556","12,137,468"
41-30,"10,136,734","1,013,673","1,013,674","2,027,347","4,054,694","6,082,041","8,109,388","10,136,734","12,164,081"
42-1,"10,158,958","1,015,895","1,015,896","2,031,792","4,063,584","6,095,375","8,127,167","10,158,958","12,190,750"
42-2,"10,181,235","1,018,123","1,018,124","2,036,247","4,072,494","6,108,741","8,144,988","10,181,235","12,217,482"
42-3,"10,203,557","1,020,355","1,020,356","2,040,712","4,081,423","6,122,135","8,162,846","10,203,557","12,244,269"
42-4,"10,225,929","1,022,592","1,022,593","2,045,186","4,090,372","6,135,558","8,180,744","10,225,929","12,271,115"
42-5,"10,248,349","1,024,834","1,024,835","2,049,670","4,099,340","6,149,010","8,198,680","10,248,349","12,298,019"
42-6,"10,270,822","1,027,082","1,027,083","2,054,165","4,108,329","6,162,494","8,216,658","10,270,822","12,324,987"
42-7,"10,293,343","1,029,334","1,029,335","2,058,669","4,117,338","6,176,006","8,234,675","10,293,343","12,352,012"
42-8,"10,315,913","1,031,591","1,031,592","2,063,183","4,126,366","6,189,548","8,252,731","10,315,913","12,379,096"
42-9,"10,338,535","1,033,853","1,033,854","2,067,707","4,135,414","6,203,121","8,270,828","10,338,535","12,406,242"
42-10,"10,361,204","1,036,120","1,036,121","2,072,241","4,144,482","6,216,723","8,288,964","10,361,204","12,433,445"
42-11,"10,383,924","1,038,392","1,038,393","2,076,785","4,153,570","6,230,355","8,307,140","10,383,924","12,460,709"
42-12,"10,406,692","1,040,669","1,040,670","2,081,339","4,162,677","6,244,016","8,325,354","10,406,692","12,488,031"
42-13,"10,429,514","1,042,951","1,042,952","2,085,903","4,171,806","6,257,709","8,343,612","10,429,514","12,515,417"
42-14,"10,452,384","1,045,238","1,045,239","2,090,477","4,180,954","6,271,431","8,361,908","10,452,384","12,542,861"
42-15,"10,475,303","1,047,530","1,047,531","2,095,061","4,190,122","6,285,182","8,380,243","10,475,303","12,570,364"
42-16,"10,498,274","1,049,827","1,049,828","2,099,655","4,199,310","6,298,965","8,398,620","10,498,274","12,597,929"
42-17,"10,521,294","1,052,129","1,052,130","2,104,259","4,208,518","6,312,777","8,417,036","10,521,294","12,625,553"
42-18,"10,544,364","1,054,436","1,054,437","2,108,873","4,217,746","6,326,619","8,435,492","10,544,364","12,653,237"
42-19,"10,567,486","1,056,748","1,056,749","2,113,498","4,226,995","6,340,492","8,453,989","10,567,486","12,680,984"
42-20,"10,590,657","1,059,065","1,059,066","2,118,132","4,236,263","6,354,395","8,472,526","10,590,657","12,708,789"
42-21,"10,613,880","1,061,387","1,061,388","2,122,776","4,245,552","6,368,328","8,491,104","10,613,880","12,736,656"
42-22,"10,637,155","1,063,715","1,063,716","2,127,431","4,254,862","6,382,293","8,509,724","10,637,155","12,764,586"
42-23,"10,660,480","1,066,047","1,066,048","2,132,096","4,264,192","6,396,288","8,528,384","10,660,480","12,792,576"
42-24,"10,683,855","1,068,385","1,068,386","2,136,771","4,273,542","6,410,313","8,547,084","10,683,855","12,820,626"
42-25,"10,707,283","1,070,728","1,070,729","2,141,457","4,282,914","6,424,370","8,565,827","10,707,283","12,848,740"
42-26,"10,730,761","1,073,076","1,073,077","2,146,153","4,292,305","6,438,457","8,584,609","10,730,761","12,876,914"
42-27,"10,754,289","1,075,428","1,075,429","2,150,858","4,301,716","6,452,574","8,603,432","10,754,289","12,905,147"
42-28,"10,777,873","1,077,787","1,077,788","2,155,575","4,311,150","6,466,724","8,622,299","10,777,873","12,933,448"
42-29,"10,801,507","1,080,150","1,080,151","2,160,302","4,320,603","6,480,905","8,641,206","10,801,507","12,961,809"
42-30,"10,825,191","1,082,519","1,082,520","2,165,039","4,330,077","6,495,115","8,660,153","10,825,191","12,990,230"
43-1,"10,848,929","1,084,892","1,084,893","2,169,786","4,339,572","6,509,358","8,679,144","10,848,929","13,018,715"
43-2,"10,872,719","1,087,271","1,087,272","2,174,544","4,349,088","6,523,632","8,698,176","10,872,719","13,047,263"
43-3,"10,896,560","1,089,655","1,089,656","2,179,312","4,358,624","6,537,936","8,717,248","10,896,560","13,075,872"
43-4,"10,920,452","1,092,045","1,092,046","2,184,091","4,368,181","6,552,272","8,736,362","10,920,452","13,104,543"
43-5,"10,944,400","1,094,439","1,094,440","2,188,880","4,377,760","6,566,640","8,755,520","10,944,400","13,133,280"
43-6,"10,968,398","1,096,839","1,096,840","2,193,680","4,387,360","6,581,039","8,774,719","10,968,398","13,162,078"
43-7,"10,992,448","1,099,244","1,099,245","2,198,490","4,396,980","6,595,469","8,793,959","10,992,448","13,190,938"
43-8,"11,016,554","1,101,655","1,101,656","2,203,311","4,406,622","6,609,933","8,813,244","11,016,554","13,219,865"
43-9,"11,040,710","1,104,070","1,104,071","2,208,142","4,416,284","6,624,426","8,832,568","11,040,710","13,248,852"
43-10,"11,064,916","1,106,491","1,106,492","2,212,984","4,425,967","6,638,950","8,851,933","11,064,916","13,277,900"
43-11,"11,089,176","1,108,917","1,108,918","2,217,836","4,435,671","6,653,506","8,871,341","11,089,176","13,307,012"
43-12,"11,113,489","1,111,348","1,111,349","2,222,698","4,445,396","6,668,094","8,890,792","11,113,489","13,336,187"
43-13,"11,137,857","1,113,785","1,113,786","2,227,572","4,455,143","6,682,715","8,910,286","11,137,857","13,365,429"
43-14,"11,162,278","1,116,227","1,116,228","2,232,456","4,464,912","6,697,367","8,929,823","11,162,278","13,394,734"
43-15,"11,186,750","1,118,674","1,118,675","2,237,350","4,474,700","6,712,050","8,949,400","11,186,750","13,424,100"
43-16,"11,211,280","1,121,127","1,121,128","2,242,256","4,484,512","6,726,768","8,969,024","11,211,280","13,453,536"
43-17,"11,235,860","1,123,585","1,123,586","2,247,172","4,494,344","6,741,516","8,988,688","11,235,860","13,483,032"
43-18,"11,260,493","1,126,049","1,126,050","2,252,099","4,504,198","6,756,296","9,008,395","11,260,493","13,512,592"
43-19,"11,285,185","1,128,518","1,128,519","2,257,037","4,514,074","6,771,111","9,028,148","11,285,185","13,542,222"
43-20,"11,309,926","1,130,992","1,130,993","2,261,986","4,523,971","6,785,956","9,047,941","11,309,926","13,571,912"
43-21,"11,334,723","1,133,472","1,133,473","2,266,945","4,533,890","6,800,834","9,067,779","11,334,723","13,601,668"
43-22,"11,359,576","1,135,957","1,135,958","2,271,916","4,543,831","6,815,746","9,087,661","11,359,576","13,631,492"
43-23,"11,384,482","1,138,448","1,138,449","2,276,897","4,553,793","6,830,690","9,107,586","11,384,482","13,661,379"
43-24,"11,409,442","1,140,944","1,140,945","2,281,889","4,563,777","6,845,666","9,127,554","11,409,442","13,691,331"
43-25,"11,434,459","1,143,445","1,143,446","2,286,892","4,573,784","6,860,676","9,147,568","11,434,459","13,721,351"
43-26,"11,459,529","1,145,952","1,145,953","2,291,906","4,583,812","6,875,718","9,167,624","11,459,529","13,751,435"
43-27,"11,484,655","1,148,465","1,148,466","2,296,931","4,593,862","6,890,793","9,187,724","11,484,655","13,781,586"
43-28,"11,509,836","1,150,983","1,150,984","2,301,968","4,603,935","6,905,902","9,207,869","11,509,836","13,811,804"
43-29,"11,535,072","1,153,507","1,153,508","2,307,015","4,614,029","6,921,044","9,228,058","11,535,072","13,842,087"
43-30,"11,560,362","1,156,036","1,156,037","2,312,073","4,624,145","6,936,218","9,248,290","11,560,362","13,872,435"
44-1,"11,585,709","1,158,570","1,158,571","2,317,142","4,634,284","6,951,426","9,268,568","11,585,709","13,902,851"
44-2,"11,611,110","1,161,110","1,161,111","2,322,222","4,644,444","6,966,666","9,288,888","11,611,110","13,933,332"
44-3,"11,636,568","1,163,656","1,163,657","2,327,314","4,654,628","6,981,941","9,309,255","11,636,568","13,963,882"
44-4,"11,662,082","1,166,208","1,166,209","2,332,417","4,664,833","6,997,250","9,329,666","11,662,082","13,994,499"
44-5,"11,687,653","1,168,765","1,168,766","2,337,531","4,675,062","7,012,592","9,350,123","11,687,653","14,025,184"
44-6,"11,713,277","1,171,327","1,171,328","2,342,656","4,685,311","7,027,967","9,370,622","11,713,277","14,055,933"
44-7,"11,738,960","1,173,895","1,173,896","2,347,792","4,695,584","7,043,376","9,391,168","11,738,960","14,086,752"
44-8,"11,764,696","1,176,469","1,176,470","2,352,940","4,705,879","7,058,818","9,411,757","11,764,696","14,117,636"
44-9,"11,790,492","1,179,049","1,179,050","2,358,099","4,716,197","7,074,296","9,432,394","11,790,492","14,148,591"
44-10,"11,816,342","1,181,634","1,181,635","2,363,269","4,726,537","7,089,806","9,453,074","11,816,342","14,179,611"
44-11,"11,842,250","1,184,224","1,184,225","2,368,450","4,736,900","7,105,350","9,473,800","11,842,250","14,210,700"
44-12,"11,868,215","1,186,821","1,186,822","2,373,643","4,747,286","7,120,929","9,494,572","11,868,215","14,241,858"
44-13,"11,894,235","1,189,423","1,189,424","2,378,847","4,757,694","7,136,541","9,515,388","11,894,235","14,273,082"
44-14,"11,920,308","1,192,030","1,192,031","2,384,062","4,768,124","7,152,185","9,536,247","11,920,308","14,304,370"
44-15,"11,946,443","1,194,644","1,194,645","2,389,289","4,778,578","7,167,866","9,557,155","11,946,443","14,335,732"
44-16,"11,972,633","1,197,263","1,197,264","2,394,527","4,789,054","7,183,580","9,578,107","11,972,633","14,367,160"
44-17,"11,998,883","1,199,888","1,199,889","2,399,777","4,799,554","7,199,330","9,599,107","11,998,883","14,398,660"
44-18,"12,025,187","1,202,518","1,202,519","2,405,038","4,810,075","7,215,113","9,620,150","12,025,187","14,430,225"
44-19,"12,051,550","1,205,154","1,205,155","2,410,310","4,820,620","7,230,930","9,641,240","12,051,550","14,461,860"
44-20,"12,077,972","1,207,797","1,207,798","2,415,595","4,831,189","7,246,784","9,662,378","12,077,972","14,493,567"
44-21,"12,104,451","1,210,445","1,210,446","2,420,891","4,841,781","7,262,671","9,683,561","12,104,451","14,525,342"
44-22,"12,130,989","1,213,098","1,213,099","2,426,198","4,852,396","7,278,594","9,704,792","12,130,989","14,557,187"
44-23,"12,157,583","1,215,758","1,215,759","2,431,517","4,863,034","7,294,550","9,726,067","12,157,583","14,589,100"
44-24,"12,184,239","1,218,423","1,218,424","2,436,848","4,873,696","7,310,544","9,747,392","12,184,239","14,621,087"
44-25,"12,210,949","1,221,094","1,221,095","2,442,190","4,884,380","7,326,570","9,768,760","12,210,949","14,653,139"
44-26,"12,237,722","1,223,772","1,223,773","2,447,545","4,895,089","7,342,634","9,790,178","12,237,722","14,685,267"
44-27,"12,264,548","1,226,454","1,226,455","2,452,910","4,905,820","7,358,729","9,811,639","12,264,548","14,717,458"
44-28,"12,291,438","1,229,143","1,229,144","2,458,288","4,916,576","7,374,863","9,833,151","12,291,438","14,749,726"
44-29,"12,318,384","1,231,838","1,231,839","2,463,677","4,927,354","7,391,031","9,854,708","12,318,384","14,782,061"
44-30,"12,345,390","1,234,538","1,234,539","2,469,078","4,938,156","7,407,234","9,876,312","12,345,390","14,814,468"
45-1,"12,372,455","1,237,245","1,237,246","2,474,491","4,948,982","7,423,473","9,897,964","12,372,455","14,846,946"
45-2,"12,399,579","1,239,957","1,239,958","2,479,916","4,959,832","7,439,748","9,919,664","12,399,579","14,879,495"
45-3,"12,426,765","1,242,676","1,242,677","2,485,353","4,970,706","7,456,059","9,941,412","12,426,765","14,912,118"
45-4,"12,454,008","1,245,400","1,245,401","2,490,802","4,981,604","7,472,405","9,963,207","12,454,008","14,944,810"
45-5,"12,481,312","1,248,131","1,248,132","2,496,263","4,992,525","7,488,788","9,985,050","12,481,312","14,977,575"
45-6,"12,508,677","1,250,867","1,250,868","2,501,736","5,003,471","7,505,207","10,006,942","12,508,677","15,010,413"
45-7,"12,536,098","1,253,609","1,253,610","2,507,220","5,014,440","7,521,659","10,028,879","12,536,098","15,043,318"
45-8,"12,563,582","1,256,358","1,256,359","2,512,717","5,025,433","7,538,150","10,050,866","12,563,582","15,076,299"
45-9,"12,591,127","1,259,112","1,259,113","2,518,226","5,036,451","7,554,677","10,072,902","12,591,127","15,109,353"
45-10,"12,618,731","1,261,873","1,261,874","2,523,747","5,047,493","7,571,239","10,094,985","12,618,731","15,142,478"
45-11,"12,646,395","1,264,639","1,264,640","2,529,279","5,058,558","7,587,837","10,117,116","12,646,395","15,175,674"
45-12,"12,674,119","1,267,411","1,267,412","2,534,824","5,069,648","7,604,472","10,139,296","12,674,119","15,208,943"
45-13,"12,701,904","1,270,190","1,270,191","2,540,381","5,080,762","7,621,143","10,161,524","12,701,904","15,242,285"
45-14,"12,729,752","1,272,975","1,272,976","2,545,951","5,091,901","7,637,852","10,183,802","12,729,752","15,275,703"
45-15,"12,752,565","1,275,256","1,275,257","2,550,513","5,101,026","7,651,539","10,202,052","12,752,565","15,303,078"
45-16,"12,775,416","1,277,541","1,277,542","2,555,084","5,110,167","7,665,250","10,220,333","12,775,416","15,330,500"
45-17,"12,798,308","1,279,830","1,279,831","2,559,662","5,119,324","7,678,985","10,238,647","12,798,308","15,357,970"
45-18,"12,821,241","1,282,124","1,282,125","2,564,249","5,128,497","7,692,745","10,256,993","12,821,241","15,385,490"
45-19,"12,844,216","1,284,421","1,284,422","2,568,844","5,137,687","7,706,530","10,275,373","12,844,216","15,413,060"
45-20,"12,867,233","1,286,723","1,286,724","2,573,447","5,146,894","7,720,340","10,293,787","12,867,233","15,440,680"
45-21,"12,890,289","1,289,028","1,289,029","2,578,058","5,156,116","7,734,174","10,312,232","12,890,289","15,468,347"
45-22,"12,913,386","1,291,338","1,291,339","2,582,678","5,165,355","7,748,032","10,330,709","12,913,386","15,496,064"
45-23,"12,936,528","1,293,652","1,293,653","2,587,306","5,174,612","7,761,917","10,349,223","12,936,528","15,523,834"
45-24,"12,959,708","1,295,970","1,295,971","2,591,942","5,183,884","7,775,825","10,367,767","12,959,708","15,551,650"
45-25,"12,982,933","1,298,293","1,298,294","2,596,587","5,193,174","7,789,760","10,386,347","12,982,933","15,579,520"
45-26,"13,006,195","1,300,619","1,300,620","2,601,239","5,202,478","7,803,717","10,404,956","13,006,195","15,607,434"
45-27,"13,029,501","1,302,950","1,302,951","2,605,901","5,211,801","7,817,701","10,423,601","13,029,501","15,635,402"
45-28,"13,052,850","1,305,284","1,305,285","2,610,570","5,221,140","7,831,710","10,442,280","13,052,850","15,663,420"
45-29,"13,076,237","1,307,623","1,307,624","2,615,248","5,230,495","7,845,743","10,460,990","13,076,237","15,691,485"
45-30,"13,099,673","1,309,967","1,309,968","2,619,935","5,239,870","7,859,804","10,479,739","13,099,673","15,719,608"
46-1,"13,123,145","1,312,314","1,312,315","2,624,629","5,249,258","7,873,887","10,498,516","13,123,145","15,747,774"
46-2,"13,146,658","1,314,665","1,314,666","2,629,332","5,258,664","7,887,995","10,517,327","13,146,658","15,775,990"
46-3,"13,170,217","1,317,021","1,317,022","2,634,044","5,268,087","7,902,131","10,536,174","13,170,217","15,804,261"
46-4,"13,193,817","1,319,381","1,319,382","2,638,764","5,277,527","7,916,291","10,555,054","13,193,817","15,832,581"
46-5,"13,217,459","1,321,745","1,321,746","2,643,492","5,286,984","7,930,476","10,573,968","13,217,459","15,860,951"
46-6,"13,241,145","1,324,114","1,324,115","2,648,229","5,296,458","7,944,687","10,592,916","13,241,145","15,889,374"
46-7,"13,264,871","1,326,487","1,326,488","2,652,975","5,305,949","7,958,923","10,611,897","13,264,871","15,917,846"
46-8,"13,288,642","1,328,864","1,328,865","2,657,729","5,315,457","7,973,186","10,630,914","13,288,642","15,946,371"
46-9,"13,312,452","1,331,245","1,331,246","2,662,491","5,324,981","7,987,472","10,649,962","13,312,452","15,974,943"
46-10,"13,336,310","1,333,630","1,333,631","2,667,262","5,334,524","8,001,786","10,669,048","13,336,310","16,003,572"
46-11,"13,360,206","1,336,020","1,336,021","2,672,042","5,344,083","8,016,124","10,688,165","13,360,206","16,032,248"
46-12,"13,384,147","1,338,414","1,338,415","2,676,830","5,353,659","8,030,489","10,707,318","13,384,147","16,060,977"
46-13,"13,408,130","1,340,812","1,340,813","2,681,626","5,363,252","8,044,878","10,726,504","13,408,130","16,089,756"
46-14,"13,432,155","1,343,215","1,343,216","2,686,431","5,372,862","8,059,293","10,745,724","13,432,155","16,118,586"
46-15,"13,456,226","1,345,622","1,345,623","2,691,246","5,382,491","8,073,736","10,764,981","13,456,226","16,147,472"
46-16,"13,479,882","1,347,988","1,347,989","2,695,977","5,391,953","8,087,930","10,783,906","13,479,882","16,175,859"
46-17,"13,503,581","1,350,358","1,350,359","2,700,717","5,401,433","8,102,149","10,802,865","13,503,581","16,204,298"
46-18,"13,527,321","1,352,732","1,352,733","2,705,465","5,410,929","8,116,393","10,821,857","13,527,321","16,232,786"
46-19,"13,551,103","1,355,110","1,355,111","2,710,221","5,420,442","8,130,662","10,840,883","13,551,103","16,261,324"
46-20,"13,574,928","1,357,492","1,357,493","2,714,986","5,429,972","8,144,957","10,859,943","13,574,928","16,289,914"
46-21,"13,598,792","1,359,879","1,359,880","2,719,759","5,439,517","8,159,276","10,879,034","13,598,792","16,318,551"
46-22,"13,622,699","1,362,269","1,362,270","2,724,540","5,449,080","8,173,620","10,898,160","13,622,699","16,347,239"
46-23,"13,646,650","1,364,664","1,364,665","2,729,330","5,458,660","8,187,990","10,917,320","13,646,650","16,375,980"
46-24,"13,670,640","1,367,063","1,367,064","2,734,128","5,468,256","8,202,384","10,936,512","13,670,640","16,404,768"
46-25,"13,694,675","1,369,467","1,369,468","2,738,935","5,477,870","8,216,805","10,955,740","13,694,675","16,433,610"
46-26,"13,718,752","1,371,875","1,371,876","2,743,751","5,487,501","8,231,252","10,975,002","13,718,752","16,462,503"
46-27,"13,742,868","1,374,286","1,374,287","2,748,574","5,497,148","8,245,721","10,994,295","13,742,868","16,491,442"
46-28,"13,767,030","1,376,702","1,376,703","2,753,406","5,506,812","8,260,218","11,013,624","13,767,030","16,520,436"
46-29,"13,791,234","1,379,123","1,379,124","2,758,247","5,516,494","8,274,741","11,032,988","13,791,234","16,549,481"
46-30,"13,815,481","1,381,548","1,381,549","2,763,097","5,526,193","8,289,289","11,052,385","13,815,481","16,578,578"
47-1,"13,839,770","1,383,976","1,383,977","2,767,954","5,535,908","8,303,862","11,071,816","13,839,770","16,607,724"
47-2,"13,864,101","1,386,410","1,386,411","2,772,821","5,545,641","8,318,461","11,091,281","13,864,101","16,636,922"
47-3,"13,888,474","1,388,847","1,388,848","2,777,695","5,555,390","8,333,085","11,110,780","13,888,474","16,666,169"
47-4,"13,912,891","1,391,289","1,391,290","2,782,579","5,565,157","8,347,735","11,130,313","13,912,891","16,695,470"
47-5,"13,937,351","1,393,735","1,393,736","2,787,471","5,574,941","8,362,411","11,149,881","13,937,351","16,724,822"
47-6,"13,961,853","1,396,185","1,396,186","2,792,371","5,584,742","8,377,112","11,169,483","13,961,853","16,754,224"
47-7,"13,986,398","1,398,639","1,398,640","2,797,280","5,594,560","8,391,839","11,189,119","13,986,398","16,783,678"
47-8,"14,010,988","1,401,098","1,401,099","2,802,198","5,604,396","8,406,593","11,208,791","14,010,988","16,813,186"
47-9,"14,035,619","1,403,561","1,403,562","2,807,124","5,614,248","8,421,372","11,228,496","14,035,619","16,842,743"
47-10,"14,060,296","1,406,029","1,406,030","2,812,060","5,624,119","8,436,178","11,248,237","14,060,296","16,872,356"
47-11,"14,085,016","1,408,501","1,408,502","2,817,004","5,634,007","8,451,010","11,268,013","14,085,016","16,902,020"
47-12,"14,109,779","1,410,977","1,410,978","2,821,956","5,643,912","8,465,868","11,287,824","14,109,779","16,931,735"
47-13,"14,134,582","1,413,458","1,413,459","2,826,917","5,653,833","8,480,750","11,307,666","14,134,582","16,961,499"
47-14,"14,159,434","1,415,943","1,415,944","2,831,887","5,663,774","8,495,661","11,327,548","14,159,434","16,991,321"
47-15,"14,184,326","1,418,432","1,418,433","2,836,866","5,673,731","8,510,596","11,347,461","14,184,326","17,021,192"
47-16,"14,209,263","1,420,926","1,420,927","2,841,853","5,683,706","8,525,558","11,367,411","14,209,263","17,051,116"
47-17,"14,234,246","1,423,424","1,423,425","2,846,850","5,693,699","8,540,548","11,387,397","14,234,246","17,081,096"
47-18,"14,259,274","1,425,927","1,425,928","2,851,855","5,703,710","8,555,565","11,407,420","14,259,274","17,111,129"
47-19,"14,284,347","1,428,434","1,428,435","2,856,870","5,713,739","8,570,609","11,427,478","14,284,347","17,141,217"
47-20,"14,309,461","1,430,946","1,430,947","2,861,893","5,723,785","8,585,677","11,447,569","14,309,461","17,171,354"
47-21,"14,334,622","1,433,462","1,433,463","2,866,925","5,733,849","8,600,774","11,467,698","14,334,622","17,201,547"
47-22,"14,359,826","1,435,982","1,435,983","2,871,966","5,743,931","8,615,896","11,487,861","14,359,826","17,231,792"
47-23,"14,385,076","1,438,507","1,438,508","2,877,016","5,754,031","8,631,046","11,508,061","14,385,076","17,262,092"
47-24,"14,410,366","1,441,036","1,441,037","2,882,074","5,764,147","8,646,220","11,528,293","14,410,366","17,292,440"
47-25,"14,435,706","1,443,570","1,443,571","2,887,142","5,774,283","8,661,424","11,548,565","14,435,706","17,322,848"
47-26,"14,461,087","1,446,108","1,446,109","2,892,218","5,784,435","8,676,653","11,568,870","14,461,087","17,353,305"
47-27,"14,486,513","1,448,651","1,448,652","2,897,303","5,794,606","8,691,908","11,589,211","14,486,513","17,383,816"
47-28,"14,511,986","1,451,198","1,451,199","2,902,398","5,804,795","8,707,192","11,609,589","14,511,986","17,414,384"
47-29,"14,537,500","1,453,749","1,453,750","2,907,500","5,815,000","8,722,500","11,630,000","14,537,500","17,445,000"
47-30,"14,563,062","1,456,306","1,456,307","2,912,613","5,825,225","8,737,838","11,650,450","14,563,062","17,475,675"
48-1,"14,588,668","1,458,866","1,458,867","2,917,734","5,835,468","8,753,201","11,670,935","14,588,668","17,506,402"
48-2,"14,614,318","1,461,431","1,461,432","2,922,864","5,845,728","8,768,591","11,691,455","14,614,318","17,537,182"
48-3,"14,640,014","1,464,001","1,464,002","2,928,003","5,856,006","8,784,009","11,712,012","14,640,014","17,568,017"
48-4,"14,665,757","1,466,575","1,466,576","2,933,152","5,866,303","8,799,455","11,732,606","14,665,757","17,598,909"
48-5,"14,691,543","1,469,154","1,469,155","2,938,309","5,876,618","8,814,926","11,753,235","14,691,543","17,629,852"
48-6,"14,717,373","1,471,737","1,471,738","2,943,475","5,886,950","8,830,424","11,773,899","14,717,373","17,660,848"
48-7,"14,743,251","1,474,325","1,474,326","2,948,651","5,897,301","8,845,951","11,794,601","14,743,251","17,691,902"
48-8,"14,769,173","1,476,917","1,476,918","2,953,835","5,907,670","8,861,504","11,815,339","14,769,173","17,723,008"
48-9,"14,795,139","1,479,513","1,479,514","2,959,028","5,918,056","8,877,084","11,836,112","14,795,139","17,754,167"
48-10,"14,821,154","1,482,115","1,482,116","2,964,231","5,928,462","8,892,693","11,856,924","14,821,154","17,785,385"
48-11,"14,847,214","1,484,721","1,484,722","2,969,443","5,938,886","8,908,329","11,877,772","14,847,214","17,816,657"
48-12,"14,873,320","1,487,331","1,487,332","2,974,664","5,949,328","8,923,992","11,898,656","14,873,320","17,847,984"
48-13,"14,899,471","1,489,947","1,489,948","2,979,895","5,959,789","8,939,683","11,919,577","14,899,471","17,879,366"
48-14,"14,925,668","1,492,566","1,492,567","2,985,134","5,970,268","8,955,401","11,940,535","14,925,668","17,910,802"
48-15,"14,951,911","1,495,191","1,495,192","2,990,383","5,980,765","8,971,147","11,961,529","14,951,911","17,942,294"
48-16,"14,978,202","1,497,820","1,497,821","2,995,641","5,991,281","8,986,922","11,982,562","14,978,202","17,973,843"
48-17,"15,004,538","1,500,453","1,500,454","3,000,908","6,001,816","9,002,723","12,003,631","15,004,538","18,005,446"
48-18,"15,030,912","1,503,091","1,503,092","3,006,183","6,012,365","9,018,548","12,024,730","15,030,912","18,037,095"
48-19,"15,057,336","1,505,733","1,505,734","3,011,468","6,022,935","9,034,402","12,045,869","15,057,336","18,068,804"
48-20,"15,083,804","1,508,380","1,508,381","3,016,761","6,033,522","9,050,283","12,067,044","15,083,804","18,100,565"
48-21,"15,110,319","1,511,031","1,511,032","3,022,064","6,044,128","9,066,192","12,088,256","15,110,319","18,132,383"
48-22,"15,136,880","1,513,687","1,513,688","3,027,376","6,054,752","9,082,128","12,109,504","15,136,880","18,164,256"
48-23,"15,163,489","1,516,348","1,516,349","3,032,698","6,065,396","9,098,094","12,130,792","15,163,489","18,196,187"
48-24,"15,190,144","1,519,014","1,519,015","3,038,029","6,076,058","9,114,087","12,152,116","15,190,144","18,228,173"
48-25,"15,216,846","1,521,684","1,521,685","3,043,370","6,086,739","9,130,108","12,173,477","15,216,846","18,260,216"
48-26,"15,243,596","1,524,359","1,524,360","3,048,720","6,097,439","9,146,158","12,194,877","15,243,596","18,292,316"
48-27,"15,270,392","1,527,039","1,527,040","3,054,079","6,108,157","9,162,236","12,216,314","15,270,392","18,324,471"
48-28,"15,297,234","1,529,723","1,529,724","3,059,447","6,118,894","9,178,341","12,237,788","15,297,234","18,356,681"
48-29,"15,324,124","1,532,412","1,532,413","3,064,825","6,129,650","9,194,475","12,259,300","15,324,124","18,388,949"
48-30,"15,351,062","1,535,106","1,535,107","3,070,213","6,140,425","9,210,638","12,280,850","15,351,062","18,421,275"
49-1,"15,378,048","1,537,804","1,537,805","3,075,610","6,151,220","9,226,829","12,302,439","15,378,048","18,453,658"
49-2,"15,405,080","1,540,507","1,540,508","3,081,016","6,162,032","9,243,048","12,324,064","15,405,080","18,486,096"
49-3,"15,432,160","1,543,215","1,543,216","3,086,432","6,172,864","9,259,296","12,345,728","15,432,160","18,518,592"
49-4,"15,459,288","1,545,928","1,545,929","3,091,858","6,183,716","9,275,573","12,367,431","15,459,288","18,551,146"
49-5,"15,486,465","1,548,646","1,548,647","3,097,293","6,194,586","9,291,879","12,389,172","15,486,465","18,583,758"
49-6,"15,513,685","1,551,368","1,551,369","3,102,737","6,205,474","9,308,211","12,410,948","15,513,685","18,616,422"
49-7,"15,540,954","1,554,095","1,554,096","3,108,191","6,216,382","9,324,573","12,432,764","15,540,954","18,649,145"
49-8,"15,568,276","1,556,827","1,556,828","3,113,656","6,227,311","9,340,966","12,454,621","15,568,276","18,681,932"
49-9,"15,595,642","1,559,564","1,559,565","3,119,129","6,238,257","9,357,386","12,476,514","15,595,642","18,714,771"
49-10,"15,623,057","1,562,305","1,562,306","3,124,612","6,249,223","9,373,835","12,498,446","15,623,057","18,747,669"
49-11,"15,650,521","1,565,052","1,565,053","3,130,105","6,260,209","9,390,313","12,520,417","15,650,521","18,780,626"
49-12,"15,678,031","1,567,803","1,567,804","3,135,607","6,271,213","9,406,819","12,542,425","15,678,031","18,813,638"
49-13,"15,705,590","1,570,558","1,570,559","3,141,118","6,282,236","9,423,354","12,564,472","15,705,590","18,846,708"
49-14,"15,733,200","1,573,319","1,573,320","3,146,640","6,293,280","9,439,920","12,586,560","15,733,200","18,879,840"
49-15,"15,760,856","1,576,085","1,576,086","3,152,172","6,304,343","9,456,514","12,608,685","15,760,856","18,913,028"
49-16,"15,788,561","1,578,856","1,578,857","3,157,713","6,315,425","9,473,137","12,630,849","15,788,561","18,946,274"
49-17,"15,816,315","1,581,631","1,581,632","3,163,263","6,326,526","9,489,789","12,653,052","15,816,315","18,979,578"
49-18,"15,844,118","1,584,411","1,584,412","3,168,824","6,337,648","9,506,471","12,675,295","15,844,118","19,012,942"
49-19,"15,878,265","1,587,826","1,587,827","3,175,653","6,351,306","9,526,959","12,702,612","15,878,265","19,053,918"
49-20,"15,912,486","1,591,248","1,591,249","3,182,498","6,364,995","9,547,492","12,729,989","15,912,486","19,094,984"
49-21,"15,946,782","1,594,678","1,594,679","3,189,357","6,378,713","9,568,070","12,757,426","15,946,782","19,136,139"
49-22,"15,981,151","1,598,115","1,598,116","3,196,231","6,392,461","9,588,691","12,784,921","15,981,151","19,177,382"
49-23,"16,015,594","1,601,559","1,601,560","3,203,119","6,406,238","9,609,357","12,812,476","16,015,594","19,218,713"
49-24,"16,050,111","1,605,011","1,605,012","3,210,023","6,420,045","9,630,067","12,840,089","16,050,111","19,260,134"
49-25,"16,084,701","1,608,470","1,608,471","3,216,941","6,433,881","9,650,821","12,867,761","16,084,701","19,301,642"
49-26,"16,119,367","1,611,936","1,611,937","3,223,874","6,447,747","9,671,621","12,895,494","16,119,367","19,343,241"
49-27,"16,154,109","1,615,410","1,615,411","3,230,822","6,461,644","9,692,466","12,923,288","16,154,109","19,384,931"
49-28,"16,188,925","1,618,892","1,618,893","3,237,785","6,475,570","9,713,355","12,951,140","16,188,925","19,426,710"
49-29,"16,223,815","1,622,381","1,622,382","3,244,763","6,489,526","9,734,289","12,979,052","16,223,815","19,468,578"
49-30,"16,258,783","1,625,878","1,625,879","3,251,757","6,503,514","9,755,270","13,007,027","16,258,783","19,510,540"
50-1,"16,293,822","1,629,382","1,629,383","3,258,765","6,517,529","9,776,294","13,035,058","16,293,822","19,552,587"
50-2,"16,328,941","1,632,894","1,632,895","3,265,789","6,531,577","9,797,365","13,063,153","16,328,941","19,594,730"
50-3,"16,364,134","1,636,413","1,636,414","3,272,827","6,545,654","9,818,481","13,091,308","16,364,134","19,636,961"
50-4,"16,399,401","1,639,940","1,639,941","3,279,881","6,559,761","9,839,641","13,119,521","16,399,401","19,679,282"
50-5,"16,434,746","1,643,474","1,643,475","3,286,950","6,573,899","9,860,848","13,147,797","16,434,746","19,721,696"
50-6,"16,470,165","1,647,016","1,647,017","3,294,033","6,588,066","9,882,099","13,176,132","16,470,165","19,764,198"
50-7,"16,505,663","1,650,566","1,650,567","3,301,133","6,602,266","9,903,398","13,204,531","16,505,663","19,806,796"
50-8,"16,541,238","1,654,123","1,654,124","3,308,248","6,616,496","9,924,743","13,232,991","16,541,238","19,849,486"
50-9,"16,576,887","1,657,688","1,657,689","3,315,378","6,630,755","9,946,133","13,261,510","16,576,887","19,892,265"
50-10,"16,612,614","1,661,261","1,661,262","3,322,523","6,645,046","9,967,569","13,290,092","16,612,614","19,935,137"
50-11,"16,648,418","1,664,841","1,664,842","3,329,684","6,659,368","9,989,051","13,318,735","16,648,418","19,978,102"
50-12,"16,684,298","1,668,429","1,668,430","3,336,860","6,673,720","10,010,579","13,347,439","16,684,298","20,021,158"
50-13,"16,720,257","1,672,025","1,672,026","3,344,052","6,688,103","10,032,155","13,376,206","16,720,257","20,064,309"
50-14,"16,756,294","1,675,629","1,675,630","3,351,259","6,702,518","10,053,777","13,405,036","16,756,294","20,107,553"
50-15,"16,792,406","1,679,240","1,679,241","3,358,482","6,716,963","10,075,444","13,433,925","16,792,406","20,150,888"
50-16,"16,828,598","1,682,859","1,682,860","3,365,720","6,731,440","10,097,159","13,462,879","16,828,598","20,194,318"
50-17,"16,864,866","1,686,486","1,686,487","3,372,974","6,745,947","10,118,920","13,491,893","16,864,866","20,237,840"
50-18,"16,901,213","1,690,121","1,690,122","3,380,243","6,760,486","10,140,728","13,520,971","16,901,213","20,281,456"
50-19,"16,937,642","1,693,764","1,693,765","3,387,529","6,775,057","10,162,586","13,550,114","16,937,642","20,325,171"
50-20,"16,967,368","1,696,736","1,696,737","3,393,474","6,786,948","10,180,421","13,573,895","16,967,368","20,360,842"
50-21,"16,997,145","1,699,714","1,699,715","3,399,429","6,798,858","10,198,287","13,597,716","16,997,145","20,396,574"
50-22,"17,026,976","1,702,697","1,702,698","3,405,396","6,810,791","10,216,186","13,621,581","17,026,976","20,432,372"
50-23,"17,056,860","1,705,685","1,705,686","3,411,372","6,822,744","10,234,116","13,645,488","17,056,860","20,468,232"
50-24,"17,086,794","1,708,679","1,708,680","3,417,359","6,834,718","10,252,077","13,669,436","17,086,794","20,504,153"
50-25,"17,116,783","1,711,678","1,711,679","3,423,357","6,846,714","10,270,070","13,693,427","17,116,783","20,540,140"
50-26,"17,146,823","1,714,682","1,714,683","3,429,365","6,858,730","10,288,094","13,717,459","17,146,823","20,576,188"
50-27,"17,176,918","1,717,691","1,717,692","3,435,384","6,870,768","10,306,151","13,741,535","17,176,918","20,612,302"
50-28,"17,207,065","1,720,706","1,720,707","3,441,413","6,882,826","10,324,239","13,765,652","17,207,065","20,648,478"
50-29,"17,237,262","1,723,726","1,723,727","3,447,453","6,894,905","10,342,358","13,789,810","17,237,262","20,684,715"
50-30,"17,267,517","1,726,751","1,726,752","3,453,504","6,907,007","10,360,511","13,814,014","17,267,517","20,721,021"
51-1,"17,297,822","1,729,782","1,729,783","3,459,565","6,919,129","10,378,694","13,838,258","17,297,822","20,757,387"
51-2,"17,328,178","1,732,817","1,732,818","3,465,636","6,931,272","10,396,907","13,862,543","17,328,178","20,793,814"
51-3,"17,358,592","1,735,859","1,735,860","3,471,719","6,943,437","10,415,156","13,886,874","17,358,592","20,830,311"
51-4,"17,389,059","1,738,905","1,738,906","3,477,812","6,955,624","10,433,436","13,911,248","17,389,059","20,866,871"
51-5,"17,419,578","1,741,957","1,741,958","3,483,916","6,967,832","10,451,747","13,935,663","17,419,578","20,903,494"
51-6,"17,450,147","1,745,014","1,745,015","3,490,030","6,980,059","10,470,089","13,960,118","17,450,147","20,940,177"
51-7,"17,480,775","1,748,077","1,748,078","3,496,155","6,992,310","10,488,465","13,984,620","17,480,775","20,976,930"
51-8,"17,511,454","1,751,145","1,751,146","3,502,291","7,004,582","10,506,873","14,009,164","17,511,454","21,013,745"
51-9,"17,542,187","1,754,218","1,754,219","3,508,438","7,016,875","10,525,313","14,033,750","17,542,187","21,050,625"
51-10,"17,572,975","1,757,297","1,757,298","3,514,595","7,029,190","10,543,785","14,058,380","17,572,975","21,087,570"
51-11,"17,603,816","1,760,381","1,760,382","3,520,764","7,041,527","10,562,290","14,083,053","17,603,816","21,124,580"
51-12,"17,634,712","1,763,471","1,763,472","3,526,943","7,053,885","10,580,828","14,107,770","17,634,712","21,161,655"
51-13,"17,665,663","1,766,566","1,766,567","3,533,133","7,066,266","10,599,398","14,132,531","17,665,663","21,198,796"
51-14,"17,696,665","1,769,666","1,769,667","3,539,333","7,078,666","10,617,999","14,157,332","17,696,665","21,235,998"
51-15,"17,727,723","1,772,772","1,772,773","3,545,545","7,091,090","10,636,634","14,182,179","17,727,723","21,273,268"
51-16,"17,758,837","1,775,883","1,775,884","3,551,768","7,103,535","10,655,303","14,207,070","17,758,837","21,310,605"
51-17,"17,790,006","1,779,000","1,779,001","3,558,002","7,116,003","10,674,004","14,232,005","17,790,006","21,348,008"
51-18,"17,821,227","1,782,122","1,782,123","3,564,246","7,128,491","10,692,737","14,256,982","17,821,227","21,385,473"
51-19,"17,852,505","1,785,250","1,785,251","3,570,501","7,141,002","10,711,503","14,282,004","17,852,505","21,423,006"
51-20,"17,883,836","1,788,383","1,788,384","3,576,768","7,153,535","10,730,302","14,307,069","17,883,836","21,460,604"
51-21,"17,915,209","1,791,520","1,791,521","3,583,042","7,166,084","10,749,126","14,332,168","17,915,209","21,498,251"
51-22,"17,946,638","1,794,663","1,794,664","3,589,328","7,178,656","10,767,983","14,357,311","17,946,638","21,535,966"
51-23,"17,978,119","1,797,811","1,797,812","3,595,624","7,191,248","10,786,872","14,382,496","17,978,119","21,573,743"
51-24,"18,009,657","1,800,965","1,800,966","3,601,932","7,203,863","10,805,795","14,407,726","18,009,657","21,611,589"
51-25,"18,041,251","1,804,125","1,804,126","3,608,251","7,216,501","10,824,751","14,433,001","18,041,251","21,649,502"
51-26,"18,072,898","1,807,289","1,807,290","3,614,580","7,229,160","10,843,739","14,458,319","18,072,898","21,687,478"
51-27,"18,104,603","1,810,460","1,810,461","3,620,921","7,241,842","10,862,762","14,483,683","18,104,603","21,725,524"
51-28,"18,136,364","1,813,636","1,813,637","3,627,273","7,254,546","10,881,819","14,509,092","18,136,364","21,763,637"
51-29,"18,168,179","1,816,817","1,816,818","3,633,636","7,267,272","10,900,908","14,534,544","18,168,179","21,801,815"
51-30,"18,200,051","1,820,005","1,820,006","3,640,011","7,280,021","10,920,031","14,560,041","18,200,051","21,840,062"
52-1,"18,231,977","1,823,197","1,823,198","3,646,396","7,292,791","10,939,187","14,585,582","18,231,977","21,878,373"
52-2,"18,263,962","1,826,396","1,826,397","3,652,793","7,305,585","10,958,378","14,611,170","18,263,962","21,916,755"
52-3,"18,296,000","1,829,599","1,829,600","3,659,200","7,318,400","10,977,600","14,636,800","18,296,000","21,955,200"
52-4,"18,328,096","1,832,809","1,832,810","3,665,620","7,331,239","10,996,858","14,662,477","18,328,096","21,993,716"
52-5,"18,360,247","1,836,024","1,836,025","3,672,050","7,344,099","11,016,149","14,688,198","18,360,247","22,032,297"
52-6,"18,392,456","1,839,245","1,839,246","3,678,492","7,356,983","11,035,474","14,713,965","18,392,456","22,070,948"
52-7,"18,424,721","1,842,472","1,842,473","3,684,945","7,369,889","11,054,833","14,739,777","18,424,721","22,109,666"
52-8,"18,457,041","1,845,704","1,845,705","3,691,409","7,382,817","11,074,225","14,765,633","18,457,041","22,148,450"
52-9,"18,489,421","1,848,942","1,848,943","3,697,885","7,395,769","11,093,653","14,791,537","18,489,421","22,187,306"
52-10,"18,521,856","1,852,185","1,852,186","3,704,372","7,408,743","11,113,114","14,817,485","18,521,856","22,226,228"
52-11,"18,554,346","1,855,434","1,855,435","3,710,870","7,421,739","11,132,608","14,843,477","18,554,346","22,265,216"
52-12,"18,586,896","1,858,689","1,858,690","3,717,380","7,434,759","11,152,138","14,869,517","18,586,896","22,304,276"
52-13,"18,619,502","1,861,950","1,861,951","3,723,901","7,447,801","11,171,702","14,895,602","18,619,502","22,343,403"
52-14,"18,652,163","1,865,216","1,865,217","3,730,433","7,460,866","11,191,298","14,921,731","18,652,163","22,382,596"
52-15,"18,684,884","1,868,488","1,868,489","3,736,977","7,473,954","11,210,931","14,947,908","18,684,884","22,421,861"
52-16,"18,717,662","1,871,766","1,871,767","3,743,533","7,487,065","11,230,598","14,974,130","18,717,662","22,461,195"
52-17,"18,750,500","1,875,049","1,875,050","3,750,100","7,500,200","11,250,300","15,000,400","18,750,500","22,500,600"
52-18,"18,783,391","1,878,339","1,878,340","3,756,679","7,513,357","11,270,035","15,026,713","18,783,391","22,540,070"
52-19,"18,816,340","1,881,633","1,881,634","3,763,268","7,526,536","11,289,804","15,053,072","18,816,340","22,579,608"
52-20,"18,849,350","1,884,934","1,884,935","3,769,870","7,539,740","11,309,610","15,079,480","18,849,350","22,619,220"
52-21,"18,882,416","1,888,241","1,888,242","3,776,484","7,552,967","11,329,450","15,105,933","18,882,416","22,658,900"
52-22,"18,915,553","1,891,555","1,891,556","3,783,111","7,566,222","11,349,332","15,132,443","18,915,553","22,698,664"
52-23,"18,948,748","1,894,874","1,894,875","3,789,750","7,579,500","11,369,249","15,158,999","18,948,748","22,738,498"
52-24,"18,981,999","1,898,199","1,898,200","3,796,400","7,592,800","11,389,200","15,185,600","18,981,999","22,778,399"
52-25,"19,015,311","1,901,531","1,901,532","3,803,063","7,606,125","11,409,187","15,212,249","19,015,311","22,818,374"
52-26,"19,048,682","1,904,868","1,904,869","3,809,737","7,619,473","11,429,210","15,238,946","19,048,682","22,858,419"
52-27,"19,082,110","1,908,210","1,908,211","3,816,422","7,632,844","11,449,266","15,265,688","19,082,110","22,898,532"
52-28,"19,115,597","1,911,559","1,911,560","3,823,120","7,646,239","11,469,359","15,292,478","19,115,597","22,938,717"
52-29,"19,149,140","1,914,913","1,914,914","3,829,828","7,659,656","11,489,484","15,319,312","19,149,140","22,978,968"
52-30,"19,182,747","1,918,274","1,918,275","3,836,550","7,673,099","11,509,649","15,346,198","19,182,747","23,019,297"
53-1,"19,216,409","1,921,640","1,921,641","3,843,282","7,686,564","11,529,846","15,373,128","19,216,409","23,059,691"
53-2,"19,250,132","1,925,013","1,925,014","3,850,027","7,700,053","11,550,080","15,400,106","19,250,132","23,100,159"
53-3,"19,283,914","1,928,391","1,928,392","3,856,783","7,713,566","11,570,349","15,427,132","19,283,914","23,140,697"
53-4,"19,317,755","1,931,775","1,931,776","3,863,551","7,727,102","11,590,653","15,454,204","19,317,755","23,181,306"
53-5,"19,351,657","1,935,165","1,935,166","3,870,332","7,740,663","11,610,995","15,481,326","19,351,657","23,221,989"
53-6,"19,385,617","1,938,561","1,938,562","3,877,124","7,754,247","11,631,371","15,508,494","19,385,617","23,262,741"
53-7,"19,419,636","1,941,963","1,941,964","3,883,928","7,767,855","11,651,782","15,535,709","19,419,636","23,303,564"
53-8,"19,453,715","1,945,371","1,945,372","3,890,743","7,781,486","11,672,229","15,562,972","19,453,715","23,344,458"
53-9,"19,487,855","1,948,785","1,948,786","3,897,571","7,795,142","11,692,713","15,590,284","19,487,855","23,385,426"
53-10,"19,522,053","1,952,205","1,952,206","3,904,411","7,808,822","11,713,232","15,617,643","19,522,053","23,426,464"
53-11,"19,556,313","1,955,631","1,955,632","3,911,263","7,822,526","11,733,788","15,645,051","19,556,313","23,467,576"
53-12,"19,590,632","1,959,063","1,959,064","3,918,127","7,836,253","11,754,380","15,672,506","19,590,632","23,508,759"
53-13,"19,625,010","1,962,500","1,962,501","3,925,002","7,850,004","11,775,006","15,700,008","19,625,010","23,550,012"
53-14,"19,659,450","1,965,944","1,965,945","3,931,890","7,863,780","11,795,670","15,727,560","19,659,450","23,591,340"
53-15,"19,693,950","1,969,394","1,969,395","3,938,790","7,877,580","11,816,370","15,755,160","19,693,950","23,632,740"
53-16,"19,728,510","1,972,850","1,972,851","3,945,702","7,891,404","11,837,106","15,782,808","19,728,510","23,674,212"
53-17,"19,763,132","1,976,313","1,976,314","3,952,627","7,905,253","11,857,880","15,810,506","19,763,132","23,715,759"
53-18,"19,797,813","1,979,781","1,979,782","3,959,563","7,919,126","11,878,688","15,838,251","19,797,813","23,757,376"
53-19,"19,832,557","1,983,255","1,983,256","3,966,512","7,933,023","11,899,535","15,866,046","19,832,557","23,799,069"
53-20,"19,867,361","1,986,736","1,986,737","3,973,473","7,946,945","11,920,417","15,893,889","19,867,361","23,840,834"
53-21,"19,902,228","1,990,222","1,990,223","3,980,446","7,960,892","11,941,337","15,921,783","19,902,228","23,882,674"
53-22,"19,937,153","1,993,715","1,993,716","3,987,431","7,974,862","11,962,292","15,949,723","19,937,153","23,924,584"
53-23,"19,972,143","1,997,214","1,997,215","3,994,429","7,988,858","11,983,286","15,977,715","19,972,143","23,966,572"
53-24,"20,007,195","2,000,719","2,000,720","4,001,439","8,002,878","12,004,317","16,005,756","20,007,195","24,008,634"
53-25,"20,042,310","2,004,230","2,004,231","4,008,462","8,016,924","12,025,386","16,033,848","20,042,310","24,050,772"
53-26,"20,077,486","2,007,748","2,007,749","4,015,498","8,030,995","12,046,492","16,061,989","20,077,486","24,092,984"
53-27,"20,112,723","2,011,272","2,011,273","4,022,545","8,045,090","12,067,634","16,090,179","20,112,723","24,135,268"
53-28,"20,148,021","2,014,802","2,014,803","4,029,605","8,059,209","12,088,813","16,118,417","20,148,021","24,177,626"
53-29,"20,183,381","2,018,338","2,018,339","4,036,677","8,073,353","12,110,029","16,146,705","20,183,381","24,220,058"
53-30,"20,218,806","2,021,880","2,021,881","4,043,762","8,087,523","12,131,284","16,175,045","20,218,806","24,262,568"
54-1,"20,254,291","2,025,429","2,025,430","4,050,859","8,101,717","12,152,575","16,203,433","20,254,291","24,305,150"
54-2,"20,289,840","2,028,983","2,028,984","4,057,968","8,115,936","12,173,904","16,231,872","20,289,840","24,347,808"
54-3,"20,325,450","2,032,544","2,032,545","4,065,090","8,130,180","12,195,270","16,260,360","20,325,450","24,390,540"
54-4,"20,361,120","2,036,111","2,036,112","4,072,224","8,144,448","12,216,672","16,288,896","20,361,120","24,433,344"
54-5,"20,396,857","2,039,685","2,039,686","4,079,372","8,158,743","12,238,115","16,317,486","20,396,857","24,476,229"
54-6,"20,432,653","2,043,265","2,043,266","4,086,531","8,173,062","12,259,592","16,346,123","20,432,653","24,519,184"
54-7,"20,468,515","2,046,851","2,046,852","4,093,703","8,187,406","12,281,109","16,374,812","20,468,515","24,562,218"
54-8,"20,504,437","2,050,443","2,050,444","4,100,888","8,201,775","12,302,663","16,403,550","20,504,437","24,605,325"
54-9,"20,540,424","2,054,042","2,054,043","4,108,085","8,216,170","12,324,255","16,432,340","20,540,424","24,648,509"
54-10,"20,576,475","2,057,647","2,057,648","4,115,295","8,230,590","12,345,885","16,461,180","20,576,475","24,691,770"
54-11,"20,612,588","2,061,258","2,061,259","4,122,518","8,245,036","12,367,553","16,490,071","20,612,588","24,735,106"
54-12,"20,648,763","2,064,876","2,064,877","4,129,753","8,259,506","12,389,258","16,519,011","20,648,763","24,778,516"
54-13,"20,685,005","2,068,500","2,068,501","4,137,001","8,274,002","12,411,003","16,548,004","20,685,005","24,822,006"
54-14,"20,721,307","2,072,130","2,072,131","4,144,262","8,288,523","12,432,785","16,577,046","20,721,307","24,865,569"
54-15,"20,757,675","2,075,767","2,075,768","4,151,535","8,303,070","12,454,605","16,606,140","20,757,675","24,909,210"
54-16,"20,794,106","2,079,410","2,079,411","4,158,822","8,317,643","12,476,464","16,635,285","20,794,106","24,952,928"
54-17,"20,830,601","2,083,060","2,083,061","4,166,121","8,332,241","12,498,361","16,664,481","20,830,601","24,996,722"
54-18,"20,867,160","2,086,715","2,086,716","4,173,432","8,346,864","12,520,296","16,693,728","20,867,160","25,040,592"
54-19,"20,903,783","2,090,378","2,090,379","4,180,757","8,361,514","12,542,270","16,723,027","20,903,783","25,084,540"
54-20,"20,940,470","2,094,046","2,094,047","4,188,094","8,376,188","12,564,282","16,752,376","20,940,470","25,128,564"
54-21,"20,977,221","2,097,722","2,097,723","4,195,445","8,390,889","12,586,333","16,781,777","20,977,221","25,172,666"
54-22,"21,014,039","2,101,403","2,101,404","4,202,808","8,405,616","12,608,424","16,811,232","21,014,039","25,216,847"
54-23,"21,050,920","2,105,091","2,105,092","4,210,184","8,420,368","12,630,552","16,840,736","21,050,920","25,261,104"
54-24,"21,087,864","2,108,786","2,108,787","4,217,573","8,435,146","12,652,719","16,870,292","21,087,864","25,305,437"
54-25,"21,124,873","2,112,487","2,112,488","4,224,975","8,449,950","12,674,924","16,899,899","21,124,873","25,349,848"
54-26,"21,161,948","2,116,194","2,116,195","4,232,390","8,464,780","12,697,169","16,929,559","21,161,948","25,394,338"
54-27,"21,199,086","2,119,908","2,119,909","4,239,818","8,479,635","12,719,452","16,959,269","21,199,086","25,438,904"
54-28,"21,236,289","2,123,628","2,123,629","4,247,258","8,494,516","12,741,774","16,989,032","21,236,289","25,483,547"
54-29,"21,273,558","2,127,355","2,127,356","4,254,712","8,509,424","12,764,135","17,018,847","21,273,558","25,528,270"
54-30,"21,310,894","2,131,089","2,131,090","4,262,179","8,524,358","12,786,537","17,048,716","21,310,894","25,573,073"
55-1,"21,348,295","2,134,829","2,134,830","4,269,659","8,539,318","12,808,977","17,078,636","21,348,295","25,617,954"
55-2,"21,385,759","2,138,575","2,138,576","4,277,152","8,554,304","12,831,456","17,108,608","21,385,759","25,662,911"
55-3,"21,423,292","2,142,329","2,142,330","4,284,659","8,569,317","12,853,976","17,138,634","21,423,292","25,707,951"
55-4,"21,460,891","2,146,089","2,146,090","4,292,179","8,584,357","12,876,535","17,168,713","21,460,891","25,753,070"
55-5,"21,498,554","2,149,855","2,149,856","4,299,711","8,599,422","12,899,133","17,198,844","21,498,554","25,798,265"
55-6,"21,536,284","2,153,628","2,153,629","4,307,257","8,614,514","12,921,771","17,229,028","21,536,284","25,843,541"
55-7,"21,574,080","2,157,407","2,157,408","4,314,816","8,629,632","12,944,448","17,259,264","21,574,080","25,888,896"
55-8,"21,611,941","2,161,194","2,161,195","4,322,389","8,644,777","12,967,165","17,289,553","21,611,941","25,934,330"
55-9,"21,649,870","2,164,986","2,164,987","4,329,974","8,659,948","12,989,922","17,319,896","21,649,870","25,979,844"
55-10,"21,687,866","2,168,786","2,168,787","4,337,574","8,675,147","13,012,720","17,350,293","21,687,866","26,025,440"
55-11,"21,725,928","2,172,592","2,172,593","4,345,186","8,690,372","13,035,557","17,380,743","21,725,928","26,071,114"
55-12,"21,764,057","2,176,405","2,176,406","4,352,812","8,705,623","13,058,435","17,411,246","21,764,057","26,116,869"
55-13,"21,802,252","2,180,225","2,180,226","4,360,451","8,720,901","13,081,352","17,441,802","21,802,252","26,162,703"
55-14,"21,840,515","2,184,051","2,184,052","4,368,103","8,736,206","13,104,309","17,472,412","21,840,515","26,208,618"
55-15,"21,878,846","2,187,884","2,187,885","4,375,770","8,751,539","13,127,308","17,503,077","21,878,846","26,254,616"
55-16,"21,917,242","2,191,724","2,191,725","4,383,449","8,766,897","13,150,346","17,533,794","21,917,242","26,300,691"
55-17,"21,955,707","2,195,570","2,195,571","4,391,142","8,782,283","13,173,425","17,564,566","21,955,707","26,346,849"
55-18,"21,994,237","2,199,423","2,199,424","4,398,848","8,797,695","13,196,543","17,595,390","21,994,237","26,393,085"
55-19,"22,032,838","2,203,283","2,203,284","4,406,568","8,813,136","13,219,703","17,626,271","22,032,838","26,439,406"
55-20,"22,071,507","2,207,150","2,207,151","4,414,302","8,828,603","13,242,905","17,657,206","22,071,507","26,485,809"
55-21,"22,110,241","2,211,024","2,211,025","4,422,049","8,844,097","13,266,145","17,688,193","22,110,241","26,532,290"
55-22,"22,149,046","2,214,904","2,214,905","4,429,810","8,859,619","13,289,428","17,719,237","22,149,046","26,578,856"
55-23,"22,187,916","2,218,791","2,218,792","4,437,584","8,875,167","13,312,750","17,750,333","22,187,916","26,625,500"
55-24,"22,226,856","2,222,685","2,222,686","4,445,372","8,890,743","13,336,114","17,781,485","22,226,856","26,672,228"
55-25,"22,265,862","2,226,586","2,226,587","4,453,173","8,906,345","13,359,518","17,812,690","22,265,862","26,719,035"
55-26,"22,304,940","2,230,493","2,230,494","4,460,988","8,921,976","13,382,964","17,843,952","22,304,940","26,765,928"
55-27,"22,344,085","2,234,408","2,234,409","4,468,817","8,937,634","13,406,451","17,875,268","22,344,085","26,812,902"
55-28,"22,383,298","2,238,329","2,238,330","4,476,660","8,953,320","13,429,979","17,906,639","22,383,298","26,859,958"
55-29,"22,422,579","2,242,257","2,242,258","4,484,516","8,969,032","13,453,548","17,938,064","22,422,579","26,907,095"
55-30,"22,461,930","2,246,192","2,246,193","4,492,386","8,984,772","13,477,158","17,969,544","22,461,930","26,954,316"
56-1,"22,501,351","2,250,135","2,250,136","4,500,271","9,000,541","13,500,811","18,001,081","22,501,351","27,001,622"
56-2,"22,540,839","2,254,083","2,254,084","4,508,168","9,016,336","13,524,504","18,032,672","22,540,839","27,049,007"
56-3,"22,580,398","2,258,039","2,258,040","4,516,080","9,032,160","13,548,239","18,064,319","22,580,398","27,096,478"
56-4,"22,620,025","2,262,002","2,262,003","4,524,005","9,048,010","13,572,015","18,096,020","22,620,025","27,144,030"
56-5,"22,659,724","2,265,972","2,265,973","4,531,945","9,063,890","13,595,835","18,127,780","22,659,724","27,191,669"
56-6,"22,699,491","2,269,949","2,269,950","4,539,899","9,079,797","13,619,695","18,159,593","22,699,491","27,239,390"
56-7,"22,739,327","2,273,932","2,273,933","4,547,866","9,095,731","13,643,597","18,191,462","22,739,327","27,287,193"
56-8,"22,779,233","2,277,923","2,277,924","4,555,847","9,111,694","13,667,540","18,223,387","22,779,233","27,335,080"
56-9,"22,819,211","2,281,921","2,281,922","4,563,843","9,127,685","13,691,527","18,255,369","22,819,211","27,383,054"
56-10,"22,859,259","2,285,925","2,285,926","4,571,852","9,143,704","13,715,556","18,287,408","22,859,259","27,431,111"
56-11,"22,899,375","2,289,937","2,289,938","4,579,875","9,159,750","13,739,625","18,319,500","22,899,375","27,479,250"
56-12,"22,939,563","2,293,956","2,293,957","4,587,913","9,175,826","13,763,738","18,351,651","22,939,563","27,527,476"
56-13,"22,979,821","2,297,982","2,297,983","4,595,965","9,191,929","13,787,893","18,383,857","22,979,821","27,575,786"
56-14,"23,020,150","2,302,014","2,302,015","4,604,030","9,208,060","13,812,090","18,416,120","23,020,150","27,624,180"
56-15,"23,060,548","2,306,054","2,306,055","4,612,110","9,224,220","13,836,329","18,448,439","23,060,548","27,672,658"
56-16,"23,101,020","2,310,101","2,310,102","4,620,204","9,240,408","13,860,612","18,480,816","23,101,020","27,721,224"
56-17,"23,141,562","2,314,156","2,314,157","4,628,313","9,256,625","13,884,938","18,513,250","23,141,562","27,769,875"
56-18,"23,182,175","2,318,217","2,318,218","4,636,435","9,272,870","13,909,305","18,545,740","23,182,175","27,818,610"
56-19,"23,222,857","2,322,285","2,322,286","4,644,572","9,289,143","13,933,715","18,578,286","23,222,857","27,867,429"
56-20,"23,263,613","2,326,361","2,326,362","4,652,723","9,305,446","13,958,168","18,610,891","23,263,613","27,916,336"
56-21,"23,304,440","2,330,443","2,330,444","4,660,888","9,321,776","13,982,664","18,643,552","23,304,440","27,965,328"
56-22,"23,345,339","2,334,533","2,334,534","4,669,068","9,338,136","14,007,204","18,676,272","23,345,339","28,014,407"
56-23,"23,386,308","2,338,630","2,338,631","4,677,262","9,354,524","14,031,785","18,709,047","23,386,308","28,063,570"
56-24,"23,427,352","2,342,735","2,342,736","4,685,471","9,370,941","14,056,412","18,741,882","23,427,352","28,112,823"
56-25,"23,468,466","2,346,846","2,346,847","4,693,694","9,387,387","14,081,080","18,774,773","23,468,466","28,162,160"
56-26,"23,509,638","2,350,963","2,350,964","4,701,928","9,403,856","14,105,783","18,807,711","23,509,638","28,211,566"
56-27,"23,550,885","2,355,088","2,355,089","4,710,177","9,420,354","14,130,531","18,840,708","23,550,885","28,261,062"
56-28,"23,592,205","2,359,220","2,359,221","4,718,441","9,436,882","14,155,323","18,873,764","23,592,205","28,310,646"
56-29,"23,633,594","2,363,359","2,363,360","4,726,719","9,453,438","14,180,157","18,906,876","23,633,594","28,360,313"
56-30,"23,675,059","2,367,505","2,367,506","4,735,012","9,470,024","14,205,036","18,940,048","23,675,059","28,410,071"
57-1,"23,716,596","2,371,659","2,371,660","4,743,320","9,486,639","14,229,958","18,973,277","23,716,596","28,459,916"
57-2,"23,758,204","2,375,820","2,375,821","4,751,641","9,503,282","14,254,923","19,006,564","23,758,204","28,509,845"
57-3,"23,799,887","2,379,988","2,379,989","4,759,978","9,519,955","14,279,933","19,039,910","23,799,887","28,559,865"
57-4,"23,841,640","2,384,163","2,384,164","4,768,328","9,536,656","14,304,984","19,073,312","23,841,640","28,609,968"
57-5,"23,883,472","2,388,347","2,388,348","4,776,695","9,553,389","14,330,084","19,106,778","23,883,472","28,660,167"
57-6,"23,925,372","2,392,537","2,392,538","4,785,075","9,570,149","14,355,224","19,140,298","23,925,372","28,710,447"
57-7,"23,967,346","2,396,734","2,396,735","4,793,470","9,586,939","14,380,408","19,173,877","23,967,346","28,760,816"
57-8,"24,009,395","2,400,939","2,400,940","4,801,879","9,603,758","14,405,637","19,207,516","24,009,395","28,811,274"
57-9,"24,051,520","2,405,151","2,405,152","4,810,304","9,620,608","14,430,912","19,241,216","24,051,520","28,861,824"
57-10,"24,093,718","2,409,371","2,409,372","4,818,744","9,637,488","14,456,231","19,274,975","24,093,718","28,912,462"
57-11,"24,135,986","2,413,598","2,413,599","4,827,198","9,654,395","14,481,592","19,308,789","24,135,986","28,963,184"
57-12,"24,178,332","2,417,833","2,417,834","4,835,667","9,671,333","14,507,000","19,342,666","24,178,332","29,013,999"
57-13,"24,220,751","2,422,075","2,422,076","4,844,151","9,688,301","14,532,451","19,376,601","24,220,751","29,064,902"
57-14,"24,263,244","2,426,324","2,426,325","4,852,649","9,705,298","14,557,947","19,410,596","24,263,244","29,115,893"
57-15,"24,305,813","2,430,581","2,430,582","4,861,163","9,722,326","14,583,488","19,444,651","24,305,813","29,166,976"
57-16,"24,348,457","2,434,845","2,434,846","4,869,692","9,739,383","14,609,075","19,478,766","24,348,457","29,218,149"
57-17,"24,391,174","2,439,117","2,439,118","4,878,235","9,756,470","14,634,705","19,512,940","24,391,174","29,269,409"
57-18,"24,433,967","2,443,396","2,443,397","4,886,794","9,773,587","14,660,381","19,547,174","24,433,967","29,320,761"
57-19,"24,476,834","2,447,683","2,447,684","4,895,367","9,790,734","14,686,101","19,581,468","24,476,834","29,372,201"
57-20,"24,519,777","2,451,977","2,451,978","4,903,956","9,807,911","14,711,867","19,615,822","24,519,777","29,423,733"
57-21,"24,562,795","2,456,279","2,456,280","4,912,559","9,825,118","14,737,677","19,650,236","24,562,795","29,475,354"
57-22,"24,605,888","2,460,588","2,460,589","4,921,178","9,842,356","14,763,533","19,684,711","24,605,888","29,527,066"
57-23,"24,649,057","2,464,905","2,464,906","4,929,812","9,859,623","14,789,435","19,719,246","24,649,057","29,578,869"
57-24,"24,692,303","2,469,230","2,469,231","4,938,461","9,876,922","14,815,382","19,753,843","24,692,303","29,630,764"
57-25,"24,735,624","2,473,562","2,473,563","4,947,125","9,894,250","14,841,375","19,788,500","24,735,624","29,682,749"
57-26,"24,779,022","2,477,902","2,477,903","4,955,805","9,911,609","14,867,414","19,823,218","24,779,022","29,734,827"
57-27,"24,822,501","2,482,250","2,482,251","4,964,501","9,929,001","14,893,501","19,858,001","24,822,501","29,787,002"
57-28,"24,866,057","2,486,605","2,486,606","4,973,212","9,946,423","14,919,635","19,892,846","24,866,057","29,839,269"
57-29,"24,909,687","2,490,968","2,490,969","4,981,938","9,963,875","14,945,813","19,927,750","24,909,687","29,891,625"
57-30,"24,953,398","2,495,339","2,495,340","4,990,680","9,981,360","14,972,039","19,962,719","24,953,398","29,944,078"
58-1,"24,997,184","2,499,718","2,499,719","4,999,437","9,998,874","14,998,311","19,997,748","24,997,184","29,996,621"
58-2,"25,041,046","2,504,104","2,504,105","5,008,210","10,016,419","15,024,628","20,032,837","25,041,046","30,049,256"
58-3,"25,084,986","2,508,498","2,508,499","5,016,998","10,033,995","15,050,992","20,067,989","25,084,986","30,101,984"
58-4,"25,129,002","2,512,900","2,512,901","5,025,801","10,051,601","15,077,402","20,103,202","25,129,002","30,154,803"
58-5,"25,173,096","2,517,309","2,517,310","5,034,620","10,069,239","15,103,858","20,138,477","25,173,096","30,207,716"
58-6,"25,217,267","2,521,726","2,521,727","5,043,454","10,086,907","15,130,361","20,173,814","25,217,267","30,260,721"
58-7,"25,261,517","2,526,151","2,526,152","5,052,304","10,104,607","15,156,911","20,209,214","25,261,517","30,313,821"
58-8,"25,305,843","2,530,584","2,530,585","5,061,169","10,122,338","15,183,506","20,244,675","25,305,843","30,367,012"
58-9,"25,350,247","2,535,024","2,535,025","5,070,050","10,140,099","15,210,149","20,280,198","25,350,247","30,420,297"
58-10,"25,394,729","2,539,472","2,539,473","5,078,946","10,157,892","15,236,838","20,315,784","25,394,729","30,473,675"
58-11,"25,439,289","2,543,928","2,543,929","5,087,858","10,175,716","15,263,574","20,351,432","25,439,289","30,527,147"
58-12,"25,483,928","2,548,392","2,548,393","5,096,786","10,193,572","15,290,357","20,387,143","25,483,928","30,580,714"
58-13,"25,528,643","2,552,864","2,552,865","5,105,729","10,211,458","15,317,186","20,422,915","25,528,643","30,634,372"
58-14,"25,573,436","2,557,343","2,557,344","5,114,688","10,229,375","15,344,062","20,458,749","25,573,436","30,688,124"
58-15,"25,618,314","2,561,831","2,561,832","5,123,663","10,247,326","15,370,989","20,494,652","25,618,314","30,741,977"
58-16,"25,663,265","2,566,326","2,566,327","5,132,653","10,265,306","15,397,959","20,530,612","25,663,265","30,795,918"
58-17,"25,708,296","2,570,829","2,570,830","5,141,660","10,283,319","15,424,978","20,566,637","25,708,296","30,849,956"
58-18,"25,753,407","2,575,340","2,575,341","5,150,682","10,301,363","15,452,045","20,602,726","25,753,407","30,904,089"
58-19,"25,798,596","2,579,859","2,579,860","5,159,720","10,319,439","15,479,158","20,638,877","25,798,596","30,958,316"
58-20,"25,843,865","2,584,386","2,584,387","5,168,773","10,337,546","15,506,319","20,675,092","25,843,865","31,012,638"
58-21,"25,889,213","2,588,921","2,588,922","5,177,843","10,355,686","15,533,528","20,711,371","25,889,213","31,067,056"
58-22,"25,934,640","2,593,463","2,593,464","5,186,928","10,373,856","15,560,784","20,747,712","25,934,640","31,121,568"
58-23,"25,980,146","2,598,014","2,598,015","5,196,030","10,392,059","15,588,088","20,784,117","25,980,146","31,176,176"
58-24,"26,025,736","2,602,573","2,602,574","5,205,148","10,410,295","15,615,442","20,820,589","26,025,736","31,230,884"
58-25,"26,071,403","2,607,140","2,607,141","5,214,281","10,428,562","15,642,842","20,857,123","26,071,403","31,285,684"
58-26,"26,117,148","2,611,714","2,611,715","5,223,430","10,446,860","15,670,289","20,893,719","26,117,148","31,340,578"
58-27,"26,162,977","2,616,297","2,616,298","5,232,596","10,465,191","15,697,787","20,930,382","26,162,977","31,395,573"
58-28,"26,208,892","2,620,889","2,620,890","5,241,779","10,483,557","15,725,336","20,967,114","26,208,892","31,450,671"
58-29,"26,254,888","2,625,488","2,625,489","5,250,978","10,501,956","15,752,933","21,003,911","26,254,888","31,505,866"
58-30,"26,300,962","2,630,096","2,630,097","5,260,193","10,520,385","15,780,578","21,040,770","26,300,962","31,561,155"
59-1,"26,347,121","2,634,712","2,634,713","5,269,425","10,538,849","15,808,273","21,077,697","26,347,121","31,616,546"
59-2,"26,393,359","2,639,335","2,639,336","5,278,672","10,557,344","15,836,016","21,114,688","26,393,359","31,672,031"
59-3,"26,439,677","2,643,967","2,643,968","5,287,936","10,575,871","15,863,807","21,151,742","26,439,677","31,727,613"
59-4,"26,486,077","2,648,607","2,648,608","5,297,216","10,594,431","15,891,647","21,188,862","26,486,077","31,783,293"
59-5,"26,532,560","2,653,255","2,653,256","5,306,512","10,613,024","15,919,536","21,226,048","26,532,560","31,839,072"
59-6,"26,579,123","2,657,912","2,657,913","5,315,825","10,631,650","15,947,474","21,263,299","26,579,123","31,894,948"
59-7,"26,625,767","2,662,576","2,662,577","5,325,154","10,650,307","15,975,461","21,300,614","26,625,767","31,950,921"
59-8,"26,672,495","2,667,249","2,667,250","5,334,499","10,668,998","16,003,497","21,337,996","26,672,495","32,006,994"
59-9,"26,719,305","2,671,930","2,671,931","5,343,861","10,687,722","16,031,583","21,375,444","26,719,305","32,063,166"
59-10,"26,766,196","2,676,619","2,676,620","5,353,240","10,706,479","16,059,718","21,412,957","26,766,196","32,119,436"
59-11,"26,813,168","2,681,316","2,681,317","5,362,634","10,725,268","16,087,901","21,450,535","26,813,168","32,175,802"
59-12,"26,860,225","2,686,022","2,686,023","5,372,045","10,744,090","16,116,135","21,488,180","26,860,225","32,232,270"
59-13,"26,907,363","2,690,736","2,690,737","5,381,473","10,762,946","16,144,418","21,525,891","26,907,363","32,288,836"
59-14,"26,954,582","2,695,458","2,695,459","5,390,917","10,781,833","16,172,750","21,563,666","26,954,582","32,345,499"
59-15,"27,001,888","2,700,188","2,700,189","5,400,378","10,800,756","16,201,133","21,601,511","27,001,888","32,402,266"
59-16,"27,049,276","2,704,927","2,704,928","5,409,856","10,819,711","16,229,566","21,639,421","27,049,276","32,459,132"
59-17,"27,096,744","2,709,674","2,709,675","5,419,349","10,838,698","16,258,047","21,677,396","27,096,744","32,516,093"
59-18,"27,144,298","2,714,429","2,714,430","5,428,860","10,857,720","16,286,579","21,715,439","27,144,298","32,573,158"
59-19,"27,191,936","2,719,193","2,719,194","5,438,388","10,876,775","16,315,162","21,753,549","27,191,936","32,630,324"
59-20,"27,239,656","2,723,965","2,723,966","5,447,932","10,895,863","16,343,794","21,791,725","27,239,656","32,687,588"
59-21,"27,287,460","2,728,745","2,728,746","5,457,492","10,914,984","16,372,476","21,829,968","27,287,460","32,744,952"
59-22,"27,335,347","2,733,534","2,733,535","5,467,070","10,934,139","16,401,209","21,868,278","27,335,347","32,802,417"
59-23,"27,383,321","2,738,332","2,738,333","5,476,665","10,953,329","16,429,993","21,906,657","27,383,321","32,859,986"
59-24,"27,431,377","2,743,137","2,743,138","5,486,276","10,972,551","16,458,827","21,945,102","27,431,377","32,917,653"
59-25,"27,479,519","2,747,951","2,747,952","5,495,904","10,991,808","16,487,712","21,983,616","27,479,519","32,975,423"
59-26,"27,527,742","2,752,774","2,752,775","5,505,549","11,011,097","16,516,646","22,022,194","27,527,742","33,033,291"
59-27,"27,576,055","2,757,605","2,757,606","5,515,211","11,030,422","16,545,633","22,060,844","27,576,055","33,091,266"
59-28,"27,624,446","2,762,444","2,762,445","5,524,890","11,049,779","16,574,668","22,099,557","27,624,446","33,149,336"
59-29,"27,672,926","2,767,292","2,767,293","5,534,586","11,069,171","16,603,756","22,138,341","27,672,926","33,207,512"
59-30,"27,721,491","2,772,149","2,772,150","5,544,299","11,088,597","16,632,895","22,177,193","27,721,491","33,265,790"
60-1,"27,770,140","2,777,013","2,777,014","5,554,028","11,108,056","16,662,084","22,216,112","27,770,140","33,324,168"
60-2,"27,818,877","2,781,887","2,781,888","5,563,776","11,127,551","16,691,327","22,255,102","27,818,877","33,382,653"
60-3,"27,867,696","2,786,769","2,786,770","5,573,540","11,147,079","16,720,618","22,294,157","27,867,696","33,441,236"
60-4,"27,916,602","2,791,660","2,791,661","5,583,321","11,166,641","16,749,962","22,333,282","27,916,602","33,499,923"
60-5,"27,965,596","2,796,559","2,796,560","5,593,120","11,186,239","16,779,358","22,372,477","27,965,596","33,558,716"
60-6,"28,014,674","2,801,467","2,801,468","5,602,935","11,205,870","16,808,805","22,411,740","28,014,674","33,617,609"
60-7,"28,063,837","2,806,383","2,806,384","5,612,768","11,225,535","16,838,303","22,451,070","28,063,837","33,676,605"
60-8,"28,113,089","2,811,308","2,811,309","5,622,618","11,245,236","16,867,854","22,490,472","28,113,089","33,735,707"
60-9,"28,162,424","2,816,242","2,816,243","5,632,485","11,264,970","16,897,455","22,529,940","28,162,424","33,794,909"
60-10,"28,211,849","2,821,184","2,821,185","5,642,370","11,284,740","16,927,110","22,569,480","28,211,849","33,854,219"
60-11,"28,261,359","2,826,135","2,826,136","5,652,272","11,304,544","16,956,816","22,609,088","28,261,359","33,913,631"
60-12,"28,310,957","2,831,095","2,831,096","5,662,192","11,324,383","16,986,575","22,648,766","28,310,957","33,973,149"
60-13,"28,360,640","2,836,063","2,836,064","5,672,128","11,344,256","17,016,384","22,688,512","28,360,640","34,032,768"
60-14,"28,410,412","2,841,041","2,841,042","5,682,083","11,364,165","17,046,248","22,728,330","28,410,412","34,092,495"
60-15,"28,460,271","2,846,027","2,846,028","5,692,055","11,384,109","17,076,163","22,768,217","28,460,271","34,152,326"
60-16,"28,510,218","2,851,021","2,851,022","5,702,044","11,404,088","17,106,131","22,808,175","28,510,218","34,212,262"
60-17,"28,560,251","2,856,025","2,856,026","5,712,051","11,424,101","17,136,151","22,848,201","28,560,251","34,272,302"
60-18,"28,610,373","2,861,037","2,861,038","5,722,075","11,444,150","17,166,224","22,888,299","28,610,373","34,332,448"
60-19,"28,660,580","2,866,057","2,866,058","5,732,116","11,464,232","17,196,348","22,928,464","28,660,580","34,392,696"
60-20,"28,710,881","2,871,088","2,871,089","5,742,177","11,484,353","17,226,529","22,968,705","28,710,881","34,453,058"
60-21,"28,761,268","2,876,126","2,876,127","5,752,254","11,504,508","17,256,761","23,009,015","28,761,268","34,513,522"
60-22,"28,811,741","2,881,174","2,881,175","5,762,349","11,524,697","17,287,045","23,049,393","28,811,741","34,574,090"
60-23,"28,862,304","2,886,230","2,886,231","5,772,461","11,544,922","17,317,383","23,089,844","28,862,304","34,634,765"
60-24,"28,912,956","2,891,295","2,891,296","5,782,592","11,565,183","17,347,774","23,130,365","28,912,956","34,695,548"
60-25,"28,963,697","2,896,369","2,896,370","5,792,740","11,585,479","17,378,219","23,170,958","28,963,697","34,756,437"
60-26,"29,014,527","2,901,452","2,901,453","5,802,906","11,605,811","17,408,717","23,211,622","29,014,527","34,817,433"
60-27,"29,065,447","2,906,544","2,906,545","5,813,090","11,626,179","17,439,269","23,252,358","29,065,447","34,878,537"
60-28,"29,116,454","2,911,645","2,911,646","5,823,291","11,646,582","17,469,873","23,293,164","29,116,454","34,939,745"
60-29,"29,167,551","2,916,755","2,916,756","5,833,511","11,667,021","17,500,531","23,334,041","29,167,551","35,001,062"
60-30,"29,218,739","2,921,873","2,921,874","5,843,748","11,687,496","17,531,244","23,374,992","29,218,739","35,062,487"
61-1,"29,270,016","2,927,001","2,927,002","5,854,004","11,708,007","17,562,010","23,416,013","29,270,016","35,124,020"
61-2,"29,321,382","2,932,138","2,932,139","5,864,277","11,728,553","17,592,830","23,457,106","29,321,382","35,185,659"
61-3,"29,372,840","2,937,283","2,937,284","5,874,568","11,749,136","17,623,704","23,498,272","29,372,840","35,247,408"
61-4,"29,424,387","2,942,438","2,942,439","5,884,878","11,769,755","17,654,633","23,539,510","29,424,387","35,309,265"
61-5,"29,476,022","2,947,602","2,947,603","5,895,205","11,790,409","17,685,614","23,580,818","29,476,022","35,371,227"
61-6,"29,527,753","2,952,775","2,952,776","5,905,551","11,811,102","17,716,652","23,622,203","29,527,753","35,433,304"
61-7,"29,579,572","2,957,957","2,957,958","5,915,915","11,831,829","17,747,744","23,663,658","29,579,572","35,495,487"
61-8,"29,631,480","2,963,147","2,963,148","5,926,296","11,852,592","17,778,888","23,705,184","29,631,480","35,557,776"
61-9,"29,683,482","2,968,348","2,968,349","5,936,697","11,873,393","17,810,090","23,746,786","29,683,482","35,620,179"
61-10,"29,735,575","2,973,557","2,973,558","5,947,115","11,894,230","17,841,345","23,788,460","29,735,575","35,682,690"
61-11,"29,787,760","2,978,775","2,978,776","5,957,552","11,915,104","17,872,656","23,830,208","29,787,760","35,745,312"
61-12,"29,840,034","2,984,003","2,984,004","5,968,007","11,936,014","17,904,021","23,872,028","29,840,034","35,808,041"
61-13,"29,892,400","2,989,239","2,989,240","5,978,480","11,956,960","17,935,440","23,913,920","29,892,400","35,870,880"
61-14,"29,944,860","2,994,485","2,994,486","5,988,972","11,977,944","17,966,916","23,955,888","29,944,860","35,933,832"
61-15,"29,997,411","2,999,741","2,999,742","5,999,483","11,998,965","17,998,447","23,997,929","29,997,411","35,996,894"
61-16,"30,050,054","3,005,005","3,005,006","6,010,011","12,020,022","18,030,033","24,040,044","30,050,054","36,060,065"
61-17,"30,102,789","3,010,278","3,010,279","6,020,558","12,041,116","18,061,674","24,082,232","30,102,789","36,123,347"
61-18,"30,155,618","3,015,561","3,015,562","6,031,124","12,062,248","18,093,371","24,124,495","30,155,618","36,186,742"
61-19,"30,208,539","3,020,853","3,020,854","6,041,708","12,083,416","18,125,124","24,166,832","30,208,539","36,250,247"
61-20,"30,261,551","3,026,155","3,026,156","6,052,311","12,104,621","18,156,931","24,209,241","30,261,551","36,313,862"
61-21,"30,314,660","3,031,465","3,031,466","6,062,932","12,125,864","18,188,796","24,251,728","30,314,660","36,377,592"
61-22,"30,367,860","3,036,785","3,036,786","6,073,572","12,147,144","18,220,716","24,294,288","30,367,860","36,441,432"
61-23,"30,421,152","3,042,115","3,042,116","6,084,231","12,168,461","18,252,692","24,336,922","30,421,152","36,505,383"
61-24,"30,474,540","3,047,453","3,047,454","6,094,908","12,189,816","18,284,724","24,379,632","30,474,540","36,569,448"
61-25,"30,528,020","3,052,801","3,052,802","6,105,604","12,211,208","18,316,812","24,422,416","30,528,020","36,633,624"
61-26,"30,581,594","3,058,159","3,058,160","6,116,319","12,232,638","18,348,957","24,465,276","30,581,594","36,697,913"
61-27,"30,635,263","3,063,526","3,063,527","6,127,053","12,254,106","18,381,158","24,508,211","30,635,263","36,762,316"
61-28,"30,689,025","3,068,902","3,068,903","6,137,805","12,275,610","18,413,415","24,551,220","30,689,025","36,826,830"
61-29,"30,742,883","3,074,288","3,074,289","6,148,577","12,297,154","18,445,730","24,594,307","30,742,883","36,891,460"
61-30,"30,796,834","3,079,683","3,079,684","6,159,367","12,318,734","18,478,101","24,637,468","30,796,834","36,956,201"
62-1,"30,850,881","3,085,088","3,085,089","6,170,177","12,340,353","18,510,529","24,680,705","30,850,881","37,021,058"
62-2,"30,905,024","3,090,502","3,090,503","6,181,005","12,362,010","18,543,015","24,724,020","30,905,024","37,086,029"
62-3,"30,959,258","3,095,925","3,095,926","6,191,852","12,383,704","18,575,555","24,767,407","30,959,258","37,151,110"
62-4,"31,013,590","3,101,358","3,101,359","6,202,718","12,405,436","18,608,154","24,810,872","31,013,590","37,216,308"
62-5,"31,068,018","3,106,801","3,106,802","6,213,604","12,427,208","18,640,811","24,854,415","31,068,018","37,281,622"
62-6,"31,122,540","3,112,253","3,112,254","6,224,508","12,449,016","18,673,524","24,898,032","31,122,540","37,347,048"
62-7,"31,177,158","3,117,715","3,117,716","6,235,432","12,470,864","18,706,295","24,941,727","31,177,158","37,412,590"
62-8,"31,231,872","3,123,187","3,123,188","6,246,375","12,492,749","18,739,124","24,985,498","31,231,872","37,478,247"
62-9,"31,286,681","3,128,668","3,128,669","6,257,337","12,514,673","18,772,009","25,029,345","31,286,681","37,544,018"
62-10,"31,341,590","3,134,158","3,134,159","6,268,318","12,536,636","18,804,954","25,073,272","31,341,590","37,609,908"
62-11,"31,396,593","3,139,659","3,139,660","6,279,319","12,558,638","18,837,956","25,117,275","31,396,593","37,675,912"
62-12,"31,451,692","3,145,169","3,145,170","6,290,339","12,580,677","18,871,016","25,161,354","31,451,692","37,742,031"
62-13,"31,506,888","3,150,688","3,150,689","6,301,378","12,602,756","18,904,133","25,205,511","31,506,888","37,808,266"
62-14,"31,562,180","3,156,217","3,156,218","6,312,436","12,624,872","18,937,308","25,249,744","31,562,180","37,874,616"
62-15,"31,617,570","3,161,756","3,161,757","6,323,514","12,647,028","18,970,542","25,294,056","31,617,570","37,941,084"
62-16,"31,673,057","3,167,305","3,167,306","6,334,612","12,669,223","19,003,835","25,338,446","31,673,057","38,007,669"
62-17,"31,728,642","3,172,864","3,172,865","6,345,729","12,691,457","19,037,186","25,382,914","31,728,642","38,074,371"
62-18,"31,784,323","3,178,432","3,178,433","6,356,865","12,713,730","19,070,594","25,427,459","31,784,323","38,141,188"
62-19,"31,840,103","3,184,010","3,184,011","6,368,021","12,736,042","19,104,062","25,472,083","31,840,103","38,208,124"
62-20,"31,895,980","3,189,597","3,189,598","6,379,196","12,758,392","19,137,588","25,516,784","31,895,980","38,275,176"
62-21,"31,951,956","3,195,195","3,195,196","6,390,392","12,780,783","19,171,174","25,561,565","31,951,956","38,342,348"
62-22,"32,008,031","3,200,803","3,200,804","6,401,607","12,803,213","19,204,819","25,606,425","32,008,031","38,409,638"
62-23,"32,064,201","3,206,420","3,206,421","6,412,841","12,825,681","19,238,521","25,651,361","32,064,201","38,477,042"
62-24,"32,120,473","3,212,047","3,212,048","6,424,095","12,848,190","19,272,284","25,696,379","32,120,473","38,544,568"
62-25,"32,176,842","3,217,684","3,217,685","6,435,369","12,870,737","19,306,106","25,741,474","32,176,842","38,612,211"
62-26,"32,233,309","3,223,330","3,223,331","6,446,662","12,893,324","19,339,986","25,786,648","32,233,309","38,679,971"
62-27,"32,289,878","3,228,987","3,228,988","6,457,976","12,915,952","19,373,927","25,831,903","32,289,878","38,747,854"
62-28,"32,346,545","3,234,654","3,234,655","6,469,309","12,938,618","19,407,927","25,877,236","32,346,545","38,815,854"
62-29,"32,403,311","3,240,331","3,240,332","6,480,663","12,961,325","19,441,987","25,922,649","32,403,311","38,883,974"
62-30,"32,460,178","3,246,017","3,246,018","6,492,036","12,984,072","19,476,107","25,968,143","32,460,178","38,952,214"
63-1,"32,517,144","3,251,714","3,251,715","6,503,429","13,006,858","19,510,287","26,013,716","32,517,144","39,020,573"
63-2,"32,574,206","3,257,420","3,257,421","6,514,842","13,029,683","19,544,524","26,059,365","32,574,206","39,089,048"
63-3,"32,631,365","3,263,136","3,263,137","6,526,273","13,052,546","19,578,819","26,105,092","32,631,365","39,157,638"
63-4,"32,688,626","3,268,862","3,268,863","6,537,726","13,075,451","19,613,176","26,150,901","32,688,626","39,226,352"
63-5,"32,745,989","3,274,598","3,274,599","6,549,198","13,098,396","19,647,594","26,196,792","32,745,989","39,295,187"
63-6,"32,803,450","3,280,344","3,280,345","6,560,690","13,121,380","19,682,070","26,242,760","32,803,450","39,364,140"
63-7,"32,861,014","3,286,101","3,286,102","6,572,203","13,144,406","19,716,609","26,288,812","32,861,014","39,433,217"
63-8,"32,918,675","3,291,867","3,291,868","6,583,735","13,167,470","19,751,205","26,334,940","32,918,675","39,502,410"
63-9,"32,976,440","3,297,643","3,297,644","6,595,288","13,190,576","19,785,864","26,381,152","32,976,440","39,571,728"
63-10,"33,034,308","3,303,430","3,303,431","6,606,862","13,213,724","19,820,585","26,427,447","33,034,308","39,641,170"
63-11,"33,092,275","3,309,227","3,309,228","6,618,455","13,236,910","19,855,365","26,473,820","33,092,275","39,710,730"
63-12,"33,150,345","3,315,034","3,315,035","6,630,069","13,260,138","19,890,207","26,520,276","33,150,345","39,780,414"
63-13,"33,208,517","3,320,851","3,320,852","6,641,704","13,283,407","19,925,111","26,566,814","33,208,517","39,850,221"
63-14,"33,266,789","3,326,678","3,326,679","6,653,358","13,306,716","19,960,074","26,613,432","33,266,789","39,920,147"
63-15,"33,325,166","3,332,516","3,332,517","6,665,034","13,330,067","19,995,100","26,660,133","33,325,166","39,990,200"
63-16,"33,383,644","3,338,364","3,338,365","6,676,729","13,353,458","20,030,187","26,706,916","33,383,644","40,060,373"
63-17,"33,442,226","3,344,222","3,344,223","6,688,446","13,376,891","20,065,336","26,753,781","33,442,226","40,130,672"
63-18,"33,500,909","3,350,090","3,350,091","6,700,182","13,400,364","20,100,546","26,800,728","33,500,909","40,201,091"
63-19,"33,559,697","3,355,969","3,355,970","6,711,940","13,423,879","20,135,819","26,847,758","33,559,697","40,271,637"
63-20,"33,618,585","3,361,858","3,361,859","6,723,717","13,447,434","20,171,151","26,894,868","33,618,585","40,342,302"
63-21,"33,677,581","3,367,758","3,367,759","6,735,517","13,471,033","20,206,549","26,942,065","33,677,581","40,413,098"
63-22,"33,736,676","3,373,667","3,373,668","6,747,336","13,494,671","20,242,006","26,989,341","33,736,676","40,484,012"
63-23,"33,795,878","3,379,587","3,379,588","6,759,176","13,518,352","20,277,527","27,036,703","33,795,878","40,555,054"
63-24,"33,855,180","3,385,517","3,385,518","6,771,036","13,542,072","20,313,108","27,084,144","33,855,180","40,626,216"
63-25,"33,914,590","3,391,458","3,391,459","6,782,918","13,565,836","20,348,754","27,131,672","33,914,590","40,697,508"
63-26,"33,974,100","3,397,409","3,397,410","6,794,820","13,589,640","20,384,460","27,179,280","33,974,100","40,768,920"
63-27,"34,033,719","3,403,371","3,403,372","6,806,744","13,613,488","20,420,232","27,226,976","34,033,719","40,840,463"
63-28,"34,093,440","3,409,343","3,409,344","6,818,688","13,637,376","20,456,064","27,274,752","34,093,440","40,912,128"
63-29,"34,153,267","3,415,326","3,415,327","6,830,654","13,661,307","20,491,961","27,322,614","34,153,267","40,983,921"
63-30,"34,213,200","3,421,319","3,421,320","6,842,640","13,685,280","20,527,920","27,370,560","34,213,200","41,055,840"
64-1,"34,273,235","3,427,323","3,427,324","6,854,647","13,709,294","20,563,941","27,418,588","34,273,235","41,127,882"
64-2,"34,333,377","3,433,337","3,433,338","6,866,676","13,733,351","20,600,027","27,466,702","34,333,377","41,200,053"
64-3,"34,393,629","3,439,362","3,439,363","6,878,726","13,757,452","20,636,178","27,514,904","34,393,629","41,272,355"
64-4,"34,453,988","3,445,398","3,445,399","6,890,798","13,781,596","20,672,393","27,563,191","34,453,988","41,344,786"
64-5,"34,514,453","3,451,445","3,451,446","6,902,891","13,805,782","20,708,672","27,611,563","34,514,453","41,417,344"
64-6,"34,575,024","3,457,502","3,457,503","6,915,005","13,830,010","20,745,015","27,660,020","34,575,024","41,490,029"
64-7,"34,635,700","3,463,569","3,463,570","6,927,140","13,854,280","20,781,420","27,708,560","34,635,700","41,562,840"
64-8,"34,696,482","3,469,648","3,469,649","6,939,297","13,878,593","20,817,890","27,757,186","34,696,482","41,635,779"
64-9,"34,757,371","3,475,737","3,475,738","6,951,475","13,902,949","20,854,423","27,805,897","34,757,371","41,708,846"
64-10,"34,818,368","3,481,836","3,481,837","6,963,674","13,927,348","20,891,021","27,854,695","34,818,368","41,782,042"
64-11,"34,879,471","3,487,947","3,487,948","6,975,895","13,951,789","20,927,683","27,903,577","34,879,471","41,855,366"
64-12,"34,940,682","3,494,068","3,494,069","6,988,137","13,976,273","20,964,410","27,952,546","34,940,682","41,928,819"
64-13,"35,002,001","3,500,200","3,500,201","7,000,401","14,000,801","21,001,201","28,001,601","35,002,001","42,002,402"
64-14,"35,063,426","3,506,342","3,506,343","7,012,686","14,025,371","21,038,056","28,050,741","35,063,426","42,076,112"
64-15,"35,124,960","3,512,495","3,512,496","7,024,992","14,049,984","21,074,976","28,099,968","35,124,960","42,149,952"
64-16,"35,186,601","3,518,660","3,518,661","7,037,321","14,074,641","21,111,961","28,149,281","35,186,601","42,223,922"
64-17,"35,248,352","3,524,835","3,524,836","7,049,671","14,099,341","21,149,012","28,198,682","35,248,352","42,298,023"
64-18,"35,310,210","3,531,020","3,531,021","7,062,042","14,124,084","21,186,126","28,248,168","35,310,210","42,372,252"
64-19,"35,372,177","3,537,217","3,537,218","7,074,436","14,148,871","21,223,307","28,297,742","35,372,177","42,446,613"
64-20,"35,434,251","3,543,425","3,543,426","7,086,851","14,173,701","21,260,551","28,347,401","35,434,251","42,521,102"
64-21,"35,496,437","3,549,643","3,549,644","7,099,288","14,198,575","21,297,863","28,397,150","35,496,437","42,595,725"
64-22,"35,558,728","3,555,872","3,555,873","7,111,746","14,223,492","21,335,237","28,446,983","35,558,728","42,670,474"
64-23,"35,621,131","3,562,113","3,562,114","7,124,227","14,248,453","21,372,679","28,496,905","35,621,131","42,745,358"
64-24,"35,683,644","3,568,364","3,568,365","7,136,729","14,273,458","21,410,187","28,546,916","35,683,644","42,820,373"
64-25,"35,746,266","3,574,626","3,574,627","7,149,254","14,298,507","21,447,760","28,597,013","35,746,266","42,895,520"
64-26,"35,808,998","3,580,899","3,580,900","7,161,800","14,323,600","21,485,399","28,647,199","35,808,998","42,970,798"
64-27,"35,871,843","3,587,184","3,587,185","7,174,369","14,348,738","21,523,106","28,697,475","35,871,843","43,046,212"
64-28,"35,934,794","3,593,479","3,593,480","7,186,959","14,373,918","21,560,877","28,747,836","35,934,794","43,121,753"
64-29,"35,997,854","3,599,785","3,599,786","7,199,571","14,399,142","21,598,713","28,798,284","35,997,854","43,197,425"
64-30,"36,061,029","3,606,102","3,606,103","7,212,206","14,424,412","21,636,618","28,848,824","36,061,029","43,273,235"
65-1,"36,124,313","3,612,431","3,612,432","7,224,863","14,449,726","21,674,588","28,899,451","36,124,313","43,349,176"
65-2,"36,187,707","3,618,770","3,618,771","7,237,542","14,475,083","21,712,625","28,950,166","36,187,707","43,425,249"
65-3,"36,251,215","3,625,121","3,625,122","7,250,243","14,500,486","21,750,729","29,000,972","36,251,215","43,501,458"
65-4,"36,314,833","3,631,483","3,631,484","7,262,967","14,525,934","21,788,900","29,051,867","36,314,833","43,577,800"
65-5,"36,378,560","3,637,855","3,637,856","7,275,712","14,551,424","21,827,136","29,102,848","36,378,560","43,654,272"
65-6,"36,442,402","3,644,240","3,644,241","7,288,481","14,576,961","21,865,442","29,153,922","36,442,402","43,730,883"
65-7,"36,506,356","3,650,635","3,650,636","7,301,272","14,602,543","21,903,814","29,205,085","36,506,356","43,807,628"
65-8,"36,570,422","3,657,042","3,657,043","7,314,085","14,628,169","21,942,254","29,256,338","36,570,422","43,884,507"
65-9,"36,634,600","3,663,459","3,663,460","7,326,920","14,653,840","21,980,760","29,307,680","36,634,600","43,961,520"
65-10,"36,698,890","3,669,888","3,669,889","7,339,778","14,679,556","22,019,334","29,359,112","36,698,890","44,038,668"
65-11,"36,763,292","3,676,329","3,676,330","7,352,659","14,705,317","22,057,976","29,410,634","36,763,292","44,115,951"
65-12,"36,827,808","3,682,780","3,682,781","7,365,562","14,731,124","22,096,685","29,462,247","36,827,808","44,193,370"
65-13,"36,892,436","3,689,243","3,689,244","7,378,488","14,756,975","22,135,462","29,513,949","36,892,436","44,270,924"
65-14,"36,957,180","3,695,717","3,695,718","7,391,436","14,782,872","22,174,308","29,565,744","36,957,180","44,348,616"
65-15,"37,022,036","3,702,203","3,702,204","7,404,408","14,808,815","22,213,222","29,617,629","37,022,036","44,426,444"
65-16,"37,087,005","3,708,700","3,708,701","7,417,401","14,834,802","22,252,203","29,669,604","37,087,005","44,504,406"
65-17,"37,152,092","3,715,209","3,715,210","7,430,419","14,860,837","22,291,256","29,721,674","37,152,092","44,582,511"
65-18,"37,217,288","3,721,728","3,721,729","7,443,458","14,886,916","22,330,373","29,773,831","37,217,288","44,660,746"
65-19,"37,282,601","3,728,260","3,728,261","7,456,521","14,913,041","22,369,561","29,826,081","37,282,601","44,739,122"
65-20,"37,348,029","3,734,802","3,734,803","7,469,606","14,939,212","22,408,818","29,878,424","37,348,029","44,817,635"
65-21,"37,413,571","3,741,357","3,741,358","7,482,715","14,965,429","22,448,143","29,930,857","37,413,571","44,896,286"
65-22,"37,479,226","3,747,922","3,747,923","7,495,846","14,991,691","22,487,536","29,983,381","37,479,226","44,975,072"
65-23,"37,544,998","3,754,499","3,754,500","7,509,000","15,018,000","22,526,999","30,035,999","37,544,998","45,053,998"
65-24,"37,610,888","3,761,088","3,761,089","7,522,178","15,044,356","22,566,533","30,088,711","37,610,888","45,133,066"
65-25,"37,676,894","3,767,689","3,767,690","7,535,379","15,070,758","22,606,137","30,141,516","37,676,894","45,212,273"
65-26,"37,743,012","3,774,301","3,774,302","7,548,603","15,097,205","22,645,808","30,194,410","37,743,012","45,291,615"
65-27,"37,809,244","3,780,924","3,780,925","7,561,849","15,123,698","22,685,547","30,247,396","37,809,244","45,371,093"
65-28,"37,875,596","3,787,559","3,787,560","7,575,120","15,150,239","22,725,358","30,300,477","37,875,596","45,450,716"
65-29,"37,942,067","3,794,206","3,794,207","7,588,414","15,176,827","22,765,241","30,353,654","37,942,067","45,530,481"
65-30,"38,008,651","3,800,865","3,800,866","7,601,731","15,203,461","22,805,191","30,406,921","38,008,651","45,610,382"
66-1,"38,075,352","3,807,535","3,807,536","7,615,071","15,230,141","22,845,212","30,460,282","38,075,352","45,690,423"
66-2,"38,142,171","3,814,217","3,814,218","7,628,435","15,256,869","22,885,303","30,513,737","38,142,171","45,770,606"
66-3,"38,209,108","3,820,910","3,820,911","7,641,822","15,283,644","22,925,465","30,567,287","38,209,108","45,850,930"
66-4,"38,276,159","3,827,615","3,827,616","7,655,232","15,310,464","22,965,696","30,620,928","38,276,159","45,931,391"
66-5,"38,343,333","3,834,333","3,834,334","7,668,667","15,337,334","23,006,000","30,674,667","38,343,333","46,012,000"
66-6,"38,410,619","3,841,061","3,841,062","7,682,124","15,364,248","23,046,372","30,728,496","38,410,619","46,092,743"
66-7,"38,478,028","3,847,802","3,847,803","7,695,606","15,391,212","23,086,817","30,782,423","38,478,028","46,173,634"
66-8,"38,545,555","3,854,555","3,854,556","7,709,111","15,418,222","23,127,333","30,836,444","38,545,555","46,254,666"
66-9,"38,613,201","3,861,320","3,861,321","7,722,641","15,445,281","23,167,921","30,890,561","38,613,201","46,335,842"
66-10,"38,680,962","3,868,096","3,868,097","7,736,193","15,472,385","23,208,578","30,944,770","38,680,962","46,417,155"
66-11,"38,748,844","3,874,884","3,874,885","7,749,769","15,499,538","23,249,307","30,999,076","38,748,844","46,498,613"
66-12,"38,816,846","3,881,684","3,881,685","7,763,370","15,526,739","23,290,108","31,053,477","38,816,846","46,580,216"
66-13,"38,884,966","3,888,496","3,888,497","7,776,994","15,553,987","23,330,980","31,107,973","38,884,966","46,661,960"
66-14,"38,953,205","3,895,320","3,895,321","7,790,641","15,581,282","23,371,923","31,162,564","38,953,205","46,743,846"
66-15,"39,021,564","3,902,156","3,902,157","7,804,313","15,608,626","23,412,939","31,217,252","39,021,564","46,825,877"
66-16,"39,090,045","3,909,004","3,909,005","7,818,009","15,636,018","23,454,027","31,272,036","39,090,045","46,908,054"
66-17,"39,158,646","3,915,864","3,915,865","7,831,730","15,663,459","23,495,188","31,326,917","39,158,646","46,990,376"
66-18,"39,227,364","3,922,736","3,922,737","7,845,473","15,690,946","23,536,419","31,381,892","39,227,364","47,072,837"
66-19,"39,296,207","3,929,620","3,929,621","7,859,242","15,718,483","23,577,725","31,436,966","39,296,207","47,155,449"
66-20,"39,365,169","3,936,516","3,936,517","7,873,034","15,746,068","23,619,102","31,492,136","39,365,169","47,238,203"
66-21,"39,434,251","3,943,425","3,943,426","7,886,851","15,773,701","23,660,551","31,547,401","39,434,251","47,321,102"
66-22,"39,503,454","3,950,345","3,950,346","7,900,691","15,801,382","23,702,073","31,602,764","39,503,454","47,404,145"
66-23,"39,572,779","3,957,277","3,957,278","7,914,556","15,829,112","23,743,668","31,658,224","39,572,779","47,487,335"
66-24,"39,642,226","3,964,222","3,964,223","7,928,446","15,856,891","23,785,336","31,713,781","39,642,226","47,570,672"
66-25,"39,711,796","3,971,179","3,971,180","7,942,360","15,884,719","23,827,078","31,769,437","39,711,796","47,654,156"
66-26,"39,781,486","3,978,148","3,978,149","7,956,298","15,912,595","23,868,892","31,825,189","39,781,486","47,737,784"
66-27,"39,851,300","3,985,129","3,985,130","7,970,260","15,940,520","23,910,780","31,881,040","39,851,300","47,821,560"
66-28,"39,921,236","3,992,123","3,992,124","7,984,248","15,968,495","23,952,742","31,936,989","39,921,236","47,905,484"
66-29,"39,991,294","3,999,129","3,999,130","7,998,259","15,996,518","23,994,777","31,993,036","39,991,294","47,989,553"
66-30,"40,061,478","4,006,147","4,006,148","8,012,296","16,024,592","24,036,887","32,049,183","40,061,478","48,073,774"
67-1,"40,131,780","4,013,177","4,013,178","8,026,356","16,052,712","24,079,068","32,105,424","40,131,780","48,158,136"
67-2,"40,202,210","4,020,220","4,020,221","8,040,442","16,080,884","24,121,326","32,161,768","40,202,210","48,242,652"
67-3,"40,272,761","4,027,276","4,027,277","8,054,553","16,109,105","24,163,657","32,218,209","40,272,761","48,327,314"
67-4,"40,343,437","4,034,343","4,034,344","8,068,688","16,137,375","24,206,063","32,274,750","40,343,437","48,412,125"
67-5,"40,414,236","4,041,423","4,041,424","8,082,848","16,165,695","24,248,542","32,331,389","40,414,236","48,497,084"
67-6,"40,452,715","4,045,271","4,045,272","8,090,543","16,181,086","24,271,629","32,362,172","40,452,715","48,543,258"
67-7,"40,491,230","4,049,122","4,049,123","8,098,246","16,196,492","24,294,738","32,392,984","40,491,230","48,589,476"
67-8,"40,529,782","4,052,978","4,052,979","8,105,957","16,211,913","24,317,870","32,423,826","40,529,782","48,635,739"
67-9,"40,568,374","4,056,837","4,056,838","8,113,675","16,227,350","24,341,025","32,454,700","40,568,374","48,682,049"
67-10,"40,606,997","4,060,699","4,060,700","8,121,400","16,242,799","24,364,199","32,485,598","40,606,997","48,728,397"
67-11,"40,645,659","4,064,565","4,064,566","8,129,132","16,258,264","24,387,396","32,516,528","40,645,659","48,774,791"
67-12,"40,684,360","4,068,435","4,068,436","8,136,872","16,273,744","24,410,616","32,547,488","40,684,360","48,821,232"
67-13,"40,723,095","4,072,309","4,072,310","8,144,619","16,289,238","24,433,857","32,578,476","40,723,095","48,867,714"
67-14,"40,761,868","4,076,186","4,076,187","8,152,374","16,304,748","24,457,121","32,609,495","40,761,868","48,914,242"
67-15,"40,800,678","4,080,067","4,080,068","8,160,136","16,320,272","24,480,407","32,640,543","40,800,678","48,960,814"
67-16,"40,839,525","4,083,952","4,083,953","8,167,905","16,335,810","24,503,715","32,671,620","40,839,525","49,007,430"
67-17,"40,878,408","4,087,840","4,087,841","8,175,682","16,351,364","24,527,045","32,702,727","40,878,408","49,054,090"
67-18,"40,917,331","4,091,733","4,091,734","8,183,467","16,366,933","24,550,399","32,733,865","40,917,331","49,100,798"
67-19,"40,956,288","4,095,628","4,095,629","8,191,258","16,382,516","24,573,773","32,765,031","40,956,288","49,147,546"
67-20,"40,995,282","4,099,528","4,099,529","8,199,057","16,398,113","24,597,170","32,796,226","40,995,282","49,194,339"
67-21,"41,034,314","4,103,431","4,103,432","8,206,863","16,413,726","24,620,589","32,827,452","41,034,314","49,241,177"
67-22,"41,073,385","4,107,338","4,107,339","8,214,677","16,429,354","24,644,031","32,858,708","41,073,385","49,288,062"
67-23,"41,112,489","4,111,248","4,111,249","8,222,498","16,444,996","24,667,494","32,889,992","41,112,489","49,334,987"
67-24,"41,151,634","4,115,163","4,115,164","8,230,327","16,460,654","24,690,981","32,921,308","41,151,634","49,381,961"
67-25,"41,190,815","4,119,081","4,119,082","8,238,163","16,476,326","24,714,489","32,952,652","41,190,815","49,428,978"
67-26,"41,230,035","4,123,003","4,123,004","8,246,007","16,492,014","24,738,021","32,984,028","41,230,035","49,476,042"
67-27,"41,269,288","4,126,928","4,126,929","8,253,858","16,507,716","24,761,573","33,015,431","41,269,288","49,523,146"
67-28,"41,308,583","4,130,858","4,130,859","8,261,717","16,523,434","24,785,150","33,046,867","41,308,583","49,570,300"
67-29,"41,347,913","4,134,791","4,134,792","8,269,583","16,539,166","24,808,748","33,078,331","41,347,913","49,617,496"
67-30,"41,387,283","4,138,728","4,138,729","8,277,457","16,554,914","24,832,370","33,109,827","41,387,283","49,664,740"
68-1,"41,426,687","4,142,668","4,142,669","8,285,338","16,570,675","24,856,013","33,141,350","41,426,687","49,712,025"
68-2,"41,466,130","4,146,612","4,146,613","8,293,226","16,586,452","24,879,678","33,172,904","41,466,130","49,759,356"
68-3,"41,505,610","4,150,560","4,150,561","8,301,122","16,602,244","24,903,366","33,204,488","41,505,610","49,806,732"
68-4,"41,545,127","4,154,512","4,154,513","8,309,026","16,618,051","24,927,077","33,236,102","41,545,127","49,854,153"
68-5,"41,584,685","4,158,468","4,158,469","8,316,937","16,633,874","24,950,811","33,267,748","41,584,685","49,901,622"
68-6,"41,624,276","4,162,427","4,162,428","8,324,856","16,649,711","24,974,566","33,299,421","41,624,276","49,949,132"
68-7,"41,663,915","4,166,391","4,166,392","8,332,783","16,665,566","24,998,349","33,331,132","41,663,915","49,996,698"
68-8,"41,703,589","4,170,358","4,170,359","8,340,718","16,681,436","25,022,154","33,362,872","41,703,589","50,044,307"
68-9,"41,743,299","4,174,329","4,174,330","8,348,660","16,697,320","25,045,980","33,394,640","41,743,299","50,091,959"
68-10,"41,783,050","4,178,304","4,178,305","8,356,610","16,713,220","25,069,830","33,426,440","41,783,050","50,139,660"
68-11,"41,822,838","4,182,283","4,182,284","8,364,568","16,729,136","25,093,703","33,458,271","41,822,838","50,187,406"
68-12,"41,862,667","4,186,266","4,186,267","8,372,534","16,745,067","25,117,601","33,490,134","41,862,667","50,235,201"
68-13,"41,902,530","4,190,252","4,190,253","8,380,506","16,761,012","25,141,518","33,522,024","41,902,530","50,283,036"
68-14,"41,942,430","4,194,242","4,194,243","8,388,486","16,776,972","25,165,458","33,553,944","41,942,430","50,330,916"
68-15,"41,982,369","4,198,236","4,198,237","8,396,474","16,792,948","25,189,422","33,585,896","41,982,369","50,378,843"
68-16,"42,022,349","4,202,234","4,202,235","8,404,470","16,808,940","25,213,410","33,617,880","42,022,349","50,426,819"
68-17,"42,062,362","4,206,236","4,206,237","8,412,473","16,824,945","25,237,418","33,649,890","42,062,362","50,474,835"
68-18,"42,102,419","4,210,241","4,210,242","8,420,484","16,840,968","25,261,452","33,681,936","42,102,419","50,522,903"
68-19,"42,142,511","4,214,251","4,214,252","8,428,503","16,857,005","25,285,507","33,714,009","42,142,511","50,571,014"
68-20,"42,182,641","4,218,264","4,218,265","8,436,529","16,873,057","25,309,585","33,746,113","42,182,641","50,619,170"
68-21,"42,222,809","4,222,280","4,222,281","8,444,562","16,889,124","25,333,686","33,778,248","42,222,809","50,667,371"
68-22,"42,263,016","4,226,301","4,226,302","8,452,604","16,905,207","25,357,810","33,810,413","42,263,016","50,715,620"
68-23,"42,303,261","4,230,326","4,230,327","8,460,653","16,921,305","25,381,957","33,842,609","42,303,261","50,763,914"
68-24,"42,343,544","4,234,354","4,234,355","8,468,709","16,937,418","25,406,127","33,874,836","42,343,544","50,812,253"
68-25,"42,383,866","4,238,386","4,238,387","8,476,774","16,953,547","25,430,320","33,907,093","42,383,866","50,860,640"
68-26,"42,424,225","4,242,422","4,242,423","8,484,845","16,969,690","25,454,535","33,939,380","42,424,225","50,909,070"
68-27,"42,464,625","4,246,462","4,246,463","8,492,925","16,985,850","25,478,775","33,971,700","42,464,625","50,957,550"
68-28,"42,505,063","4,250,506","4,250,507","8,501,013","17,002,026","25,503,038","34,004,051","42,505,063","51,006,076"
68-29,"42,545,537","4,254,553","4,254,554","8,509,108","17,018,215","25,527,323","34,036,430","42,545,537","51,054,645"
68-30,"42,586,050","4,258,604","4,258,605","8,517,210","17,034,420","25,551,630","34,068,840","42,586,050","51,103,260"
69-1,"42,626,605","4,262,660","4,262,661","8,525,321","17,050,642","25,575,963","34,101,284","42,626,605","51,151,926"
69-2,"42,667,196","4,266,719","4,266,720","8,533,440","17,066,879","25,600,318","34,133,757","42,667,196","51,200,636"
69-3,"42,707,825","4,270,782","4,270,783","8,541,565","17,083,130","25,624,695","34,166,260","42,707,825","51,249,390"
69-4,"42,748,493","4,274,849","4,274,850","8,549,699","17,099,398","25,649,096","34,198,795","42,748,493","51,298,192"
69-5,"42,789,200","4,278,919","4,278,920","8,557,840","17,115,680","25,673,520","34,231,360","42,789,200","51,347,040"
69-6,"42,829,947","4,282,994","4,282,995","8,565,990","17,131,979","25,697,969","34,263,958","42,829,947","51,395,937"
69-7,"42,870,732","4,287,073","4,287,074","8,574,147","17,148,293","25,722,440","34,296,586","42,870,732","51,444,879"
69-8,"42,911,557","4,291,155","4,291,156","8,582,312","17,164,623","25,746,935","34,329,246","42,911,557","51,493,869"
69-9,"42,952,420","4,295,241","4,295,242","8,590,484","17,180,968","25,771,452","34,361,936","42,952,420","51,542,904"
69-10,"42,993,322","4,299,332","4,299,333","8,598,665","17,197,329","25,795,994","34,394,658","42,993,322","51,591,987"
69-11,"43,034,264","4,303,426","4,303,427","8,606,853","17,213,706","25,820,559","34,427,412","43,034,264","51,641,117"
69-12,"43,075,243","4,307,524","4,307,525","8,615,049","17,230,098","25,845,146","34,460,195","43,075,243","51,690,292"
69-13,"43,116,263","4,311,626","4,311,627","8,623,253","17,246,506","25,869,758","34,493,011","43,116,263","51,739,516"
69-14,"43,157,321","4,315,732","4,315,733","8,631,465","17,262,929","25,894,393","34,525,857","43,157,321","51,788,786"
69-15,"43,198,419","4,319,841","4,319,842","8,639,684","17,279,368","25,919,052","34,558,736","43,198,419","51,838,103"
69-16,"43,239,555","4,323,955","4,323,956","8,647,911","17,295,822","25,943,733","34,591,644","43,239,555","51,887,466"
69-17,"43,280,730","4,328,072","4,328,073","8,656,146","17,312,292","25,968,438","34,624,584","43,280,730","51,936,876"
69-18,"43,321,946","4,332,194","4,332,195","8,664,390","17,328,779","25,993,168","34,657,557","43,321,946","51,986,336"
69-19,"43,363,199","4,336,319","4,336,320","8,672,640","17,345,280","26,017,920","34,690,560","43,363,199","52,035,839"
69-20,"43,404,491","4,340,449","4,340,450","8,680,899","17,361,797","26,042,695","34,723,593","43,404,491","52,085,390"
69-21,"43,445,826","4,344,582","4,344,583","8,689,166","17,378,331","26,067,496","34,756,661","43,445,826","52,134,992"
69-22,"43,487,197","4,348,719","4,348,720","8,697,440","17,394,879","26,092,319","34,789,758","43,487,197","52,184,637"
69-23,"43,528,607","4,352,860","4,352,861","8,705,722","17,411,443","26,117,165","34,822,886","43,528,607","52,234,329"
69-24,"43,570,059","4,357,005","4,357,006","8,714,012","17,428,024","26,142,036","34,856,048","43,570,059","52,284,071"
69-25,"43,611,549","4,361,154","4,361,155","8,722,310","17,444,620","26,166,930","34,889,240","43,611,549","52,333,859"
69-26,"43,653,080","4,365,307","4,365,308","8,730,616","17,461,232","26,191,848","34,922,464","43,653,080","52,383,696"
69-27,"43,694,650","4,369,464","4,369,465","8,738,930","17,477,860","26,216,790","34,955,720","43,694,650","52,433,580"
69-28,"43,736,259","4,373,625","4,373,626","8,747,252","17,494,504","26,241,756","34,989,008","43,736,259","52,483,511"
69-29,"43,777,906","4,377,790","4,377,791","8,755,582","17,511,163","26,266,744","35,022,325","43,777,906","52,533,488"
69-30,"43,819,596","4,381,959","4,381,960","8,763,920","17,527,839","26,291,758","35,055,677","43,819,596","52,583,516"
70-1,"43,861,323","4,386,132","4,386,133","8,772,265","17,544,530","26,316,794","35,089,059","43,861,323","52,633,588"
70-2,"43,903,090","4,390,308","4,390,309","8,780,618","17,561,236","26,341,854","35,122,472","43,903,090","52,683,708"
70-3,"43,944,900","4,394,489","4,394,490","8,788,980","17,577,960","26,366,940","35,155,920","43,944,900","52,733,880"
70-4,"43,986,745","4,398,674","4,398,675","8,797,349","17,594,698","26,392,047","35,189,396","43,986,745","52,784,094"
70-5,"44,028,634","4,402,863","4,402,864","8,805,727","17,611,454","26,417,181","35,222,908","44,028,634","52,834,361"
70-6,"44,070,559","4,407,055","4,407,056","8,814,112","17,628,224","26,442,336","35,256,448","44,070,559","52,884,671"
70-7,"44,112,527","4,411,252","4,411,253","8,822,506","17,645,011","26,467,517","35,290,022","44,112,527","52,935,033"
70-8,"44,154,534","4,415,453","4,415,454","8,830,907","17,661,814","26,492,721","35,323,628","44,154,534","52,985,441"
70-9,"44,196,550","4,419,654","4,419,655","8,839,310","17,678,620","26,517,930","35,357,240","44,196,550","53,035,860"
70-10,"44,238,604","4,423,860","4,423,861","8,847,721","17,695,442","26,543,163","35,390,884","44,238,604","53,086,325"
70-11,"44,280,700","4,428,069","4,428,070","8,856,140","17,712,280","26,568,420","35,424,560","44,280,700","53,136,840"
70-12,"44,322,834","4,432,283","4,432,284","8,864,567","17,729,134","26,593,701","35,458,268","44,322,834","53,187,401"
70-13,"44,365,012","4,436,501","4,436,502","8,873,003","17,746,005","26,619,008","35,492,010","44,365,012","53,238,015"
70-14,"44,407,227","4,440,722","4,440,723","8,881,446","17,762,891","26,644,337","35,525,782","44,407,227","53,288,673"
70-15,"44,449,480","4,444,947","4,444,948","8,889,896","17,779,792","26,669,688","35,559,584","44,449,480","53,339,376"
70-16,"44,491,776","4,449,177","4,449,178","8,898,356","17,796,711","26,695,066","35,593,421","44,491,776","53,390,132"
70-17,"44,534,112","4,453,411","4,453,412","8,906,823","17,813,645","26,720,468","35,627,290","44,534,112","53,440,935"
70-18,"44,576,488","4,457,648","4,457,649","8,915,298","17,830,596","26,745,893","35,661,191","44,576,488","53,491,786"
70-19,"44,618,906","4,461,890","4,461,891","8,923,782","17,847,563","26,771,344","35,695,125","44,618,906","53,542,688"
70-20,"44,661,362","4,466,136","4,466,137","8,932,273","17,864,545","26,796,818","35,729,090","44,661,362","53,593,635"
70-21,"44,703,862","4,470,386","4,470,387","8,940,773","17,881,545","26,822,318","35,763,090","44,703,862","53,644,635"
70-22,"44,746,399","4,474,639","4,474,640","8,949,280","17,898,560","26,847,840","35,797,120","44,746,399","53,695,679"
70-23,"44,788,977","4,478,897","4,478,898","8,957,796","17,915,591","26,873,387","35,831,182","44,788,977","53,746,773"
70-24,"44,831,596","4,483,159","4,483,160","8,966,320","17,932,639","26,898,958","35,865,277","44,831,596","53,797,916"
70-25,"44,874,254","4,487,425","4,487,426","8,974,851","17,949,702","26,924,553","35,899,404","44,874,254","53,849,105"
70-26,"44,916,954","4,491,695","4,491,696","8,983,391","17,966,782","26,950,173","35,933,564","44,916,954","53,900,345"
70-27,"44,959,697","4,495,969","4,495,970","8,991,940","17,983,879","26,975,819","35,967,758","44,959,697","53,951,637"
70-28,"45,002,476","4,500,247","4,500,248","9,000,496","18,000,991","27,001,486","36,001,981","45,002,476","54,002,972"
70-29,"45,045,298","4,504,529","4,504,530","9,009,060","18,018,120","27,027,179","36,036,239","45,045,298","54,054,358"
70-30,"45,088,160","4,508,815","4,508,816","9,017,632","18,035,264","27,052,896","36,070,528","45,088,160","54,105,792"
71-1,"45,131,067","4,513,106","4,513,107","9,026,214","18,052,427","27,078,641","36,104,854","45,131,067","54,157,281"
71-2,"45,174,008","4,517,400","4,517,401","9,034,802","18,069,604","27,104,405","36,139,207","45,174,008","54,208,810"
71-3,"45,216,993","4,521,699","4,521,700","9,043,399","18,086,798","27,130,196","36,173,595","45,216,993","54,260,392"
71-4,"45,260,022","4,526,002","4,526,003","9,052,005","18,104,009","27,156,014","36,208,018","45,260,022","54,312,027"
71-5,"45,303,086","4,530,308","4,530,309","9,060,618","18,121,235","27,181,852","36,242,469","45,303,086","54,363,704"
71-6,"45,346,194","4,534,619","4,534,620","9,069,239","18,138,478","27,207,717","36,276,956","45,346,194","54,415,433"
71-7,"45,389,344","4,538,934","4,538,935","9,077,869","18,155,738","27,233,607","36,311,476","45,389,344","54,467,213"
71-8,"45,432,535","4,543,253","4,543,254","9,086,507","18,173,014","27,259,521","36,346,028","45,432,535","54,519,042"
71-9,"45,475,765","4,547,576","4,547,577","9,095,153","18,190,306","27,285,459","36,380,612","45,475,765","54,570,918"
71-10,"45,519,068","4,551,906","4,551,907","9,103,814","18,207,628","27,311,441","36,415,255","45,519,068","54,622,882"
71-11,"45,562,415","4,556,241","4,556,242","9,112,483","18,224,966","27,337,449","36,449,932","45,562,415","54,674,898"
71-12,"45,605,799","4,560,579","4,560,580","9,121,160","18,242,320","27,363,480","36,484,640","45,605,799","54,726,959"
71-13,"45,649,227","4,564,922","4,564,923","9,129,846","18,259,691","27,389,537","36,519,382","45,649,227","54,779,073"
71-14,"45,692,695","4,569,269","4,569,270","9,138,539","18,277,078","27,415,617","36,554,156","45,692,695","54,831,234"
71-15,"45,736,209","4,573,620","4,573,621","9,147,242","18,294,484","27,441,726","36,588,968","45,736,209","54,883,451"
71-16,"45,779,756","4,577,975","4,577,976","9,155,952","18,311,903","27,467,854","36,623,805","45,779,756","54,935,708"
71-17,"45,823,351","4,582,335","4,582,336","9,164,671","18,329,341","27,494,011","36,658,681","45,823,351","54,988,022"
71-18,"45,866,985","4,586,698","4,586,699","9,173,397","18,346,794","27,520,191","36,693,588","45,866,985","55,040,382"
71-19,"45,910,661","4,591,066","4,591,067","9,182,133","18,364,265","27,546,397","36,728,529","45,910,661","55,092,794"
71-20,"45,954,379","4,595,437","4,595,438","9,190,876","18,381,752","27,572,628","36,763,504","45,954,379","55,145,255"
71-21,"45,998,138","4,599,813","4,599,814","9,199,628","18,399,256","27,598,883","36,798,511","45,998,138","55,197,766"
71-22,"46,041,940","4,604,193","4,604,194","9,208,388","18,416,776","27,625,164","36,833,552","46,041,940","55,250,328"
71-23,"46,085,782","4,608,578","4,608,579","9,217,157","18,434,313","27,651,470","36,868,626","46,085,782","55,302,939"
71-24,"46,129,665","4,612,966","4,612,967","9,225,933","18,451,866","27,677,799","36,903,732","46,129,665","55,355,598"
71-25,"46,173,592","4,617,359","4,617,360","9,234,719","18,469,437","27,704,156","36,938,874","46,173,592","55,408,311"
71-26,"46,217,558","4,621,755","4,621,756","9,243,512","18,487,024","27,730,535","36,974,047","46,217,558","55,461,070"
71-27,"46,261,570","4,626,156","4,626,157","9,252,314","18,504,628","27,756,942","37,009,256","46,261,570","55,513,884"
71-28,"46,305,622","4,630,562","4,630,563","9,261,125","18,522,249","27,783,374","37,044,498","46,305,622","55,566,747"
71-29,"46,349,715","4,634,971","4,634,972","9,269,943","18,539,886","27,809,829","37,079,772","46,349,715","55,619,658"
71-30,"46,393,851","4,639,385","4,639,386","9,278,771","18,557,541","27,836,311","37,115,081","46,393,851","55,672,622"
72-1,"46,438,028","4,643,802","4,643,803","9,287,606","18,575,212","27,862,817","37,150,423","46,438,028","55,725,634"
72-2,"46,482,248","4,648,224","4,648,225","9,296,450","18,592,900","27,889,349","37,185,799","46,482,248","55,778,698"
72-3,"46,526,510","4,652,650","4,652,651","9,305,302","18,610,604","27,915,906","37,221,208","46,526,510","55,831,812"
72-4,"46,570,814","4,657,081","4,657,082","9,314,163","18,628,326","27,942,489","37,256,652","46,570,814","55,884,977"
72-5,"46,615,161","4,661,516","4,661,517","9,323,033","18,646,065","27,969,097","37,292,129","46,615,161","55,938,194"
72-6,"46,659,548","4,665,954","4,665,955","9,331,910","18,663,820","27,995,729","37,327,639","46,659,548","55,991,458"
72-7,"46,703,981","4,670,398","4,670,399","9,340,797","18,681,593","28,022,389","37,363,185","46,703,981","56,044,778"
72-8,"46,748,451","4,674,845","4,674,846","9,349,691","18,699,381","28,049,071","37,398,761","46,748,451","56,098,142"
72-9,"46,792,969","4,679,296","4,679,297","9,358,594","18,717,188","28,075,782","37,434,376","46,792,969","56,151,563"
72-10,"46,837,526","4,683,752","4,683,753","9,367,506","18,735,011","28,102,516","37,470,021","46,837,526","56,205,032"
72-11,"46,882,125","4,688,212","4,688,213","9,376,425","18,752,850","28,129,275","37,505,700","46,882,125","56,258,550"
72-12,"46,926,768","4,692,676","4,692,677","9,385,354","18,770,708","28,156,061","37,541,415","46,926,768","56,312,122"
72-13,"46,971,454","4,697,145","4,697,146","9,394,291","18,788,582","28,182,873","37,577,164","46,971,454","56,365,745"
72-14,"47,016,181","4,701,618","4,701,619","9,403,237","18,806,473","28,209,709","37,612,945","47,016,181","56,419,418"
72-15,"47,060,953","4,706,095","4,706,096","9,412,191","18,824,382","28,236,572","37,648,763","47,060,953","56,473,144"
72-16,"47,105,765","4,710,576","4,710,577","9,421,153","18,842,306","28,263,459","37,684,612","47,105,765","56,526,918"
72-17,"47,150,620","4,715,061","4,715,062","9,430,124","18,860,248","28,290,372","37,720,496","47,150,620","56,580,744"
72-18,"47,195,520","4,719,551","4,719,552","9,439,104","18,878,208","28,317,312","37,756,416","47,195,520","56,634,624"
72-19,"47,240,460","4,724,045","4,724,046","9,448,092","18,896,184","28,344,276","37,792,368","47,240,460","56,688,552"
72-20,"47,285,442","4,728,544","4,728,545","9,457,089","18,914,177","28,371,266","37,828,354","47,285,442","56,742,531"
72-21,"47,330,470","4,733,046","4,733,047","9,466,094","18,932,188","28,398,282","37,864,376","47,330,470","56,796,564"
72-22,"47,375,541","4,737,554","4,737,555","9,475,109","18,950,217","28,425,325","37,900,433","47,375,541","56,850,650"
72-23,"47,420,653","4,742,065","4,742,066","9,484,131","18,968,262","28,452,392","37,936,523","47,420,653","56,904,784"
72-24,"47,465,807","4,746,580","4,746,581","9,493,162","18,986,323","28,479,485","37,972,646","47,465,807","56,958,969"
72-25,"47,511,006","4,751,100","4,751,101","9,502,202","19,004,403","28,506,604","38,008,805","47,511,006","57,013,208"
72-26,"47,556,246","4,755,624","4,755,625","9,511,250","19,022,499","28,533,748","38,044,997","47,556,246","57,067,496"
72-27,"47,601,532","4,760,153","4,760,154","9,520,307","19,040,613","28,560,920","38,081,226","47,601,532","57,121,839"
72-28,"47,646,862","4,764,686","4,764,687","9,529,373","19,058,745","28,588,118","38,117,490","47,646,862","57,176,235"
72-29,"47,692,231","4,769,223","4,769,224","9,538,447","19,076,893","28,615,339","38,153,785","47,692,231","57,230,678"
72-30,"47,737,643","4,773,764","4,773,765","9,547,529","19,095,058","28,642,586","38,190,115","47,737,643","57,285,172"
73-1,"47,783,104","4,778,310","4,778,311","9,556,621","19,113,242","28,669,863","38,226,484","47,783,104","57,339,725"
73-2,"47,828,602","4,782,860","4,782,861","9,565,721","19,131,441","28,697,162","38,262,882","47,828,602","57,394,323"
73-3,"47,874,147","4,787,414","4,787,415","9,574,830","19,149,659","28,724,489","38,299,318","47,874,147","57,448,977"
73-4,"47,919,733","4,791,973","4,791,974","9,583,947","19,167,894","28,751,840","38,335,787","47,919,733","57,503,680"
73-5,"47,965,364","4,796,536","4,796,537","9,593,073","19,186,146","28,779,219","38,372,292","47,965,364","57,558,437"
73-6,"48,011,037","4,801,103","4,801,104","9,602,208","19,204,415","28,806,623","38,408,830","48,011,037","57,613,245"
73-7,"48,056,756","4,805,675","4,805,676","9,611,352","19,222,703","28,834,054","38,445,405","48,056,756","57,668,108"
73-8,"48,102,518","4,810,251","4,810,252","9,620,504","19,241,008","28,861,511","38,482,015","48,102,518","57,723,022"
73-9,"48,148,323","4,814,832","4,814,833","9,629,665","19,259,330","28,888,994","38,518,659","48,148,323","57,777,988"
73-10,"48,194,171","4,819,417","4,819,418","9,638,835","19,277,669","28,916,503","38,555,337","48,194,171","57,833,006"
73-11,"48,240,062","4,824,006","4,824,007","9,648,013","19,296,025","28,944,038","38,592,050","48,240,062","57,888,075"
73-12,"48,285,998","4,828,599","4,828,600","9,657,200","19,314,400","28,971,599","38,628,799","48,285,998","57,943,198"
73-13,"48,331,977","4,833,197","4,833,198","9,666,396","19,332,791","28,999,187","38,665,582","48,331,977","57,998,373"
73-14,"48,378,002","4,837,800","4,837,801","9,675,601","19,351,201","29,026,802","38,702,402","48,378,002","58,053,603"
73-15,"48,424,071","4,842,407","4,842,408","9,684,815","19,369,629","29,054,443","38,739,257","48,424,071","58,108,886"
73-16,"48,470,182","4,847,018","4,847,019","9,694,037","19,388,073","29,082,110","38,776,146","48,470,182","58,164,219"
73-17,"48,516,338","4,851,633","4,851,634","9,703,268","19,406,536","29,109,803","38,813,071","48,516,338","58,219,606"
73-18,"48,562,539","4,856,253","4,856,254","9,712,508","19,425,016","29,137,524","38,850,032","48,562,539","58,275,047"
73-19,"48,608,780","4,860,877","4,860,878","9,721,756","19,443,512","29,165,268","38,887,024","48,608,780","58,330,536"
73-20,"48,655,068","4,865,506","4,865,507","9,731,014","19,462,028","29,193,041","38,924,055","48,655,068","58,386,082"
73-21,"48,701,400","4,870,139","4,870,140","9,740,280","19,480,560","29,220,840","38,961,120","48,701,400","58,441,680"
73-22,"48,747,776","4,874,777","4,874,778","9,749,556","19,499,111","29,248,666","38,998,221","48,747,776","58,497,332"
73-23,"48,794,195","4,879,419","4,879,420","9,758,839","19,517,678","29,276,517","39,035,356","48,794,195","58,553,034"
73-24,"48,840,661","4,884,066","4,884,067","9,768,133","19,536,265","29,304,397","39,072,529","48,840,661","58,608,794"
73-25,"48,887,170","4,888,716","4,888,717","9,777,434","19,554,868","29,332,302","39,109,736","48,887,170","58,664,604"
73-26,"48,933,721","4,893,372","4,893,373","9,786,745","19,573,489","29,360,233","39,146,977","48,933,721","58,720,466"
73-27,"48,980,318","4,898,031","4,898,032","9,796,064","19,592,128","29,388,191","39,184,255","48,980,318","58,776,382"
73-28,"49,026,959","4,902,695","4,902,696","9,805,392","19,610,784","29,416,176","39,221,568","49,026,959","58,832,351"
73-29,"49,073,645","4,907,364","4,907,365","9,814,729","19,629,458","29,444,187","39,258,916","49,073,645","58,888,374"
73-30,"49,120,375","4,912,037","4,912,038","9,824,075","19,648,150","29,472,225","39,296,300","49,120,375","58,944,450"
74-1,"49,167,152","4,916,715","4,916,716","9,833,431","19,666,861","29,500,292","39,333,722","49,167,152","59,000,583"
74-2,"49,213,970","4,921,396","4,921,397","9,842,794","19,685,588","29,528,382","39,371,176","49,213,970","59,056,764"
74-3,"49,260,835","4,926,083","4,926,084","9,852,167","19,704,334","29,556,501","39,408,668","49,260,835","59,113,002"
74-4,"49,307,744","4,930,774","4,930,775","9,861,549","19,723,098","29,584,647","39,446,196","49,307,744","59,169,293"
74-5,"49,354,695","4,935,469","4,935,470","9,870,939","19,741,878","29,612,817","39,483,756","49,354,695","59,225,634"
74-6,"49,401,694","4,940,169","4,940,170","9,880,339","19,760,678","29,641,017","39,521,356","49,401,694","59,282,033"
74-7,"49,448,739","4,944,873","4,944,874","9,889,748","19,779,496","29,669,244","39,558,992","49,448,739","59,338,487"
74-8,"49,495,825","4,949,582","4,949,583","9,899,165","19,798,330","29,697,495","39,596,660","49,495,825","59,394,990"
74-9,"49,542,957","4,954,295","4,954,296","9,908,592","19,817,183","29,725,775","39,634,366","49,542,957","59,451,549"
74-10,"49,590,134","4,959,013","4,959,014","9,918,027","19,836,054","29,754,081","39,672,108","49,590,134","59,508,161"
74-11,"49,637,356","4,963,735","4,963,736","9,927,472","19,854,943","29,782,414","39,709,885","49,637,356","59,564,828"
74-12,"49,684,624","4,968,462","4,968,463","9,936,925","19,873,850","29,810,775","39,747,700","49,684,624","59,621,549"
74-13,"49,731,936","4,973,193","4,973,194","9,946,388","19,892,775","29,839,162","39,785,549","49,731,936","59,678,324"
74-14,"49,779,290","4,977,928","4,977,929","9,955,858","19,911,716","29,867,574","39,823,432","49,779,290","59,735,148"
74-15,"49,826,691","4,982,669","4,982,670","9,965,339","19,930,677","29,896,015","39,861,353","49,826,691","59,792,030"
74-16,"49,874,139","4,987,413","4,987,414","9,974,828","19,949,656","29,924,484","39,899,312","49,874,139","59,848,967"
74-17,"49,921,629","4,992,162","4,992,163","9,984,326","19,968,652","29,952,978","39,937,304","49,921,629","59,905,955"
74-18,"49,969,168","4,996,916","4,996,917","9,993,834","19,987,668","29,981,501","39,975,335","49,969,168","59,963,002"
74-19,"50,016,750","5,001,674","5,001,675","10,003,350","20,006,700","30,010,050","40,013,400","50,016,750","60,020,100"
74-20,"50,064,378","5,006,437","5,006,438","10,012,876","20,025,752","30,038,627","40,051,503","50,064,378","60,077,254"
74-21,"50,112,048","5,011,204","5,011,205","10,022,410","20,044,820","30,067,229","40,089,639","50,112,048","60,134,458"
74-22,"50,159,767","5,015,976","5,015,977","10,031,954","20,063,907","30,095,861","40,127,814","50,159,767","60,191,721"
74-23,"50,207,530","5,020,752","5,020,753","10,041,506","20,083,012","30,124,518","40,166,024","50,207,530","60,249,036"
74-24,"50,255,340","5,025,533","5,025,534","10,051,068","20,102,136","30,153,204","40,204,272","50,255,340","60,306,408"
74-25,"50,303,195","5,030,319","5,030,320","10,060,639","20,121,278","30,181,917","40,242,556","50,303,195","60,363,834"
74-26,"50,351,095","5,035,109","5,035,110","10,070,219","20,140,438","30,210,657","40,280,876","50,351,095","60,421,314"
74-27,"50,399,041","5,039,904","5,039,905","10,079,809","20,159,617","30,239,425","40,319,233","50,399,041","60,478,850"
74-28,"50,447,033","5,044,703","5,044,704","10,089,407","20,178,814","30,268,220","40,357,627","50,447,033","60,536,440"
74-29,"50,495,068","5,049,506","5,049,507","10,099,014","20,198,028","30,297,041","40,396,055","50,495,068","60,594,082"
74-30,"50,543,151","5,054,315","5,054,316","10,108,631","20,217,261","30,325,891","40,434,521","50,543,151","60,651,782"
75-1,"50,591,281","5,059,128","5,059,129","10,118,257","20,236,513","30,354,769","40,473,025","50,591,281","60,709,538"
75-2,"50,639,455","5,063,945","5,063,946","10,127,891","20,255,782","30,383,673","40,511,564","50,639,455","60,767,346"
75-3,"50,687,675","5,068,767","5,068,768","10,137,535","20,275,070","30,412,605","40,550,140","50,687,675","60,825,210"
75-4,"50,735,944","5,073,594","5,073,595","10,147,189","20,294,378","30,441,567","40,588,756","50,735,944","60,883,133"
75-5,"50,784,255","5,078,425","5,078,426","10,156,851","20,313,702","30,470,553","40,627,404","50,784,255","60,941,106"
75-6,"50,832,610","5,083,260","5,083,261","10,166,522","20,333,044","30,499,566","40,666,088","50,832,610","60,999,132"
75-7,"50,881,016","5,088,101","5,088,102","10,176,204","20,352,407","30,528,610","40,704,813","50,881,016","61,057,220"
75-8,"50,929,467","5,092,946","5,092,947","10,185,894","20,371,787","30,557,681","40,743,574","50,929,467","61,115,361"
75-9,"50,977,962","5,097,796","5,097,797","10,195,593","20,391,185","30,586,778","40,782,370","50,977,962","61,173,555"
75-10,"51,026,505","5,102,650","5,102,651","10,205,301","20,410,602","30,615,903","40,821,204","51,026,505","61,231,806"
75-11,"51,075,096","5,107,509","5,107,510","10,215,020","20,430,039","30,645,058","40,860,077","51,075,096","61,290,116"
75-12,"51,123,731","5,112,373","5,112,374","10,224,747","20,449,493","30,674,239","40,898,985","51,123,731","61,348,478"
75-13,"51,172,412","5,117,241","5,117,242","10,234,483","20,468,965","30,703,448","40,937,930","51,172,412","61,406,895"
75-14,"51,221,140","5,122,113","5,122,114","10,244,228","20,488,456","30,732,684","40,976,912","51,221,140","61,465,368"
75-15,"51,269,915","5,126,991","5,126,992","10,253,983","20,507,966","30,761,949","41,015,932","51,269,915","61,523,898"
75-16,"51,318,735","5,131,873","5,131,874","10,263,747","20,527,494","30,791,241","41,054,988","51,318,735","61,582,482"
75-17,"51,367,602","5,136,760","5,136,761","10,273,521","20,547,041","30,820,562","41,094,082","51,367,602","61,641,123"
75-18,"51,416,516","5,141,651","5,141,652","10,283,304","20,566,607","30,849,910","41,133,213","51,416,516","61,699,820"
75-19,"51,465,475","5,146,547","5,146,548","10,293,095","20,586,190","30,879,285","41,172,380","51,465,475","61,758,570"
75-20,"51,514,484","5,151,448","5,151,449","10,302,897","20,605,794","30,908,691","41,211,588","51,514,484","61,817,381"
75-21,"51,563,537","5,156,353","5,156,354","10,312,708","20,625,415","30,938,123","41,250,830","51,563,537","61,876,245"
75-22,"51,612,636","5,161,263","5,161,264","10,322,528","20,645,055","30,967,582","41,290,109","51,612,636","61,935,164"
75-23,"51,661,784","5,166,178","5,166,179","10,332,357","20,664,714","30,997,071","41,329,428","51,661,784","61,994,141"
75-24,"51,710,978","5,171,097","5,171,098","10,342,196","20,684,392","31,026,587","41,368,783","51,710,978","62,053,174"
75-25,"51,760,217","5,176,021","5,176,022","10,352,044","20,704,087","31,056,131","41,408,174","51,760,217","62,112,261"
75-26,"51,809,505","5,180,950","5,180,951","10,361,901","20,723,802","31,085,703","41,447,604","51,809,505","62,171,406"
75-27,"51,858,838","5,185,883","5,185,884","10,371,768","20,743,536","31,115,303","41,487,071","51,858,838","62,230,606"
75-28,"51,908,223","5,190,822","5,190,823","10,381,645","20,763,290","31,144,934","41,526,579","51,908,223","62,289,868"
75-29,"51,957,649","5,195,764","5,195,765","10,391,530","20,783,060","31,174,590","41,566,120","51,957,649","62,349,179"
75-30,"52,007,127","5,200,712","5,200,713","10,401,426","20,802,851","31,204,277","41,605,702","52,007,127","62,408,553"
76-1,"52,056,648","5,205,664","5,205,665","10,411,330","20,822,660","31,233,989","41,645,319","52,056,648","62,467,978"
76-2,"52,106,218","5,210,621","5,210,622","10,421,244","20,842,488","31,263,731","41,684,975","52,106,218","62,527,462"
76-3,"52,155,836","5,215,583","5,215,584","10,431,168","20,862,335","31,293,502","41,724,669","52,155,836","62,587,004"
76-4,"52,205,499","5,220,549","5,220,550","10,441,100","20,882,200","31,323,300","41,764,400","52,205,499","62,646,599"
76-5,"52,255,208","5,225,520","5,225,521","10,451,042","20,902,084","31,353,125","41,804,167","52,255,208","62,706,250"
76-6,"52,304,970","5,230,496","5,230,497","10,460,994","20,921,988","31,382,982","41,843,976","52,304,970","62,765,964"
76-7,"52,354,777","5,235,477","5,235,478","10,470,956","20,941,911","31,412,867","41,883,822","52,354,777","62,825,733"
76-8,"52,404,629","5,240,462","5,240,463","10,480,926","20,961,852","31,442,778","41,923,704","52,404,629","62,885,555"
76-9,"52,454,531","5,245,453","5,245,454","10,490,907","20,981,813","31,472,719","41,963,625","52,454,531","62,945,438"
76-10,"52,504,480","5,250,447","5,250,448","10,500,896","21,001,792","31,502,688","42,003,584","52,504,480","63,005,376"
76-11,"52,554,476","5,255,447","5,255,448","10,510,896","21,021,791","31,532,686","42,043,581","52,554,476","63,065,372"
76-12,"52,604,518","5,260,451","5,260,452","10,520,904","21,041,808","31,562,711","42,083,615","52,604,518","63,125,422"
76-13,"52,654,612","5,265,461","5,265,462","10,530,923","21,061,845","31,592,768","42,123,690","52,654,612","63,185,535"
76-14,"52,704,750","5,270,474","5,270,475","10,540,950","21,081,900","31,622,850","42,163,800","52,704,750","63,245,700"
76-15,"52,754,938","5,275,493","5,275,494","10,550,988","21,101,976","31,652,963","42,203,951","52,754,938","63,305,926"
76-16,"52,805,171","5,280,517","5,280,518","10,561,035","21,122,069","31,683,103","42,244,137","52,805,171","63,366,206"
76-17,"52,855,454","5,285,545","5,285,546","10,571,091","21,142,182","31,713,273","42,284,364","52,855,454","63,426,545"
76-18,"52,905,785","5,290,578","5,290,579","10,581,157","21,162,314","31,743,471","42,324,628","52,905,785","63,486,942"
76-19,"52,956,165","5,295,616","5,295,617","10,591,233","21,182,466","31,773,699","42,364,932","52,956,165","63,547,398"
76-20,"53,006,590","5,300,658","5,300,659","10,601,318","21,202,636","31,803,954","42,405,272","53,006,590","63,607,908"
76-21,"53,057,064","5,305,706","5,305,707","10,611,413","21,222,826","31,834,239","42,445,652","53,057,064","63,668,477"
76-22,"53,107,586","5,310,758","5,310,759","10,621,518","21,243,035","31,864,552","42,486,069","53,107,586","63,729,104"
76-23,"53,158,156","5,315,815","5,315,816","10,631,632","21,263,263","31,894,894","42,526,525","53,158,156","63,789,788"
76-24,"53,208,774","5,320,877","5,320,878","10,641,755","21,283,510","31,925,265","42,567,020","53,208,774","63,850,529"
76-25,"53,259,443","5,325,944","5,325,945","10,651,889","21,303,778","31,955,666","42,607,555","53,259,443","63,911,332"
76-26,"53,310,157","5,331,015","5,331,016","10,662,032","21,324,063","31,986,095","42,648,126","53,310,157","63,972,189"
76-27,"53,360,921","5,336,092","5,336,093","10,672,185","21,344,369","32,016,553","42,688,737","53,360,921","64,033,106"
76-28,"53,411,732","5,341,173","5,341,174","10,682,347","21,364,693","32,047,040","42,729,386","53,411,732","64,094,079"
76-29,"53,462,593","5,346,259","5,346,260","10,692,519","21,385,038","32,077,556","42,770,075","53,462,593","64,155,112"
76-30,"53,513,502","5,351,350","5,351,351","10,702,701","21,405,401","32,108,102","42,810,802","53,513,502","64,216,203"
77-1,"53,564,458","5,356,445","5,356,446","10,712,892","21,425,784","32,138,675","42,851,567","53,564,458","64,277,350"
77-2,"53,615,465","5,361,546","5,361,547","10,723,093","21,446,186","32,169,279","42,892,372","53,615,465","64,338,558"
77-3,"53,666,518","5,366,651","5,366,652","10,733,304","21,466,608","32,199,911","42,933,215","53,666,518","64,399,822"
77-4,"53,717,621","5,371,762","5,371,763","10,743,525","21,487,049","32,230,573","42,974,097","53,717,621","64,461,146"
77-5,"53,768,771","5,376,877","5,376,878","10,753,755","21,507,509","32,261,263","43,015,017","53,768,771","64,522,526"
77-6,"53,819,973","5,381,997","5,381,998","10,763,995","21,527,990","32,291,984","43,055,979","53,819,973","64,583,968"
77-7,"53,871,222","5,387,122","5,387,123","10,774,245","21,548,489","32,322,734","43,096,978","53,871,222","64,645,467"
77-8,"53,922,520","5,392,251","5,392,252","10,784,504","21,569,008","32,353,512","43,138,016","53,922,520","64,707,024"
77-9,"53,973,865","5,397,386","5,397,387","10,794,773","21,589,546","32,384,319","43,179,092","53,973,865","64,768,638"
77-10,"54,025,261","5,402,526","5,402,527","10,805,053","21,610,105","32,415,157","43,220,209","54,025,261","64,830,314"
77-11,"54,076,707","5,407,670","5,407,671","10,815,342","21,630,683","32,446,025","43,261,366","54,076,707","64,892,049"
77-12,"54,128,198","5,412,819","5,412,820","10,825,640","21,651,280","32,476,919","43,302,559","54,128,198","64,953,838"
77-13,"54,179,739","5,417,973","5,417,974","10,835,948","21,671,896","32,507,844","43,343,792","54,179,739","65,015,687"
77-14,"54,231,332","5,423,133","5,423,134","10,846,267","21,692,533","32,538,800","43,385,066","54,231,332","65,077,599"
77-15,"54,282,972","5,428,297","5,428,298","10,856,595","21,713,189","32,569,784","43,426,378","54,282,972","65,139,567"
77-16,"54,334,662","5,433,466","5,433,467","10,866,933","21,733,865","32,600,798","43,467,730","54,334,662","65,201,595"
77-17,"54,386,402","5,438,640","5,438,641","10,877,281","21,754,561","32,631,842","43,509,122","54,386,402","65,263,683"
77-18,"54,438,191","5,443,819","5,443,820","10,887,639","21,775,277","32,662,915","43,550,553","54,438,191","65,325,830"
77-19,"54,490,027","5,449,002","5,449,003","10,898,006","21,796,011","32,694,017","43,592,022","54,490,027","65,388,033"
77-20,"54,541,913","5,454,191","5,454,192","10,908,383","21,816,766","32,725,148","43,633,531","54,541,913","65,450,296"
77-21,"54,593,850","5,459,384","5,459,385","10,918,770","21,837,540","32,756,310","43,675,080","54,593,850","65,512,620"
77-22,"54,645,835","5,464,583","5,464,584","10,929,167","21,858,334","32,787,501","43,716,668","54,645,835","65,575,002"
77-23,"54,697,872","5,469,787","5,469,788","10,939,575","21,879,149","32,818,724","43,758,298","54,697,872","65,637,447"
77-24,"54,749,957","5,474,995","5,474,996","10,949,992","21,899,983","32,849,975","43,799,966","54,749,957","65,699,949"
77-25,"54,802,090","5,480,208","5,480,209","10,960,418","21,920,836","32,881,254","43,841,672","54,802,090","65,762,508"
77-26,"54,854,274","5,485,427","5,485,428","10,970,855","21,941,710","32,912,565","43,883,420","54,854,274","65,825,129"
77-27,"54,906,509","5,490,650","5,490,651","10,981,302","21,962,604","32,943,906","43,925,208","54,906,509","65,887,811"
77-28,"54,958,791","5,495,879","5,495,880","10,991,759","21,983,517","32,975,275","43,967,033","54,958,791","65,950,550"
77-29,"55,011,125","5,501,112","5,501,113","11,002,225","22,004,450","33,006,675","44,008,900","55,011,125","66,013,350"
77-30,"55,063,509","5,506,350","5,506,351","11,012,702","22,025,404","33,038,106","44,050,808","55,063,509","66,076,211"
78-1,"55,115,940","5,511,593","5,511,594","11,023,188","22,046,376","33,069,564","44,092,752","55,115,940","66,139,128"
78-2,"55,168,424","5,516,842","5,516,843","11,033,685","22,067,370","33,101,055","44,134,740","55,168,424","66,202,109"
78-3,"55,220,957","5,522,095","5,522,096","11,044,192","22,088,383","33,132,575","44,176,766","55,220,957","66,265,149"
78-4,"55,273,540","5,527,353","5,527,354","11,054,708","22,109,416","33,164,124","44,218,832","55,273,540","66,328,248"
78-5,"55,326,172","5,532,617","5,532,618","11,065,235","22,130,469","33,195,704","44,260,938","55,326,172","66,391,407"
78-6,"55,378,856","5,537,885","5,537,886","11,075,772","22,151,543","33,227,314","44,303,085","55,378,856","66,454,628"
78-7,"55,431,588","5,543,158","5,543,159","11,086,318","22,172,636","33,258,953","44,345,271","55,431,588","66,517,906"
78-8,"55,484,373","5,548,437","5,548,438","11,096,875","22,193,750","33,290,624","44,387,499","55,484,373","66,581,248"
78-9,"55,537,206","5,553,720","5,553,721","11,107,442","22,214,883","33,322,324","44,429,765","55,537,206","66,644,648"
78-10,"55,590,089","5,559,008","5,559,009","11,118,018","22,236,036","33,354,054","44,472,072","55,590,089","66,708,107"
78-11,"55,643,024","5,564,302","5,564,303","11,128,605","22,257,210","33,385,815","44,514,420","55,643,024","66,771,629"
78-12,"55,696,009","5,569,600","5,569,601","11,139,202","22,278,404","33,417,606","44,556,808","55,696,009","66,835,211"
78-13,"55,749,044","5,574,904","5,574,905","11,149,809","22,299,618","33,449,427","44,599,236","55,749,044","66,898,853"
78-14,"55,802,130","5,580,212","5,580,213","11,160,426","22,320,852","33,481,278","44,641,704","55,802,130","66,962,556"
78-15,"55,855,266","5,585,526","5,585,527","11,171,054","22,342,107","33,513,160","44,684,213","55,855,266","67,026,320"
78-16,"55,908,454","5,590,845","5,590,846","11,181,691","22,363,382","33,545,073","44,726,764","55,908,454","67,090,145"
78-17,"55,961,692","5,596,169","5,596,170","11,192,339","22,384,677","33,577,016","44,769,354","55,961,692","67,154,031"
78-18,"56,014,979","5,601,497","5,601,498","11,202,996","22,405,992","33,608,988","44,811,984","56,014,979","67,217,975"
78-19,"56,068,318","5,606,831","5,606,832","11,213,664","22,427,328","33,640,991","44,854,655","56,068,318","67,281,982"
78-20,"56,121,707","5,612,170","5,612,171","11,224,342","22,448,683","33,673,025","44,897,366","56,121,707","67,346,049"
78-21,"56,175,149","5,617,514","5,617,515","11,235,030","22,470,060","33,705,090","44,940,120","56,175,149","67,410,179"
78-22,"56,228,640","5,622,863","5,622,864","11,245,728","22,491,456","33,737,184","44,982,912","56,228,640","67,474,368"
78-23,"56,282,182","5,628,218","5,628,219","11,256,437","22,512,873","33,769,310","45,025,746","56,282,182","67,538,619"
78-24,"56,335,776","5,633,577","5,633,578","11,267,156","22,534,311","33,801,466","45,068,621","56,335,776","67,602,932"
78-25,"56,389,420","5,638,941","5,638,942","11,277,884","22,555,768","33,833,652","45,111,536","56,389,420","67,667,304"
78-26,"56,443,117","5,644,311","5,644,312","11,288,624","22,577,247","33,865,871","45,154,494","56,443,117","67,731,741"
78-27,"56,496,861","5,649,686","5,649,687","11,299,373","22,598,745","33,898,117","45,197,489","56,496,861","67,796,234"
78-28,"56,550,659","5,655,065","5,655,066","11,310,132","22,620,264","33,930,396","45,240,528","56,550,659","67,860,791"
78-29,"56,604,509","5,660,450","5,660,451","11,320,902","22,641,804","33,962,706","45,283,608","56,604,509","67,925,411"
78-30,"56,658,410","5,665,840","5,665,841","11,331,682","22,663,364","33,995,046","45,326,728","56,658,410","67,990,092"
79-1,"56,712,361","5,671,236","5,671,237","11,342,473","22,684,945","34,027,417","45,369,889","56,712,361","68,054,834"
79-2,"56,766,364","5,676,636","5,676,637","11,353,273","22,706,546","34,059,819","45,413,092","56,766,364","68,119,637"
79-3,"56,820,418","5,682,041","5,682,042","11,364,084","22,728,168","34,092,251","45,456,335","56,820,418","68,184,502"
79-4,"56,874,523","5,687,452","5,687,453","11,374,905","22,749,810","34,124,714","45,499,619","56,874,523","68,249,428"
79-5,"56,928,681","5,692,868","5,692,869","11,385,737","22,771,473","34,157,209","45,542,945","56,928,681","68,314,418"
79-6,"56,982,890","5,698,288","5,698,289","11,396,578","22,793,156","34,189,734","45,586,312","56,982,890","68,379,468"
79-7,"57,037,152","5,703,715","5,703,716","11,407,431","22,814,861","34,222,292","45,629,722","57,037,152","68,444,583"
79-8,"57,091,463","5,709,146","5,709,147","11,418,293","22,836,586","34,254,878","45,673,171","57,091,463","68,509,756"
79-9,"57,145,826","5,714,582","5,714,583","11,429,166","22,858,331","34,287,496","45,716,661","57,145,826","68,574,992"
79-10,"57,200,243","5,720,024","5,720,025","11,440,049","22,880,098","34,320,146","45,760,195","57,200,243","68,640,292"
79-11,"57,254,711","5,725,471","5,725,472","11,450,943","22,901,885","34,352,827","45,803,769","57,254,711","68,705,654"
79-12,"57,309,230","5,730,922","5,730,923","11,461,846","22,923,692","34,385,538","45,847,384","57,309,230","68,771,076"
79-13,"57,363,800","5,736,379","5,736,380","11,472,760","22,945,520","34,418,280","45,891,040","57,363,800","68,836,560"
79-14,"57,418,425","5,741,842","5,741,843","11,483,685","22,967,370","34,451,055","45,934,740","57,418,425","68,902,110"
79-15,"57,473,099","5,747,309","5,747,310","11,494,620","22,989,240","34,483,860","45,978,480","57,473,099","68,967,719"
79-16,"57,527,828","5,752,782","5,752,783","11,505,566","23,011,132","34,516,697","46,022,263","57,527,828","69,033,394"
79-17,"57,582,608","5,758,260","5,758,261","11,516,522","23,033,044","34,549,565","46,066,087","57,582,608","69,099,130"
79-18,"57,637,429","5,763,742","5,763,743","11,527,486","23,054,972","34,582,458","46,109,944","57,637,429","69,164,915"
79-19,"57,692,305","5,769,230","5,769,231","11,538,461","23,076,922","34,615,383","46,153,844","57,692,305","69,230,766"
79-20,"57,747,232","5,774,723","5,774,724","11,549,447","23,098,893","34,648,340","46,197,786","57,747,232","69,296,679"
79-21,"57,802,215","5,780,221","5,780,222","11,560,443","23,120,886","34,681,329","46,241,772","57,802,215","69,362,658"
79-22,"57,857,248","5,785,724","5,785,725","11,571,450","23,142,900","34,714,349","46,285,799","57,857,248","69,428,698"
79-23,"57,912,330","5,791,232","5,791,233","11,582,466","23,164,932","34,747,398","46,329,864","57,912,330","69,494,796"
79-24,"57,967,468","5,796,746","5,796,747","11,593,494","23,186,988","34,780,481","46,373,975","57,967,468","69,560,962"
79-25,"58,022,658","5,802,265","5,802,266","11,604,532","23,209,064","34,813,595","46,418,127","58,022,658","69,627,190"
79-26,"58,077,899","5,807,789","5,807,790","11,615,580","23,231,160","34,846,740","46,462,320","58,077,899","69,693,479"
79-27,"58,133,195","5,813,319","5,813,320","11,626,639","23,253,278","34,879,917","46,506,556","58,133,195","69,759,834"
79-28,"58,188,542","5,818,854","5,818,855","11,637,709","23,275,417","34,913,126","46,550,834","58,188,542","69,826,251"
79-29,"58,243,944","5,824,394","5,824,395","11,648,789","23,297,578","34,946,367","46,595,156","58,243,944","69,892,733"
79-30,"58,299,396","5,829,939","5,829,940","11,659,880","23,319,759","34,979,638","46,639,517","58,299,396","69,959,276"
80-1,"58,354,903","5,835,490","5,835,491","11,670,981","23,341,962","35,012,942","46,683,923","58,354,903","70,025,884"
80-2,"58,410,460","5,841,045","5,841,046","11,682,092","23,364,184","35,046,276","46,728,368","58,410,460","70,092,552"
80-3,"58,466,073","5,846,607","5,846,608","11,693,215","23,386,430","35,079,644","46,772,859","58,466,073","70,159,288"
80-4,"58,521,736","5,852,173","5,852,174","11,704,348","23,408,695","35,113,042","46,817,389","58,521,736","70,226,084"
80-5,"58,577,454","5,857,745","5,857,746","11,715,491","23,430,982","35,146,473","46,861,964","58,577,454","70,292,945"
80-6,"58,633,226","5,863,322","5,863,323","11,726,646","23,453,291","35,179,936","46,906,581","58,633,226","70,359,872"
80-7,"58,689,049","5,868,904","5,868,905","11,737,810","23,475,620","35,213,430","46,951,240","58,689,049","70,426,859"
80-8,"58,744,927","5,874,492","5,874,493","11,748,986","23,497,971","35,246,957","46,995,942","58,744,927","70,493,913"
80-9,"58,800,856","5,880,085","5,880,086","11,760,172","23,520,343","35,280,514","47,040,685","58,800,856","70,561,028"
80-10,"58,856,839","5,885,683","5,885,684","11,771,368","23,542,736","35,314,104","47,085,472","58,856,839","70,628,207"
80-11,"58,912,876","5,891,287","5,891,288","11,782,576","23,565,151","35,347,726","47,130,301","58,912,876","70,695,452"
80-12,"58,968,966","5,896,896","5,896,897","11,793,794","23,587,587","35,381,380","47,175,173","58,968,966","70,762,760"
80-13,"59,025,109","5,902,510","5,902,511","11,805,022","23,610,044","35,415,066","47,220,088","59,025,109","70,830,131"
80-14,"59,081,305","5,908,130","5,908,131","11,816,261","23,632,522","35,448,783","47,265,044","59,081,305","70,897,566"
80-15,"59,137,555","5,913,755","5,913,756","11,827,511","23,655,022","35,482,533","47,310,044","59,137,555","70,965,066"
80-16,"59,193,859","5,919,385","5,919,386","11,838,772","23,677,544","35,516,316","47,355,088","59,193,859","71,032,631"
80-17,"59,250,219","5,925,021","5,925,022","11,850,044","23,700,088","35,550,132","47,400,176","59,250,219","71,100,263"
80-18,"59,306,629","5,930,662","5,930,663","11,861,326","23,722,652","35,583,978","47,445,304","59,306,629","71,167,955"
80-19,"59,363,100","5,936,309","5,936,310","11,872,620","23,745,240","35,617,860","47,490,480","59,363,100","71,235,720"
80-20,"59,419,630","5,941,962","5,941,963","11,883,926","23,767,852","35,651,778","47,535,704","59,419,630","71,303,556"
80-21,"59,476,209","5,947,620","5,947,621","11,895,242","23,790,484","35,685,726","47,580,968","59,476,209","71,371,451"
80-22,"59,532,845","5,953,284","5,953,285","11,906,569","23,813,138","35,719,707","47,626,276","59,532,845","71,439,414"
80-23,"59,589,532","5,958,953","5,958,954","11,917,907","23,835,813","35,753,720","47,671,626","59,589,532","71,507,439"
80-24,"59,646,278","5,964,627","5,964,628","11,929,256","23,858,512","35,787,767","47,717,023","59,646,278","71,575,534"
80-25,"59,703,071","5,970,307","5,970,308","11,940,615","23,881,229","35,821,843","47,762,457","59,703,071","71,643,686"
80-26,"59,759,923","5,975,992","5,975,993","11,951,985","23,903,970","35,855,954","47,807,939","59,759,923","71,711,908"
80-27,"59,816,829","5,981,682","5,981,683","11,963,366","23,926,732","35,890,098","47,853,464","59,816,829","71,780,195"
80-28,"59,873,787","5,987,378","5,987,379","11,974,758","23,949,515","35,924,273","47,899,030","59,873,787","71,848,545"
80-29,"59,930,800","5,993,079","5,993,080","11,986,160","23,972,320","35,958,480","47,944,640","59,930,800","71,916,960"
80-30,"59,987,870","5,998,786","5,998,787","11,997,574","23,995,148","35,992,722","47,990,296","59,987,870","71,985,444"
81-1,"60,044,990","6,004,498","6,004,499","12,008,998","24,017,996","36,026,994","48,035,992","60,044,990","72,053,988"
81-2,"60,102,168","6,010,216","6,010,217","12,020,434","24,040,868","36,061,301","48,081,735","60,102,168","72,122,602"
81-3,"60,159,397","6,015,939","6,015,940","12,031,880","24,063,759","36,095,639","48,127,518","60,159,397","72,191,277"
81-4,"60,216,684","6,021,668","6,021,669","12,043,337","24,086,674","36,130,011","48,173,348","60,216,684","72,260,021"
81-5,"60,274,022","6,027,402","6,027,403","12,054,805","24,109,609","36,164,414","48,219,218","60,274,022","72,328,827"
81-6,"60,331,417","6,033,141","6,033,142","12,066,284","24,132,567","36,198,851","48,265,134","60,331,417","72,397,701"
81-7,"60,388,866","6,038,886","6,038,887","12,077,774","24,155,547","36,233,320","48,311,093","60,388,866","72,466,640"
81-8,"60,446,370","6,044,636","6,044,637","12,089,274","24,178,548","36,267,822","48,357,096","60,446,370","72,535,644"
81-9,"60,503,927","6,050,392","6,050,393","12,100,786","24,201,571","36,302,357","48,403,142","60,503,927","72,604,713"
81-10,"60,561,540","6,056,153","6,056,154","12,112,308","24,224,616","36,336,924","48,449,232","60,561,540","72,673,848"
81-11,"60,619,211","6,061,921","6,061,922","12,123,843","24,247,685","36,371,527","48,495,369","60,619,211","72,743,054"
81-12,"60,676,932","6,067,693","6,067,694","12,135,387","24,270,773","36,406,160","48,541,546","60,676,932","72,812,319"
81-13,"60,734,710","6,073,470","6,073,471","12,146,942","24,293,884","36,440,826","48,587,768","60,734,710","72,881,652"
81-14,"60,792,545","6,079,254","6,079,255","12,158,509","24,317,018","36,475,527","48,634,036","60,792,545","72,951,054"
81-15,"60,850,433","6,085,043","6,085,044","12,170,087","24,340,174","36,510,260","48,680,347","60,850,433","73,020,520"
81-16,"60,908,376","6,090,837","6,090,838","12,181,676","24,363,351","36,545,026","48,726,701","60,908,376","73,090,052"
81-17,"60,966,375","6,096,637","6,096,638","12,193,275","24,386,550","36,579,825","48,773,100","60,966,375","73,159,650"
81-18,"61,024,428","6,102,442","6,102,443","12,204,886","24,409,772","36,614,657","48,819,543","61,024,428","73,229,314"
81-19,"61,082,537","6,108,253","6,108,254","12,216,508","24,433,015","36,649,523","48,866,030","61,082,537","73,299,045"
81-20,"61,140,702","6,114,070","6,114,071","12,228,141","24,456,281","36,684,422","48,912,562","61,140,702","73,368,843"
81-21,"61,198,921","6,119,892","6,119,893","12,239,785","24,479,569","36,719,353","48,959,137","61,198,921","73,438,706"
81-22,"61,257,196","6,125,719","6,125,720","12,251,440","24,502,879","36,754,318","49,005,757","61,257,196","73,508,636"
81-23,"61,315,527","6,131,552","6,131,553","12,263,106","24,526,211","36,789,317","49,052,422","61,315,527","73,578,633"
81-24,"61,373,913","6,137,391","6,137,392","12,274,783","24,549,566","36,824,348","49,099,131","61,373,913","73,648,696"
81-25,"61,432,354","6,143,235","6,143,236","12,286,471","24,572,942","36,859,413","49,145,884","61,432,354","73,718,825"
81-26,"61,490,853","6,149,085","6,149,086","12,298,171","24,596,342","36,894,512","49,192,683","61,490,853","73,789,024"
81-27,"61,549,405","6,154,940","6,154,941","12,309,881","24,619,762","36,929,643","49,239,524","61,549,405","73,859,286"
81-28,"61,608,014","6,160,801","6,160,802","12,321,603","24,643,206","36,964,809","49,286,412","61,608,014","73,929,617"
81-29,"61,666,679","6,166,667","6,166,668","12,333,336","24,666,672","37,000,008","49,333,344","61,666,679","74,000,015"
81-30,"61,725,400","6,172,539","6,172,540","12,345,080","24,690,160","37,035,240","49,380,320","61,725,400","74,070,480"
82-1,"61,784,177","6,178,417","6,178,418","12,356,836","24,713,671","37,070,507","49,427,342","61,784,177","74,141,013"
82-2,"61,843,009","6,184,300","6,184,301","12,368,602","24,737,204","37,105,806","49,474,408","61,843,009","74,211,611"
82-3,"61,901,897","6,190,189","6,190,190","12,380,380","24,760,759","37,141,139","49,521,518","61,901,897","74,282,277"
82-4,"61,960,842","6,196,084","6,196,085","12,392,169","24,784,337","37,176,506","49,568,674","61,960,842","74,353,011"
82-5,"62,019,841","6,201,984","6,201,985","12,403,969","24,807,937","37,211,905","49,615,873","62,019,841","74,423,810"
82-6,"62,078,899","6,207,889","6,207,890","12,415,780","24,831,560","37,247,340","49,663,120","62,078,899","74,494,679"
82-7,"62,138,011","6,213,801","6,213,802","12,427,603","24,855,205","37,282,807","49,710,409","62,138,011","74,565,614"
82-8,"62,197,181","6,219,718","6,219,719","12,439,437","24,878,873","37,318,309","49,757,745","62,197,181","74,636,618"
82-9,"62,256,407","6,225,640","6,225,641","12,451,282","24,902,563","37,353,845","49,805,126","62,256,407","74,707,689"
82-10,"62,315,690","6,231,568","6,231,569","12,463,138","24,926,276","37,389,414","49,852,552","62,315,690","74,778,828"
82-11,"62,375,029","6,237,502","6,237,503","12,475,006","24,950,012","37,425,018","49,900,024","62,375,029","74,850,035"
82-12,"62,434,421","6,243,442","6,243,443","12,486,885","24,973,769","37,460,653","49,947,537","62,434,421","74,921,306"
82-13,"62,493,875","6,249,387","6,249,388","12,498,775","24,997,550","37,496,325","49,995,100","62,493,875","74,992,650"
82-14,"62,553,383","6,255,338","6,255,339","12,510,677","25,021,354","37,532,030","50,042,707","62,553,383","75,064,060"
82-15,"62,612,947","6,261,294","6,261,295","12,522,590","25,045,179","37,567,769","50,090,358","62,612,947","75,135,537"
82-16,"62,672,568","6,267,256","6,267,257","12,534,514","25,069,028","37,603,541","50,138,055","62,672,568","75,207,082"
82-17,"62,732,248","6,273,224","6,273,225","12,546,450","25,092,900","37,639,349","50,185,799","62,732,248","75,278,698"
82-18,"62,791,983","6,279,198","6,279,199","12,558,397","25,116,794","37,675,190","50,233,587","62,791,983","75,350,380"
82-19,"62,851,775","6,285,177","6,285,178","12,570,355","25,140,710","37,711,065","50,281,420","62,851,775","75,422,130"
82-20,"62,911,622","6,291,162","6,291,163","12,582,325","25,164,649","37,746,974","50,329,298","62,911,622","75,493,947"
82-21,"62,971,528","6,297,152","6,297,153","12,594,306","25,188,612","37,782,917","50,377,223","62,971,528","75,565,834"
82-22,"63,031,491","6,303,149","6,303,150","12,606,299","25,212,597","37,818,895","50,425,193","63,031,491","75,637,790"
82-23,"63,091,509","6,309,150","6,309,151","12,618,302","25,236,604","37,854,906","50,473,208","63,091,509","75,709,811"
82-24,"63,151,586","6,315,158","6,315,159","12,630,318","25,260,635","37,890,952","50,521,269","63,151,586","75,781,904"
82-25,"63,211,717","6,321,171","6,321,172","12,642,344","25,284,687","37,927,031","50,569,374","63,211,717","75,854,061"
82-26,"63,271,909","6,327,190","6,327,191","12,654,382","25,308,764","37,963,146","50,617,528","63,271,909","75,926,291"
82-27,"63,332,156","6,333,215","6,333,216","12,666,432","25,332,863","37,999,294","50,665,725","63,332,156","75,998,588"
82-28,"63,392,462","6,339,246","6,339,247","12,678,493","25,356,985","38,035,478","50,713,970","63,392,462","76,070,955"
82-29,"63,452,823","6,345,282","6,345,283","12,690,565","25,381,130","38,071,694","50,762,259","63,452,823","76,143,388"
82-30,"63,513,244","6,351,324","6,351,325","12,702,649","25,405,298","38,107,947","50,810,596","63,513,244","76,215,893"
83-1,"63,573,722","6,357,372","6,357,373","12,714,745","25,429,489","38,144,234","50,858,978","63,573,722","76,288,467"
83-2,"63,634,259","6,363,425","6,363,426","12,726,852","25,453,704","38,180,556","50,907,408","63,634,259","76,361,111"
83-3,"63,694,851","6,369,485","6,369,486","12,738,971","25,477,941","38,216,911","50,955,881","63,694,851","76,433,822"
83-4,"63,755,500","6,375,549","6,375,550","12,751,100","25,502,200","38,253,300","51,004,400","63,755,500","76,506,600"
83-5,"63,816,211","6,381,621","6,381,622","12,763,243","25,526,485","38,289,727","51,052,969","63,816,211","76,579,454"
83-6,"63,876,976","6,387,697","6,387,698","12,775,396","25,550,791","38,326,186","51,101,581","63,876,976","76,652,372"
83-7,"63,937,801","6,393,780","6,393,781","12,787,561","25,575,121","38,362,681","51,150,241","63,937,801","76,725,362"
83-8,"63,998,682","6,399,868","6,399,869","12,799,737","25,599,473","38,399,210","51,198,946","63,998,682","76,798,419"
83-9,"64,059,622","6,405,962","6,405,963","12,811,925","25,623,849","38,435,774","51,247,698","64,059,622","76,871,547"
83-10,"64,120,619","6,412,061","6,412,062","12,824,124","25,648,248","38,472,372","51,296,496","64,120,619","76,944,743"
83-11,"64,181,675","6,418,167","6,418,168","12,836,335","25,672,670","38,509,005","51,345,340","64,181,675","77,018,010"
83-12,"64,242,791","6,424,279","6,424,280","12,848,559","25,697,117","38,545,675","51,394,233","64,242,791","77,091,350"
83-13,"64,303,962","6,430,396","6,430,397","12,860,793","25,721,585","38,582,378","51,443,170","64,303,962","77,164,755"
83-14,"64,365,192","6,436,519","6,436,520","12,873,039","25,746,077","38,619,116","51,492,154","64,365,192","77,238,231"
83-15,"64,426,483","6,442,648","6,442,649","12,885,297","25,770,594","38,655,890","51,541,187","64,426,483","77,311,780"
83-16,"64,487,830","6,448,782","6,448,783","12,897,566","25,795,132","38,692,698","51,590,264","64,487,830","77,385,396"
83-17,"64,549,234","6,454,923","6,454,924","12,909,847","25,819,694","38,729,541","51,639,388","64,549,234","77,459,081"
83-18,"64,610,699","6,461,069","6,461,070","12,922,140","25,844,280","38,766,420","51,688,560","64,610,699","77,532,839"
83-19,"64,672,222","6,467,222","6,467,223","12,934,445","25,868,889","38,803,334","51,737,778","64,672,222","77,606,667"
83-20,"64,733,802","6,473,380","6,473,381","12,946,761","25,893,521","38,840,282","51,787,042","64,733,802","77,680,563"
83-21,"64,795,441","6,479,544","6,479,545","12,959,089","25,918,177","38,877,265","51,836,353","64,795,441","77,754,530"
83-22,"64,857,140","6,485,713","6,485,714","12,971,428","25,942,856","38,914,284","51,885,712","64,857,140","77,828,568"
83-23,"64,918,898","6,491,889","6,491,890","12,983,780","25,967,560","38,951,339","51,935,119","64,918,898","77,902,678"
83-24,"64,980,718","6,498,071","6,498,072","12,996,144","25,992,288","38,988,431","51,984,575","64,980,718","77,976,862"
83-25,"65,042,595","6,504,259","6,504,260","13,008,519","26,017,038","39,025,557","52,034,076","65,042,595","78,051,114"
83-26,"65,104,530","6,510,452","6,510,453","13,020,906","26,041,812","39,062,718","52,083,624","65,104,530","78,125,436"
83-27,"65,166,522","6,516,652","6,516,653","13,033,305","26,066,609","39,099,914","52,133,218","65,166,522","78,199,827"
83-28,"65,228,575","6,522,857","6,522,858","13,045,715","26,091,430","39,137,145","52,182,860","65,228,575","78,274,290"
83-29,"65,290,689","6,529,068","6,529,069","13,058,138","26,116,276","39,174,414","52,232,552","65,290,689","78,348,827"
83-30,"65,352,859","6,535,285","6,535,286","13,070,572","26,141,144","39,211,716","52,282,288","65,352,859","78,423,431"
84-1,"65,415,092","6,541,509","6,541,510","13,083,019","26,166,037","39,249,056","52,332,074","65,415,092","78,498,111"
84-2,"65,477,380","6,547,737","6,547,738","13,095,476","26,190,952","39,286,428","52,381,904","65,477,380","78,572,856"
84-3,"65,539,729","6,553,972","6,553,973","13,107,946","26,215,892","39,323,838","52,431,784","65,539,729","78,647,675"
84-4,"65,602,136","6,560,213","6,560,214","13,120,428","26,240,855","39,361,282","52,481,709","65,602,136","78,722,564"
84-5,"65,664,606","6,566,460","6,566,461","13,132,922","26,265,843","39,398,764","52,531,685","65,664,606","78,797,528"
84-6,"65,727,133","6,572,713","6,572,714","13,145,427","26,290,854","39,436,280","52,581,707","65,727,133","78,872,560"
84-7,"65,789,719","6,578,971","6,578,972","13,157,944","26,315,888","39,473,832","52,631,776","65,789,719","78,947,663"
84-8,"65,852,367","6,585,236","6,585,237","13,170,474","26,340,947","39,511,421","52,681,894","65,852,367","79,022,841"
84-9,"65,915,073","6,591,507","6,591,508","13,183,015","26,366,030","39,549,044","52,732,059","65,915,073","79,098,088"
84-10,"65,977,839","6,597,783","6,597,784","13,195,568","26,391,136","39,586,704","52,782,272","65,977,839","79,173,407"
84-11,"66,040,665","6,604,066","6,604,067","13,208,133","26,416,266","39,624,399","52,832,532","66,040,665","79,248,798"
84-12,"66,103,549","6,610,354","6,610,355","13,220,710","26,441,420","39,662,130","52,882,840","66,103,549","79,324,259"
84-13,"66,166,495","6,616,649","6,616,650","13,233,299","26,466,598","39,699,897","52,933,196","66,166,495","79,399,794"
84-14,"66,229,501","6,622,950","6,622,951","13,245,901","26,491,801","39,737,701","52,983,601","66,229,501","79,475,402"
84-15,"66,292,564","6,629,256","6,629,257","13,258,513","26,517,026","39,775,539","53,034,052","66,292,564","79,551,077"
84-16,"66,355,689","6,635,568","6,635,569","13,271,138","26,542,276","39,813,414","53,084,552","66,355,689","79,626,827"
84-17,"66,418,875","6,641,887","6,641,888","13,283,775","26,567,550","39,851,325","53,135,100","66,418,875","79,702,650"
84-18,"66,482,121","6,648,212","6,648,213","13,296,425","26,592,849","39,889,273","53,185,697","66,482,121","79,778,546"
84-19,"66,545,427","6,654,542","6,654,543","13,309,086","26,618,171","39,927,257","53,236,342","66,545,427","79,854,513"
84-20,"66,608,792","6,660,879","6,660,880","13,321,759","26,643,517","39,965,276","53,287,034","66,608,792","79,930,551"
84-21,"66,672,220","6,667,221","6,667,222","13,334,444","26,668,888","40,003,332","53,337,776","66,672,220","80,006,664"
84-22,"66,735,705","6,673,570","6,673,571","13,347,141","26,694,282","40,041,423","53,388,564","66,735,705","80,082,846"
84-23,"66,799,255","6,679,925","6,679,926","13,359,851","26,719,702","40,079,553","53,439,404","66,799,255","80,159,106"
84-24,"66,862,863","6,686,286","6,686,287","13,372,573","26,745,146","40,117,718","53,490,291","66,862,863","80,235,436"
84-25,"66,926,530","6,692,652","6,692,653","13,385,306","26,770,612","40,155,918","53,541,224","66,926,530","80,311,836"
84-26,"66,990,258","6,699,025","6,699,026","13,398,052","26,796,104","40,194,155","53,592,207","66,990,258","80,388,310"
84-27,"67,054,048","6,705,404","6,705,405","13,410,810","26,821,620","40,232,429","53,643,239","67,054,048","80,464,858"
84-28,"67,117,899","6,711,789","6,711,790","13,423,580","26,847,160","40,270,740","53,694,320","67,117,899","80,541,479"
84-29,"67,181,811","6,718,181","6,718,182","13,436,363","26,872,725","40,309,087","53,745,449","67,181,811","80,618,174"
84-30,"67,245,783","6,724,578","6,724,579","13,449,157","26,898,314","40,347,470","53,796,627","67,245,783","80,694,940"
85-1,"67,309,814","6,730,981","6,730,982","13,461,963","26,923,926","40,385,889","53,847,852","67,309,814","80,771,777"
85-2,"67,373,908","6,737,390","6,737,391","13,474,782","26,949,564","40,424,345","53,899,127","67,373,908","80,848,690"
85-3,"67,438,063","6,743,806","6,743,807","13,487,613","26,975,226","40,462,838","53,950,451","67,438,063","80,925,676"
85-4,"67,502,279","6,750,227","6,750,228","13,500,456","27,000,912","40,501,368","54,001,824","67,502,279","81,002,735"
85-5,"67,566,556","6,756,655","6,756,656","13,513,312","27,026,623","40,539,934","54,053,245","67,566,556","81,079,868"
85-6,"67,630,895","6,763,089","6,763,090","13,526,179","27,052,358","40,578,537","54,104,716","67,630,895","81,157,074"
85-7,"67,695,295","6,769,529","6,769,530","13,539,059","27,078,118","40,617,177","54,156,236","67,695,295","81,234,354"
85-8,"67,759,753","6,775,975","6,775,976","13,551,951","27,103,902","40,655,852","54,207,803","67,759,753","81,311,704"
85-9,"67,824,278","6,782,427","6,782,428","13,564,856","27,129,712","40,694,567","54,259,423","67,824,278","81,389,134"
85-10,"67,888,863","6,788,886","6,788,887","13,577,773","27,155,546","40,733,318","54,311,091","67,888,863","81,466,636"
85-11,"67,953,508","6,795,350","6,795,351","13,590,702","27,181,404","40,772,105","54,362,807","67,953,508","81,544,210"
85-12,"68,018,215","6,801,821","6,801,822","13,603,643","27,207,286","40,810,929","54,414,572","68,018,215","81,621,858"
85-13,"68,082,983","6,808,298","6,808,299","13,616,597","27,233,194","40,849,790","54,466,387","68,082,983","81,699,580"
85-14,"68,147,812","6,814,781","6,814,782","13,629,563","27,259,125","40,888,688","54,518,250","68,147,812","81,777,375"
85-15,"68,212,705","6,821,270","6,821,271","13,642,541","27,285,082","40,927,623","54,570,164","68,212,705","81,855,246"
85-16,"68,277,658","6,827,765","6,827,766","13,655,532","27,311,064","40,966,595","54,622,127","68,277,658","81,933,190"
85-17,"68,342,673","6,834,267","6,834,268","13,668,535","27,337,070","41,005,604","54,674,139","68,342,673","82,011,208"
85-18,"68,407,750","6,840,774","6,840,775","13,681,550","27,363,100","41,044,650","54,726,200","68,407,750","82,089,300"
85-19,"68,472,890","6,847,288","6,847,289","13,694,578","27,389,156","41,083,734","54,778,312","68,472,890","82,167,468"
85-20,"68,538,090","6,853,808","6,853,809","13,707,618","27,415,236","41,122,854","54,830,472","68,538,090","82,245,708"
85-21,"68,603,353","6,860,335","6,860,336","13,720,671","27,441,342","41,162,012","54,882,683","68,603,353","82,324,024"
85-22,"68,668,680","6,866,867","6,866,868","13,733,736","27,467,472","41,201,208","54,934,944","68,668,680","82,402,416"
85-23,"68,734,068","6,873,406","6,873,407","13,746,814","27,493,628","41,240,441","54,987,255","68,734,068","82,480,882"
85-24,"68,799,515","6,879,951","6,879,952","13,759,903","27,519,806","41,279,709","55,039,612","68,799,515","82,559,418"
85-25,"68,865,027","6,886,502","6,886,503","13,773,006","27,546,011","41,319,017","55,092,022","68,865,027","82,638,033"
85-26,"68,930,602","6,893,060","6,893,061","13,786,121","27,572,241","41,358,362","55,144,482","68,930,602","82,716,723"
85-27,"68,996,238","6,899,623","6,899,624","13,799,248","27,598,496","41,397,743","55,196,991","68,996,238","82,795,486"
85-28,"69,061,936","6,906,193","6,906,194","13,812,388","27,624,775","41,437,162","55,249,549","69,061,936","82,874,324"
85-29,"69,127,697","6,912,769","6,912,770","13,825,540","27,651,079","41,476,619","55,302,158","69,127,697","82,953,237"
85-30,"69,193,521","6,919,352","6,919,353","13,838,705","27,677,409","41,516,113","55,354,817","69,193,521","83,032,226"
86-1,"69,259,407","6,925,940","6,925,941","13,851,882","27,703,763","41,555,645","55,407,526","69,259,407","83,111,289"
86-2,"69,325,355","6,932,535","6,932,536","13,865,071","27,730,142","41,595,213","55,460,284","69,325,355","83,190,426"
86-3,"69,391,366","6,939,136","6,939,137","13,878,274","27,756,547","41,634,820","55,513,093","69,391,366","83,269,640"
86-4,"69,457,443","6,945,744","6,945,745","13,891,489","27,782,978","41,674,466","55,565,955","69,457,443","83,348,932"
86-5,"69,523,579","6,952,357","6,952,358","13,904,716","27,809,432","41,714,148","55,618,864","69,523,579","83,428,295"
86-6,"69,589,780","6,958,977","6,958,978","13,917,956","27,835,912","41,753,868","55,671,824","69,589,780","83,507,736"
86-7,"69,656,045","6,965,604","6,965,605","13,931,209","27,862,418","41,793,627","55,724,836","69,656,045","83,587,254"
86-8,"69,722,370","6,972,236","6,972,237","13,944,474","27,888,948","41,833,422","55,777,896","69,722,370","83,666,844"
86-9,"69,788,761","6,978,876","6,978,877","13,957,753","27,915,505","41,873,257","55,831,009","69,788,761","83,746,514"
86-10,"69,855,213","6,985,521","6,985,522","13,971,043","27,942,086","41,913,128","55,884,171","69,855,213","83,826,256"
86-11,"69,921,729","6,992,172","6,992,173","13,984,346","27,968,692","41,953,038","55,937,384","69,921,729","83,906,075"
86-12,"69,988,311","6,998,831","6,998,832","13,997,663","27,995,325","41,992,987","55,990,649","69,988,311","83,985,974"
86-13,"70,054,953","7,005,495","7,005,496","14,010,991","28,021,982","42,032,972","56,043,963","70,054,953","84,065,944"
86-14,"70,121,659","7,012,165","7,012,166","14,024,332","28,048,664","42,072,996","56,097,328","70,121,659","84,145,991"
86-15,"70,188,429","7,018,842","7,018,843","14,037,686","28,075,372","42,113,058","56,150,744","70,188,429","84,226,115"
86-16,"70,255,263","7,025,526","7,025,527","14,051,053","28,102,106","42,153,158","56,204,211","70,255,263","84,306,316"
86-17,"70,322,161","7,032,216","7,032,217","14,064,433","28,128,865","42,193,297","56,257,729","70,322,161","84,386,594"
86-18,"70,389,120","7,038,911","7,038,912","14,077,824","28,155,648","42,233,472","56,311,296","70,389,120","84,466,944"
86-19,"70,456,146","7,045,614","7,045,615","14,091,230","28,182,459","42,273,688","56,364,917","70,456,146","84,547,376"
86-20,"70,523,236","7,052,323","7,052,324","14,104,648","28,209,295","42,313,942","56,418,589","70,523,236","84,627,884"
86-21,"70,590,387","7,059,038","7,059,039","14,118,078","28,236,155","42,354,233","56,472,310","70,590,387","84,708,465"
86-22,"70,657,603","7,065,760","7,065,761","14,131,521","28,263,042","42,394,562","56,526,083","70,657,603","84,789,124"
86-23,"70,724,884","7,072,488","7,072,489","14,144,977","28,289,954","42,434,931","56,579,908","70,724,884","84,869,861"
86-24,"70,792,228","7,079,222","7,079,223","14,158,446","28,316,892","42,475,337","56,633,783","70,792,228","84,950,674"
86-25,"70,859,637","7,085,963","7,085,964","14,171,928","28,343,855","42,515,783","56,687,710","70,859,637","85,031,565"
86-26,"70,927,112","7,092,711","7,092,712","14,185,423","28,370,845","42,556,268","56,741,690","70,927,112","85,112,535"
86-27,"70,994,650","7,099,464","7,099,465","14,198,930","28,397,860","42,596,790","56,795,720","70,994,650","85,193,580"
86-28,"71,062,255","7,106,225","7,106,226","14,212,451","28,424,902","42,637,353","56,849,804","71,062,255","85,274,706"
86-29,"71,129,920","7,112,991","7,112,992","14,225,984","28,451,968","42,677,952","56,903,936","71,129,920","85,355,904"
86-30,"71,197,650","7,119,764","7,119,765","14,239,530","28,479,060","42,718,590","56,958,120","71,197,650","85,437,180"
87-1,"71,265,448","7,126,544","7,126,545","14,253,090","28,506,180","42,759,269","57,012,359","71,265,448","85,518,538"
87-2,"71,333,309","7,133,330","7,133,331","14,266,662","28,533,324","42,799,986","57,066,648","71,333,309","85,599,971"
87-3,"71,401,233","7,140,123","7,140,124","14,280,247","28,560,494","42,840,740","57,120,987","71,401,233","85,681,480"
87-4,"71,469,223","7,146,922","7,146,923","14,293,845","28,587,690","42,881,534","57,175,379","71,469,223","85,763,068"
87-5,"71,537,278","7,153,727","7,153,728","14,307,456","28,614,912","42,922,367","57,229,823","71,537,278","85,844,734"
87-6,"71,605,396","7,160,539","7,160,540","14,321,080","28,642,159","42,963,238","57,284,317","71,605,396","85,926,476"
87-7,"71,673,580","7,167,357","7,167,358","14,334,716","28,669,432","43,004,148","57,338,864","71,673,580","86,008,296"
87-8,"71,741,830","7,174,182","7,174,183","14,348,366","28,696,732","43,045,098","57,393,464","71,741,830","86,090,196"
87-9,"71,810,144","7,181,014","7,181,015","14,362,029","28,724,058","43,086,087","57,448,116","71,810,144","86,172,173"
87-10,"71,878,524","7,187,852","7,187,853","14,375,705","28,751,410","43,127,115","57,502,820","71,878,524","86,254,229"
87-11,"71,946,966","7,194,696","7,194,697","14,389,394","28,778,787","43,168,180","57,557,573","71,946,966","86,336,360"
87-12,"72,015,478","7,201,547","7,201,548","14,403,096","28,806,192","43,209,287","57,612,383","72,015,478","86,418,574"
87-13,"72,084,051","7,208,405","7,208,406","14,416,811","28,833,621","43,250,431","57,667,241","72,084,051","86,500,862"
87-14,"72,152,691","7,215,269","7,215,270","14,430,539","28,861,077","43,291,615","57,722,153","72,152,691","86,583,230"
87-15,"72,221,396","7,222,139","7,222,140","14,444,280","28,888,559","43,332,838","57,777,117","72,221,396","86,665,676"
87-16,"72,290,169","7,229,016","7,229,017","14,458,034","28,916,068","43,374,102","57,832,136","72,290,169","86,748,203"
87-17,"72,359,004","7,235,900","7,235,901","14,471,801","28,943,602","43,415,403","57,887,204","72,359,004","86,830,805"
87-18,"72,427,906","7,242,790","7,242,791","14,485,582","28,971,163","43,456,744","57,942,325","72,427,906","86,913,488"
87-19,"72,496,873","7,249,687","7,249,688","14,499,375","28,998,750","43,498,124","57,997,499","72,496,873","86,996,248"
87-20,"72,565,905","7,256,590","7,256,591","14,513,181","29,026,362","43,539,543","58,052,724","72,565,905","87,079,086"
87-21,"72,635,006","7,263,500","7,263,501","14,527,002","29,054,003","43,581,004","58,108,005","72,635,006","87,162,008"
87-22,"72,704,169","7,270,416","7,270,417","14,540,834","29,081,668","43,622,502","58,163,336","72,704,169","87,245,003"
87-23,"72,773,399","7,277,339","7,277,340","14,554,680","29,109,360","43,664,040","58,218,720","72,773,399","87,328,079"
87-24,"72,842,696","7,284,269","7,284,270","14,568,540","29,137,079","43,705,618","58,274,157","72,842,696","87,411,236"
87-25,"72,912,057","7,291,205","7,291,206","14,582,412","29,164,823","43,747,235","58,329,646","72,912,057","87,494,469"
87-26,"72,954,080","7,295,407","7,295,408","14,590,816","29,181,632","43,772,448","58,363,264","72,954,080","87,544,896"
87-27,"72,996,123","7,299,612","7,299,613","14,599,225","29,198,450","43,797,674","58,396,899","72,996,123","87,595,348"
87-28,"73,038,194","7,303,819","7,303,820","14,607,639","29,215,278","43,822,917","58,430,556","73,038,194","87,645,833"
87-29,"73,080,289","7,308,028","7,308,029","14,616,058","29,232,116","43,848,174","58,464,232","73,080,289","87,696,347"
87-30,"73,122,405","7,312,240","7,312,241","14,624,481","29,248,962","43,873,443","58,497,924","73,122,405","87,746,886"
88-1,"73,164,549","7,316,454","7,316,455","14,632,910","29,265,820","43,898,730","58,531,640","73,164,549","87,797,459"
88-2,"73,206,714","7,320,671","7,320,672","14,641,343","29,282,686","43,924,029","58,565,372","73,206,714","87,848,057"
88-3,"73,248,906","7,324,890","7,324,891","14,649,782","29,299,563","43,949,344","58,599,125","73,248,906","87,898,688"
88-4,"73,291,121","7,329,112","7,329,113","14,658,225","29,316,449","43,974,673","58,632,897","73,291,121","87,949,346"
88-5,"73,333,359","7,333,335","7,333,336","14,666,672","29,333,344","44,000,016","58,666,688","73,333,359","88,000,031"
88-6,"73,375,623","7,337,562","7,337,563","14,675,125","29,350,250","44,025,374","58,700,499","73,375,623","88,050,748"
88-7,"73,417,912","7,341,791","7,341,792","14,683,583","29,367,165","44,050,748","58,734,330","73,417,912","88,101,495"
88-8,"73,460,225","7,346,022","7,346,023","14,692,045","29,384,090","44,076,135","58,768,180","73,460,225","88,152,270"
88-9,"73,502,561","7,350,256","7,350,257","14,700,513","29,401,025","44,101,537","58,802,049","73,502,561","88,203,074"
88-10,"73,544,922","7,354,492","7,354,493","14,708,985","29,417,969","44,126,954","58,835,938","73,544,922","88,253,907"
88-11,"73,587,308","7,358,730","7,358,731","14,717,462","29,434,924","44,152,385","58,869,847","73,587,308","88,304,770"
88-12,"73,629,719","7,362,971","7,362,972","14,725,944","29,451,888","44,177,832","58,903,776","73,629,719","88,355,663"
88-13,"73,672,153","7,367,215","7,367,216","14,734,431","29,468,862","44,203,292","58,937,723","73,672,153","88,406,584"
88-14,"73,714,612","7,371,461","7,371,462","14,742,923","29,485,845","44,228,768","58,971,690","73,714,612","88,457,535"
88-15,"73,757,096","7,375,709","7,375,710","14,751,420","29,502,839","44,254,258","59,005,677","73,757,096","88,508,516"
88-16,"73,799,604","7,379,960","7,379,961","14,759,921","29,519,842","44,279,763","59,039,684","73,799,604","88,559,525"
88-17,"73,842,136","7,384,213","7,384,214","14,768,428","29,536,855","44,305,282","59,073,709","73,842,136","88,610,564"
88-18,"73,884,693","7,388,469","7,388,470","14,776,939","29,553,878","44,330,816","59,107,755","73,884,693","88,661,632"
88-19,"73,927,274","7,392,727","7,392,728","14,785,455","29,570,910","44,356,365","59,141,820","73,927,274","88,712,729"
88-20,"73,969,882","7,396,988","7,396,989","14,793,977","29,587,953","44,381,930","59,175,906","73,969,882","88,763,859"
88-21,"74,012,513","7,401,251","7,401,252","14,802,503","29,605,006","44,407,508","59,210,011","74,012,513","88,815,016"
88-22,"74,055,168","7,405,516","7,405,517","14,811,034","29,622,068","44,433,101","59,244,135","74,055,168","88,866,202"
88-23,"74,097,847","7,409,784","7,409,785","14,819,570","29,639,139","44,458,709","59,278,278","74,097,847","88,917,417"
88-24,"74,140,551","7,414,055","7,414,056","14,828,111","29,656,221","44,484,331","59,312,441","74,140,551","88,968,662"
88-25,"74,183,282","7,418,328","7,418,329","14,836,657","29,673,313","44,509,970","59,346,626","74,183,282","89,019,939"
88-26,"74,226,035","7,422,603","7,422,604","14,845,207","29,690,414","44,535,621","59,380,828","74,226,035","89,071,242"
88-27,"74,268,810","7,426,880","7,426,881","14,853,762","29,707,524","44,561,286","59,415,048","74,268,810","89,122,572"
88-28,"74,311,614","7,431,161","7,431,162","14,862,323","29,724,646","44,586,969","59,449,292","74,311,614","89,173,937"
88-29,"74,354,440","7,435,443","7,435,444","14,870,888","29,741,776","44,612,664","59,483,552","74,354,440","89,225,328"
88-30,"74,397,291","7,439,729","7,439,730","14,879,459","29,758,917","44,638,375","59,517,833","74,397,291","89,276,750"
89-1,"74,440,167","7,444,016","7,444,017","14,888,034","29,776,067","44,664,101","59,552,134","74,440,167","89,328,201"
89-2,"74,483,066","7,448,306","7,448,307","14,896,614","29,793,227","44,689,840","59,586,453","74,483,066","89,379,680"
89-3,"74,525,993","7,452,599","7,452,600","14,905,199","29,810,398","44,715,596","59,620,795","74,525,993","89,431,192"
89-4,"74,568,943","7,456,894","7,456,895","14,913,789","29,827,578","44,741,366","59,655,155","74,568,943","89,482,732"
89-5,"74,611,917","7,461,191","7,461,192","14,922,384","29,844,767","44,767,151","59,689,534","74,611,917","89,534,301"
89-6,"74,654,915","7,465,491","7,465,492","14,930,983","29,861,966","44,792,949","59,723,932","74,654,915","89,585,898"
89-7,"74,697,940","7,469,793","7,469,794","14,939,588","29,879,176","44,818,764","59,758,352","74,697,940","89,637,528"
89-8,"74,740,988","7,474,098","7,474,099","14,948,198","29,896,396","44,844,593","59,792,791","74,740,988","89,689,186"
89-9,"74,784,063","7,478,406","7,478,407","14,956,813","29,913,626","44,870,438","59,827,251","74,784,063","89,740,876"
89-10,"74,827,162","7,482,716","7,482,717","14,965,433","29,930,865","44,896,298","59,861,730","74,827,162","89,792,595"
89-11,"74,870,284","7,487,028","7,487,029","14,974,057","29,948,114","44,922,171","59,896,228","74,870,284","89,844,341"
89-12,"74,913,432","7,491,343","7,491,344","14,982,687","29,965,373","44,948,060","59,930,746","74,913,432","89,896,119"
89-13,"74,956,605","7,495,660","7,495,661","14,991,321","29,982,642","44,973,963","59,965,284","74,956,605","89,947,926"
89-14,"74,999,803","7,499,980","7,499,981","14,999,961","29,999,922","44,999,882","59,999,843","74,999,803","89,999,764"
89-15,"75,043,027","7,504,302","7,504,303","15,008,606","30,017,211","45,025,817","60,034,422","75,043,027","90,051,633"
89-16,"75,086,274","7,508,627","7,508,628","15,017,255","30,034,510","45,051,765","60,069,020","75,086,274","90,103,529"
89-17,"75,129,545","7,512,954","7,512,955","15,025,909","30,051,818","45,077,727","60,103,636","75,129,545","90,155,454"
89-18,"75,172,845","7,517,284","7,517,285","15,034,569","30,069,138","45,103,707","60,138,276","75,172,845","90,207,414"
89-19,"75,216,169","7,521,616","7,521,617","15,043,234","30,086,468","45,129,702","60,172,936","75,216,169","90,259,403"
89-20,"75,259,516","7,525,951","7,525,952","15,051,904","30,103,807","45,155,710","60,207,613","75,259,516","90,311,420"
89-21,"75,302,889","7,530,288","7,530,289","15,060,578","30,121,156","45,181,734","60,242,312","75,302,889","90,363,467"
89-22,"75,346,286","7,534,628","7,534,629","15,069,258","30,138,515","45,207,772","60,277,029","75,346,286","90,415,544"
89-23,"75,389,708","7,538,970","7,538,971","15,077,942","30,155,884","45,233,825","60,311,767","75,389,708","90,467,650"
89-24,"75,433,157","7,543,315","7,543,316","15,086,632","30,173,263","45,259,895","60,346,526","75,433,157","90,519,789"
89-25,"75,476,627","7,547,662","7,547,663","15,095,326","30,190,651","45,285,977","60,381,302","75,476,627","90,571,953"
89-26,"75,520,127","7,552,012","7,552,013","15,104,026","30,208,051","45,312,077","60,416,102","75,520,127","90,624,153"
89-27,"75,563,651","7,556,365","7,556,366","15,112,731","30,225,461","45,338,191","60,450,921","75,563,651","90,676,382"
89-28,"75,607,199","7,560,719","7,560,720","15,121,440","30,242,880","45,364,320","60,485,760","75,607,199","90,728,639"
89-29,"75,650,773","7,565,077","7,565,078","15,130,155","30,260,310","45,390,464","60,520,619","75,650,773","90,780,928"
89-30,"75,694,372","7,569,437","7,569,438","15,138,875","30,277,749","45,416,624","60,555,498","75,694,372","90,833,247"
90-1,"75,737,995","7,573,799","7,573,800","15,147,599","30,295,198","45,442,797","60,590,396","75,737,995","90,885,594"
90-2,"75,781,646","7,578,164","7,578,165","15,156,330","30,312,659","45,468,988","60,625,317","75,781,646","90,937,976"
90-3,"75,825,321","7,582,532","7,582,533","15,165,065","30,330,129","45,495,193","60,660,257","75,825,321","90,990,386"
90-4,"75,869,021","7,586,902","7,586,903","15,173,805","30,347,609","45,521,413","60,695,217","75,869,021","91,042,826"
90-5,"75,912,746","7,591,274","7,591,275","15,182,550","30,365,099","45,547,648","60,730,197","75,912,746","91,095,296"
90-6,"75,956,496","7,595,649","7,595,650","15,191,300","30,382,599","45,573,898","60,765,197","75,956,496","91,147,796"
90-7,"76,000,272","7,600,027","7,600,028","15,200,055","30,400,109","45,600,164","60,800,218","76,000,272","91,200,327"
90-8,"76,044,074","7,604,407","7,604,408","15,208,815","30,417,630","45,626,445","60,835,260","76,044,074","91,252,889"
90-9,"76,087,899","7,608,789","7,608,790","15,217,580","30,435,160","45,652,740","60,870,320","76,087,899","91,305,479"
90-10,"76,131,749","7,613,174","7,613,175","15,226,350","30,452,700","45,679,050","60,905,400","76,131,749","91,358,099"
90-11,"76,175,626","7,617,562","7,617,563","15,235,126","30,470,251","45,705,376","60,940,501","76,175,626","91,410,752"
90-12,"76,219,528","7,621,952","7,621,953","15,243,906","30,487,812","45,731,717","60,975,623","76,219,528","91,463,434"
90-13,"76,263,455","7,626,345","7,626,346","15,252,691","30,505,382","45,758,073","61,010,764","76,263,455","91,516,146"
90-14,"76,307,408","7,630,740","7,630,741","15,261,482","30,522,964","45,784,445","61,045,927","76,307,408","91,568,890"
90-15,"76,351,384","7,635,138","7,635,139","15,270,277","30,540,554","45,810,831","61,081,108","76,351,384","91,621,661"
90-16,"76,395,389","7,639,538","7,639,539","15,279,078","30,558,156","45,837,234","61,116,312","76,395,389","91,674,467"
90-17,"76,439,418","7,643,941","7,643,942","15,287,884","30,575,768","45,863,651","61,151,535","76,439,418","91,727,302"
90-18,"76,483,469","7,648,346","7,648,347","15,296,694","30,593,388","45,890,082","61,186,776","76,483,469","91,780,163"
90-19,"76,527,550","7,652,754","7,652,755","15,305,510","30,611,020","45,916,530","61,222,040","76,527,550","91,833,060"
90-20,"76,571,655","7,657,165","7,657,166","15,314,331","30,628,662","45,942,993","61,257,324","76,571,655","91,885,986"
90-21,"76,615,785","7,661,578","7,661,579","15,323,157","30,646,314","45,969,471","61,292,628","76,615,785","91,938,942"
90-22,"76,659,939","7,665,993","7,665,994","15,331,988","30,663,976","45,995,964","61,327,952","76,659,939","91,991,927"
90-23,"76,704,121","7,670,412","7,670,413","15,340,825","30,681,649","46,022,473","61,363,297","76,704,121","92,044,946"
90-24,"76,748,329","7,674,832","7,674,833","15,349,666","30,699,332","46,048,998","61,398,664","76,748,329","92,097,995"
90-25,"76,792,560","7,679,255","7,679,256","15,358,512","30,717,024","46,075,536","61,434,048","76,792,560","92,151,072"
90-26,"76,836,817","7,683,681","7,683,682","15,367,364","30,734,727","46,102,091","61,469,454","76,836,817","92,204,181"
90-27,"76,881,099","7,688,109","7,688,110","15,376,220","30,752,440","46,128,660","61,504,880","76,881,099","92,257,319"
90-28,"76,925,407","7,692,540","7,692,541","15,385,082","30,770,163","46,155,245","61,540,326","76,925,407","92,310,489"
90-29,"76,969,723","7,696,972","7,696,973","15,393,945","30,787,890","46,181,834","61,575,779","76,969,723","92,363,668"
90-30,"77,014,062","7,701,406","7,701,407","15,402,813","30,805,625","46,208,438","61,611,250","77,014,062","92,416,875"
91-1,"77,058,426","7,705,842","7,705,843","15,411,686","30,823,371","46,235,056","61,646,741","77,058,426","92,470,112"
91-2,"77,102,817","7,710,281","7,710,282","15,420,564","30,841,127","46,261,691","61,682,254","77,102,817","92,523,381"
91-3,"77,147,233","7,714,723","7,714,724","15,429,447","30,858,894","46,288,340","61,717,787","77,147,233","92,576,680"
91-4,"77,191,675","7,719,167","7,719,168","15,438,335","30,876,670","46,315,005","61,753,340","77,191,675","92,630,010"
91-5,"77,236,141","7,723,614","7,723,615","15,447,229","30,894,457","46,341,685","61,788,913","77,236,141","92,683,370"
91-6,"77,280,634","7,728,063","7,728,064","15,456,127","30,912,254","46,368,381","61,824,508","77,280,634","92,736,761"
91-7,"77,325,152","7,732,515","7,732,516","15,465,031","30,930,061","46,395,092","61,860,122","77,325,152","92,790,183"
91-8,"77,369,695","7,736,969","7,736,970","15,473,939","30,947,878","46,421,817","61,895,756","77,369,695","92,843,634"
91-9,"77,414,266","7,741,426","7,741,427","15,482,854","30,965,707","46,448,560","61,931,413","77,414,266","92,897,120"
91-10,"77,458,862","7,745,886","7,745,887","15,491,773","30,983,545","46,475,318","61,967,090","77,458,862","92,950,635"
91-11,"77,503,483","7,750,348","7,750,349","15,500,697","31,001,394","46,502,090","62,002,787","77,503,483","93,004,180"
91-12,"77,548,129","7,754,812","7,754,813","15,509,626","31,019,252","46,528,878","62,038,504","77,548,129","93,057,755"
91-13,"77,592,801","7,759,280","7,759,281","15,518,561","31,037,121","46,555,681","62,074,241","77,592,801","93,111,362"
91-14,"77,637,500","7,763,749","7,763,750","15,527,500","31,055,000","46,582,500","62,110,000","77,637,500","93,165,000"
91-15,"77,682,225","7,768,222","7,768,223","15,536,445","31,072,890","46,609,335","62,145,780","77,682,225","93,218,670"
91-16,"77,726,973","7,772,697","7,772,698","15,545,395","31,090,790","46,636,184","62,181,579","77,726,973","93,272,368"
91-17,"77,771,750","7,777,174","7,777,175","15,554,350","31,108,700","46,663,050","62,217,400","77,771,750","93,326,100"
91-18,"77,816,549","7,781,654","7,781,655","15,563,310","31,126,620","46,689,930","62,253,240","77,816,549","93,379,859"
91-19,"77,861,377","7,786,137","7,786,138","15,572,276","31,144,551","46,716,827","62,289,102","77,861,377","93,433,653"
91-20,"77,906,230","7,790,622","7,790,623","15,581,246","31,162,492","46,743,738","62,324,984","77,906,230","93,487,476"
91-21,"77,951,109","7,795,110","7,795,111","15,590,222","31,180,444","46,770,666","62,360,888","77,951,109","93,541,331"
91-22,"77,996,013","7,799,601","7,799,602","15,599,203","31,198,406","46,797,608","62,396,811","77,996,013","93,595,216"
91-23,"78,040,944","7,804,094","7,804,095","15,608,189","31,216,378","46,824,567","62,432,756","78,040,944","93,649,133"
91-24,"78,085,899","7,808,589","7,808,590","15,617,180","31,234,360","46,851,540","62,468,720","78,085,899","93,703,079"
91-25,"78,130,881","7,813,088","7,813,089","15,626,177","31,252,353","46,878,529","62,504,705","78,130,881","93,757,058"
91-26,"78,175,890","7,817,588","7,817,589","15,635,178","31,270,356","46,905,534","62,540,712","78,175,890","93,811,068"
91-27,"78,220,925","7,822,092","7,822,093","15,644,185","31,288,370","46,932,555","62,576,740","78,220,925","93,865,110"
91-28,"78,265,983","7,826,598","7,826,599","15,653,197","31,306,394","46,959,590","62,612,787","78,265,983","93,919,180"
91-29,"78,311,072","7,831,107","7,831,108","15,662,215","31,324,429","46,986,644","62,648,858","78,311,072","93,973,287"
91-30,"78,356,192","7,835,619","7,835,620","15,671,239","31,342,477","47,013,716","62,684,954","78,356,192","94,027,431"
92-1,"78,401,339","7,840,133","7,840,134","15,680,268","31,360,536","47,040,804","62,721,072","78,401,339","94,081,607"
92-2,"78,446,514","7,844,651","7,844,652","15,689,303","31,378,606","47,067,909","62,757,212","78,446,514","94,135,817"
92-3,"78,491,714","7,849,171","7,849,172","15,698,343","31,396,686","47,095,029","62,793,372","78,491,714","94,190,057"
92-4,"78,536,936","7,853,693","7,853,694","15,707,388","31,414,775","47,122,162","62,829,549","78,536,936","94,244,324"
92-5,"78,582,188","7,858,218","7,858,219","15,716,438","31,432,876","47,149,313","62,865,751","78,582,188","94,298,626"
92-6,"78,627,468","7,862,746","7,862,747","15,725,494","31,450,988","47,176,481","62,901,975","78,627,468","94,352,962"
92-7,"78,672,771","7,867,277","7,867,278","15,734,555","31,469,109","47,203,663","62,938,217","78,672,771","94,407,326"
92-8,"78,718,103","7,871,810","7,871,811","15,743,621","31,487,242","47,230,862","62,974,483","78,718,103","94,461,724"
92-9,"78,763,459","7,876,345","7,876,346","15,752,692","31,505,384","47,258,076","63,010,768","78,763,459","94,516,151"
92-10,"78,808,841","7,880,884","7,880,885","15,761,769","31,523,537","47,285,305","63,047,073","78,808,841","94,570,610"
92-11,"78,854,248","7,885,424","7,885,425","15,770,850","31,541,700","47,312,549","63,083,399","78,854,248","94,625,098"
92-12,"78,899,685","7,889,968","7,889,969","15,779,937","31,559,874","47,339,811","63,119,748","78,899,685","94,679,622"
92-13,"78,945,144","7,894,514","7,894,515","15,789,029","31,578,058","47,367,087","63,156,116","78,945,144","94,734,173"
92-14,"78,990,633","7,899,063","7,899,064","15,798,127","31,596,254","47,394,380","63,192,507","78,990,633","94,788,760"
92-15,"79,036,144","7,903,614","7,903,615","15,807,229","31,614,458","47,421,687","63,228,916","79,036,144","94,843,373"
92-16,"79,081,685","7,908,168","7,908,169","15,816,337","31,632,674","47,449,011","63,265,348","79,081,685","94,898,022"
92-17,"79,127,250","7,912,724","7,912,725","15,825,450","31,650,900","47,476,350","63,301,800","79,127,250","94,952,700"
92-18,"79,172,841","7,917,284","7,917,285","15,834,569","31,669,137","47,503,705","63,338,273","79,172,841","95,007,410"
92-19,"79,218,459","7,921,845","7,921,846","15,843,692","31,687,384","47,531,076","63,374,768","79,218,459","95,062,151"
92-20,"79,264,104","7,926,410","7,926,411","15,852,821","31,705,642","47,558,463","63,411,284","79,264,104","95,116,925"
92-21,"79,309,775","7,930,977","7,930,978","15,861,955","31,723,910","47,585,865","63,447,820","79,309,775","95,171,730"
92-22,"79,355,471","7,935,547","7,935,548","15,871,095","31,742,189","47,613,283","63,484,377","79,355,471","95,226,566"
92-23,"79,401,195","7,940,119","7,940,120","15,880,239","31,760,478","47,640,717","63,520,956","79,401,195","95,281,434"
92-24,"79,446,944","7,944,694","7,944,695","15,889,389","31,778,778","47,668,167","63,557,556","79,446,944","95,336,333"
92-25,"79,492,720","7,949,271","7,949,272","15,898,544","31,797,088","47,695,632","63,594,176","79,492,720","95,391,264"
92-26,"79,538,523","7,953,852","7,953,853","15,907,705","31,815,410","47,723,114","63,630,819","79,538,523","95,446,228"
92-27,"79,584,352","7,958,435","7,958,436","15,916,871","31,833,741","47,750,612","63,667,482","79,584,352","95,501,223"
92-28,"79,630,207","7,963,020","7,963,021","15,926,042","31,852,083","47,778,125","63,704,166","79,630,207","95,556,249"
92-29,"79,676,089","7,967,608","7,967,609","15,935,218","31,870,436","47,805,654","63,740,872","79,676,089","95,611,307"
92-30,"79,721,998","7,972,199","7,972,200","15,944,400","31,888,800","47,833,199","63,777,599","79,721,998","95,666,398"
93-1,"79,767,939","7,976,793","7,976,794","15,953,588","31,907,176","47,860,764","63,814,352","79,767,939","95,721,527"
93-2,"79,813,912","7,981,391","7,981,392","15,962,783","31,925,565","47,888,348","63,851,130","79,813,912","95,776,695"
93-3,"79,859,910","7,985,990","7,985,991","15,971,982","31,943,964","47,915,946","63,887,928","79,859,910","95,831,892"
93-4,"79,905,934","7,990,593","7,990,594","15,981,187","31,962,374","47,943,561","63,924,748","79,905,934","95,887,121"
93-5,"79,951,985","7,995,198","7,995,199","15,990,397","31,980,794","47,971,191","63,961,588","79,951,985","95,942,382"
93-6,"79,998,061","7,999,806","7,999,807","15,999,613","31,999,225","47,998,837","63,998,449","79,998,061","95,997,674"
93-7,"80,044,164","8,004,416","8,004,417","16,008,833","32,017,666","48,026,499","64,035,332","80,044,164","96,052,997"
93-8,"80,090,293","8,009,029","8,009,030","16,018,059","32,036,118","48,054,176","64,072,235","80,090,293","96,108,352"
93-9,"80,136,453","8,013,645","8,013,646","16,027,291","32,054,582","48,081,872","64,109,163","80,136,453","96,163,744"
93-10,"80,182,635","8,018,263","8,018,264","16,036,527","32,073,054","48,109,581","64,146,108","80,182,635","96,219,162"
93-11,"80,228,842","8,022,884","8,022,885","16,045,769","32,091,537","48,137,306","64,183,074","80,228,842","96,274,611"
93-12,"80,275,082","8,027,508","8,027,509","16,055,017","32,110,033","48,165,050","64,220,066","80,275,082","96,330,099"
93-13,"80,321,344","8,032,134","8,032,135","16,064,269","32,128,538","48,192,807","64,257,076","80,321,344","96,385,613"
93-14,"80,367,634","8,036,763","8,036,764","16,073,527","32,147,054","48,220,581","64,294,108","80,367,634","96,441,161"
93-15,"80,413,949","8,041,394","8,041,395","16,082,790","32,165,580","48,248,370","64,331,160","80,413,949","96,496,739"
93-16,"80,460,294","8,046,029","8,046,030","16,092,059","32,184,118","48,276,177","64,368,236","80,460,294","96,552,353"
93-17,"80,506,663","8,050,666","8,050,667","16,101,333","32,202,666","48,303,998","64,405,331","80,506,663","96,607,996"
93-18,"80,553,059","8,055,305","8,055,306","16,110,612","32,221,224","48,331,836","64,442,448","80,553,059","96,663,671"
93-19,"80,599,484","8,059,948","8,059,949","16,119,897","32,239,794","48,359,691","64,479,588","80,599,484","96,719,381"
93-20,"80,645,932","8,064,593","8,064,594","16,129,187","32,258,373","48,387,560","64,516,746","80,645,932","96,775,119"
93-21,"80,692,409","8,069,240","8,069,241","16,138,482","32,276,964","48,415,446","64,553,928","80,692,409","96,830,891"
93-22,"80,738,914","8,073,891","8,073,892","16,147,783","32,295,566","48,443,349","64,591,132","80,738,914","96,886,697"
93-23,"80,785,444","8,078,544","8,078,545","16,157,089","32,314,178","48,471,267","64,628,356","80,785,444","96,942,533"
93-24,"80,832,001","8,083,200","8,083,201","16,166,401","32,332,801","48,499,201","64,665,601","80,832,001","96,998,402"
93-25,"80,878,582","8,087,858","8,087,859","16,175,717","32,351,433","48,527,150","64,702,866","80,878,582","97,054,299"
93-26,"80,925,195","8,092,519","8,092,520","16,185,039","32,370,078","48,555,117","64,740,156","80,925,195","97,110,234"
93-27,"80,971,834","8,097,183","8,097,184","16,194,367","32,388,734","48,583,101","64,777,468","80,971,834","97,166,201"
93-28,"81,018,498","8,101,849","8,101,850","16,203,700","32,407,400","48,611,099","64,814,799","81,018,498","97,222,198"
93-29,"81,065,188","8,106,518","8,106,519","16,213,038","32,426,076","48,639,113","64,852,151","81,065,188","97,278,226"
93-30,"81,111,908","8,111,190","8,111,191","16,222,382","32,444,764","48,667,145","64,889,527","81,111,908","97,334,290"
94-1,"81,158,653","8,115,865","8,115,866","16,231,731","32,463,462","48,695,192","64,926,923","81,158,653","97,390,384"
94-2,"81,205,393","8,120,539","8,120,540","16,241,079","32,482,158","48,723,236","64,964,315","81,205,393","97,446,472"
94-3,"81,252,160","8,125,215","8,125,216","16,250,432","32,500,864","48,751,296","65,001,728","81,252,160","97,502,592"
94-4,"81,298,953","8,129,895","8,129,896","16,259,791","32,519,582","48,779,372","65,039,163","81,298,953","97,558,744"
94-5,"81,345,773","8,134,577","8,134,578","16,269,155","32,538,310","48,807,464","65,076,619","81,345,773","97,614,928"
94-6,"81,392,619","8,139,261","8,139,262","16,278,524","32,557,048","48,835,572","65,114,096","81,392,619","97,671,143"
94-7,"81,439,495","8,143,949","8,143,950","16,287,899","32,575,798","48,863,697","65,151,596","81,439,495","97,727,394"
94-8,"81,486,394","8,148,639","8,148,640","16,297,279","32,594,558","48,891,837","65,189,116","81,486,394","97,783,673"
94-9,"81,533,322","8,153,332","8,153,333","16,306,665","32,613,329","48,919,994","65,226,658","81,533,322","97,839,987"
94-10,"81,580,278","8,158,027","8,158,028","16,316,056","32,632,112","48,948,167","65,264,223","81,580,278","97,896,334"
94-11,"81,627,260","8,162,725","8,162,726","16,325,452","32,650,904","48,976,356","65,301,808","81,627,260","97,952,712"
94-12,"81,674,270","8,167,426","8,167,427","16,334,854","32,669,708","49,004,562","65,339,416","81,674,270","98,009,124"
94-13,"81,721,304","8,172,130","8,172,131","16,344,261","32,688,522","49,032,783","65,377,044","81,721,304","98,065,565"
94-14,"81,768,369","8,176,836","8,176,837","16,353,674","32,707,348","49,061,022","65,414,696","81,768,369","98,122,043"
94-15,"81,815,457","8,181,545","8,181,546","16,363,092","32,726,183","49,089,275","65,452,366","81,815,457","98,178,549"
94-16,"81,862,577","8,186,257","8,186,258","16,372,516","32,745,031","49,117,547","65,490,062","81,862,577","98,235,093"
94-17,"81,909,720","8,190,971","8,190,972","16,381,944","32,763,888","49,145,832","65,527,776","81,909,720","98,291,664"
94-18,"81,956,893","8,195,689","8,195,690","16,391,379","32,782,758","49,174,136","65,565,515","81,956,893","98,348,272"
94-19,"82,004,094","8,200,409","8,200,410","16,400,819","32,801,638","49,202,457","65,603,276","82,004,094","98,404,913"
94-20,"82,051,319","8,205,131","8,205,132","16,410,264","32,820,528","49,230,792","65,641,056","82,051,319","98,461,583"
94-21,"82,098,571","8,209,857","8,209,858","16,419,715","32,839,429","49,259,143","65,678,857","82,098,571","98,518,286"
94-22,"82,145,852","8,214,585","8,214,586","16,429,171","32,858,341","49,287,512","65,716,682","82,145,852","98,575,023"
94-23,"82,193,160","8,219,315","8,219,316","16,438,632","32,877,264","49,315,896","65,754,528","82,193,160","98,631,792"
94-24,"82,240,495","8,224,049","8,224,050","16,448,099","32,896,198","49,344,297","65,792,396","82,240,495","98,688,594"
94-25,"82,287,859","8,228,785","8,228,786","16,457,572","32,915,144","49,372,716","65,830,288","82,287,859","98,745,431"
94-26,"82,335,248","8,233,524","8,233,525","16,467,050","32,934,100","49,401,149","65,868,199","82,335,248","98,802,298"
94-27,"82,382,664","8,238,266","8,238,267","16,476,533","32,953,066","49,429,599","65,906,132","82,382,664","98,859,197"
94-28,"82,430,106","8,243,010","8,243,011","16,486,022","32,972,043","49,458,064","65,944,085","82,430,106","98,916,128"
94-29,"82,477,580","8,247,757","8,247,758","16,495,516","32,991,032","49,486,548","65,982,064","82,477,580","98,973,096"
94-30,"82,525,079","8,252,507","8,252,508","16,505,016","33,010,032","49,515,048","66,020,064","82,525,079","99,030,095"
95-1,"82,572,604","8,257,260","8,257,261","16,514,521","33,029,042","49,543,563","66,058,084","82,572,604","99,087,125"
95-2,"82,620,158","8,262,015","8,262,016","16,524,032","33,048,064","49,572,095","66,096,127","82,620,158","99,144,190"
95-3,"82,667,775","8,266,777","8,266,778","16,533,555","33,067,110","49,600,665","66,134,220","82,667,775","99,201,330"
95-4,"82,715,417","8,271,541","8,271,542","16,543,084","33,086,167","49,629,251","66,172,334","82,715,417","99,258,501"
95-5,"82,763,085","8,276,308","8,276,309","16,552,617","33,105,234","49,657,851","66,210,468","82,763,085","99,315,702"
95-6,"82,810,783","8,281,078","8,281,079","16,562,157","33,124,314","49,686,470","66,248,627","82,810,783","99,372,940"
95-7,"82,858,507","8,285,850","8,285,851","16,571,702","33,143,403","49,715,105","66,286,806","82,858,507","99,430,209"
95-8,"82,906,260","8,290,625","8,290,626","16,581,252","33,162,504","49,743,756","66,325,008","82,906,260","99,487,512"
95-9,"82,954,037","8,295,403","8,295,404","16,590,808","33,181,615","49,772,423","66,363,230","82,954,037","99,544,845"
95-10,"83,001,845","8,300,184","8,300,185","16,600,369","33,200,738","49,801,107","66,401,476","83,001,845","99,602,214"
95-11,"83,049,680","8,304,967","8,304,968","16,609,936","33,219,872","49,829,808","66,439,744","83,049,680","99,659,616"
95-12,"83,097,543","8,309,754","8,309,755","16,619,509","33,239,018","49,858,526","66,478,035","83,097,543","99,717,052"
95-13,"83,145,434","8,314,543","8,314,544","16,629,087","33,258,174","49,887,261","66,516,348","83,145,434","99,774,521"
95-14,"83,193,349","8,319,334","8,319,335","16,638,670","33,277,340","49,916,010","66,554,680","83,193,349","99,832,019"
95-15,"83,241,295","8,324,129","8,324,130","16,648,259","33,296,518","49,944,777","66,593,036","83,241,295","99,889,554"
95-16,"83,289,268","8,328,926","8,328,927","16,657,854","33,315,708","49,973,561","66,631,415","83,289,268","99,947,122"
95-17,"83,337,269","8,333,726","8,333,727","16,667,454","33,334,908","50,002,362","66,669,816","83,337,269","100,004,723"
95-18,"83,385,296","8,338,529","8,338,530","16,677,060","33,354,119","50,031,178","66,708,237","83,385,296","100,062,356"
95-19,"83,433,352","8,343,335","8,343,336","16,686,671","33,373,341","50,060,012","66,746,682","83,433,352","100,120,023"
95-20,"83,481,434","8,348,143","8,348,144","16,696,287","33,392,574","50,088,861","66,785,148","83,481,434","100,177,721"
95-21,"83,529,545","8,352,954","8,352,955","16,705,909","33,411,818","50,117,727","66,823,636","83,529,545","100,235,454"
95-22,"83,577,685","8,357,768","8,357,769","16,715,537","33,431,074","50,146,611","66,862,148","83,577,685","100,293,222"
95-23,"83,625,850","8,362,584","8,362,585","16,725,170","33,450,340","50,175,510","66,900,680","83,625,850","100,351,020"
95-24,"83,674,045","8,367,404","8,367,405","16,734,809","33,469,618","50,204,427","66,939,236","83,674,045","100,408,854"
95-25,"83,722,267","8,372,226","8,372,227","16,744,454","33,488,907","50,233,361","66,977,814","83,722,267","100,466,721"
95-26,"83,770,518","8,377,051","8,377,052","16,754,104","33,508,208","50,262,311","67,016,415","83,770,518","100,524,622"
95-27,"83,818,795","8,381,879","8,381,880","16,763,759","33,527,518","50,291,277","67,055,036","83,818,795","100,582,554"
95-28,"83,867,099","8,386,709","8,386,710","16,773,420","33,546,840","50,320,260","67,093,680","83,867,099","100,640,519"
95-29,"83,915,433","8,391,543","8,391,544","16,783,087","33,566,174","50,349,260","67,132,347","83,915,433","100,698,520"
95-30,"83,963,796","8,396,379","8,396,380","16,792,760","33,585,519","50,378,278","67,171,037","83,963,796","100,756,556"
96-1,"84,012,184","8,401,218","8,401,219","16,802,437","33,604,874","50,407,311","67,209,748","84,012,184","100,814,621"
96-2,"84,060,600","8,406,059","8,406,060","16,812,120","33,624,240","50,436,360","67,248,480","84,060,600","100,872,720"
96-3,"84,109,045","8,410,904","8,410,905","16,821,809","33,643,618","50,465,427","67,287,236","84,109,045","100,930,854"
96-4,"84,157,520","8,415,751","8,415,752","16,831,504","33,663,008","50,494,512","67,326,016","84,157,520","100,989,024"
96-5,"84,206,023","8,420,602","8,420,603","16,841,205","33,682,410","50,523,614","67,364,819","84,206,023","101,047,228"
96-6,"84,254,551","8,425,455","8,425,456","16,850,911","33,701,821","50,552,731","67,403,641","84,254,551","101,105,462"
96-7,"84,303,111","8,430,311","8,430,312","16,860,623","33,721,245","50,581,867","67,442,489","84,303,111","101,163,734"
96-8,"84,351,696","8,435,169","8,435,170","16,870,340","33,740,679","50,611,018","67,481,357","84,351,696","101,222,036"
96-9,"84,400,311","8,440,031","8,440,032","16,880,063","33,760,125","50,640,187","67,520,249","84,400,311","101,280,374"
96-10,"84,448,952","8,444,895","8,444,896","16,889,791","33,779,581","50,669,372","67,559,162","84,448,952","101,338,743"
96-11,"84,497,623","8,449,762","8,449,763","16,899,525","33,799,050","50,698,574","67,598,099","84,497,623","101,397,148"
96-12,"84,546,321","8,454,632","8,454,633","16,909,265","33,818,529","50,727,793","67,637,057","84,546,321","101,455,586"
96-13,"84,595,047","8,459,504","8,459,505","16,919,010","33,838,019","50,757,029","67,676,038","84,595,047","101,514,057"
96-14,"84,643,801","8,464,380","8,464,381","16,928,761","33,857,521","50,786,281","67,715,041","84,643,801","101,572,562"
96-15,"84,692,584","8,469,258","8,469,259","16,938,517","33,877,034","50,815,551","67,754,068","84,692,584","101,631,101"
96-16,"84,741,393","8,474,139","8,474,140","16,948,279","33,896,558","50,844,836","67,793,115","84,741,393","101,689,672"
96-17,"84,790,233","8,479,023","8,479,024","16,958,047","33,916,094","50,874,140","67,832,187","84,790,233","101,748,280"
96-18,"84,839,100","8,483,909","8,483,910","16,967,820","33,935,640","50,903,460","67,871,280","84,839,100","101,806,920"
96-19,"84,887,994","8,488,799","8,488,800","16,977,599","33,955,198","50,932,797","67,910,396","84,887,994","101,865,593"
96-20,"84,936,917","8,493,691","8,493,692","16,987,384","33,974,767","50,962,151","67,949,534","84,936,917","101,924,301"
96-21,"84,985,869","8,498,586","8,498,587","16,997,174","33,994,348","50,991,522","67,988,696","84,985,869","101,983,043"
96-22,"85,034,848","8,503,484","8,503,485","17,006,970","34,013,940","51,020,909","68,027,879","85,034,848","102,041,818"
96-23,"85,083,855","8,508,385","8,508,386","17,016,771","34,033,542","51,050,313","68,067,084","85,083,855","102,100,626"
96-24,"85,132,894","8,513,289","8,513,290","17,026,579","34,053,158","51,079,737","68,106,316","85,132,894","102,159,473"
96-25,"85,181,957","8,518,195","8,518,196","17,036,392","34,072,783","51,109,175","68,145,566","85,181,957","102,218,349"
96-26,"85,231,050","8,523,104","8,523,105","17,046,210","34,092,420","51,138,630","68,184,840","85,231,050","102,277,260"
96-27,"85,280,169","8,528,016","8,528,017","17,056,034","34,112,068","51,168,102","68,224,136","85,280,169","102,336,203"
96-28,"85,329,319","8,532,931","8,532,932","17,065,864","34,131,728","51,197,592","68,263,456","85,329,319","102,395,183"
96-29,"85,378,497","8,537,849","8,537,850","17,075,700","34,151,399","51,227,099","68,302,798","85,378,497","102,454,197"
96-30,"85,427,702","8,542,770","8,542,771","17,085,541","34,171,081","51,256,622","68,342,162","85,427,702","102,513,243"
97-1,"85,476,937","8,547,693","8,547,694","17,095,388","34,190,775","51,286,163","68,381,550","85,476,937","102,572,325"
97-2,"85,526,199","8,552,619","8,552,620","17,105,240","34,210,480","51,315,720","68,420,960","85,526,199","102,631,439"
97-3,"85,575,490","8,557,548","8,557,549","17,115,098","34,230,196","51,345,294","68,460,392","85,575,490","102,690,588"
97-4,"85,624,808","8,562,480","8,562,481","17,124,962","34,249,924","51,374,885","68,499,847","85,624,808","102,749,770"
97-5,"85,674,156","8,567,415","8,567,416","17,134,832","34,269,663","51,404,494","68,539,325","85,674,156","102,808,988"
97-6,"85,723,531","8,572,353","8,572,354","17,144,707","34,289,413","51,434,119","68,578,825","85,723,531","102,868,238"
97-7,"85,772,933","8,577,293","8,577,294","17,154,587","34,309,174","51,463,760","68,618,347","85,772,933","102,927,520"
97-8,"85,822,365","8,582,236","8,582,237","17,164,473","34,328,946","51,493,419","68,657,892","85,822,365","102,986,838"
97-9,"85,871,827","8,587,182","8,587,183","17,174,366","34,348,731","51,523,097","68,697,462","85,871,827","103,046,193"
97-10,"85,921,313","8,592,131","8,592,132","17,184,263","34,368,526","51,552,788","68,737,051","85,921,313","103,105,576"
97-11,"85,970,832","8,597,083","8,597,084","17,194,167","34,388,333","51,582,500","68,776,666","85,970,832","103,164,999"
97-12,"86,020,379","8,602,037","8,602,038","17,204,076","34,408,152","51,612,228","68,816,304","86,020,379","103,224,455"
97-13,"86,069,950","8,606,994","8,606,995","17,213,990","34,427,980","51,641,970","68,855,960","86,069,950","103,283,940"
97-14,"86,119,556","8,611,955","8,611,956","17,223,912","34,447,823","51,671,734","68,895,645","86,119,556","103,343,468"
97-15,"86,169,186","8,616,918","8,616,919","17,233,838","34,467,675","51,701,512","68,935,349","86,169,186","103,403,024"
97-16,"86,218,846","8,621,884","8,621,885","17,243,770","34,487,539","51,731,308","68,975,077","86,218,846","103,462,616"
97-17,"86,268,535","8,626,853","8,626,854","17,253,707","34,507,414","51,761,121","69,014,828","86,268,535","103,522,242"
97-18,"86,318,252","8,631,825","8,631,826","17,263,651","34,527,301","51,790,952","69,054,602","86,318,252","103,581,903"
97-19,"86,367,998","8,636,799","8,636,800","17,273,600","34,547,200","51,820,799","69,094,399","86,367,998","103,641,598"
97-20,"86,417,772","8,641,777","8,641,778","17,283,555","34,567,109","51,850,664","69,134,218","86,417,772","103,701,327"
97-21,"86,467,575","8,646,757","8,646,758","17,293,515","34,587,030","51,880,545","69,174,060","86,467,575","103,761,090"
97-22,"86,517,408","8,651,740","8,651,741","17,303,482","34,606,964","51,910,445","69,213,927","86,517,408","103,820,890"
97-23,"86,567,268","8,656,726","8,656,727","17,313,454","34,626,908","51,940,361","69,253,815","86,567,268","103,880,722"
97-24,"86,617,158","8,661,715","8,661,716","17,323,432","34,646,864","51,970,295","69,293,727","86,617,158","103,940,590"
97-25,"86,667,076","8,666,707","8,666,708","17,333,416","34,666,831","52,000,246","69,333,661","86,667,076","104,000,492"
97-26,"86,717,024","8,671,702","8,671,703","17,343,405","34,686,810","52,030,215","69,373,620","86,717,024","104,060,429"
97-27,"86,766,999","8,676,699","8,676,700","17,353,400","34,706,800","52,060,200","69,413,600","86,766,999","104,120,399"
97-28,"86,817,003","8,681,700","8,681,701","17,363,401","34,726,802","52,090,202","69,453,603","86,817,003","104,180,404"
97-29,"86,867,037","8,686,703","8,686,704","17,373,408","34,746,815","52,120,223","69,493,630","86,867,037","104,240,445"
97-30,"86,917,098","8,691,709","8,691,710","17,383,420","34,766,840","52,150,259","69,533,679","86,917,098","104,300,518"
98-1,"86,967,191","8,696,719","8,696,720","17,393,439","34,786,877","52,180,315","69,573,753","86,967,191","104,360,630"
98-2,"87,017,310","8,701,730","8,701,731","17,403,462","34,806,924","52,210,386","69,613,848","87,017,310","104,420,772"
98-3,"87,067,458","8,706,745","8,706,746","17,413,492","34,826,984","52,240,475","69,653,967","87,067,458","104,480,950"
98-4,"87,117,637","8,711,763","8,711,764","17,423,528","34,847,055","52,270,583","69,694,110","87,117,637","104,541,165"
98-5,"87,167,843","8,716,784","8,716,785","17,433,569","34,867,138","52,300,706","69,734,275","87,167,843","104,601,412"
98-6,"87,218,081","8,721,808","8,721,809","17,443,617","34,887,233","52,330,849","69,774,465","87,218,081","104,661,698"
98-7,"87,268,344","8,726,834","8,726,835","17,453,669","34,907,338","52,361,007","69,814,676","87,268,344","104,722,013"
98-8,"87,318,637","8,731,863","8,731,864","17,463,728","34,927,455","52,391,183","69,854,910","87,318,637","104,782,365"
98-9,"87,368,960","8,736,895","8,736,896","17,473,792","34,947,584","52,421,376","69,895,168","87,368,960","104,842,752"
98-10,"87,419,311","8,741,931","8,741,932","17,483,863","34,967,725","52,451,587","69,935,449","87,419,311","104,903,174"
98-11,"87,469,691","8,746,969","8,746,970","17,493,939","34,987,877","52,481,815","69,975,753","87,469,691","104,963,630"
98-12,"87,520,100","8,752,009","8,752,010","17,504,020","35,008,040","52,512,060","70,016,080","87,520,100","105,024,120"
98-13,"87,570,539","8,757,053","8,757,054","17,514,108","35,028,216","52,542,324","70,056,432","87,570,539","105,084,647"
98-14,"87,621,006","8,762,100","8,762,101","17,524,202","35,048,403","52,572,604","70,096,805","87,621,006","105,145,208"
98-15,"87,671,503","8,767,150","8,767,151","17,534,301","35,068,602","52,602,902","70,137,203","87,671,503","105,205,804"
98-16,"87,722,029","8,772,202","8,772,203","17,544,406","35,088,812","52,633,218","70,177,624","87,722,029","105,266,435"
98-17,"87,772,584","8,777,258","8,777,259","17,554,517","35,109,034","52,663,551","70,218,068","87,772,584","105,327,101"
98-18,"87,823,168","8,782,316","8,782,317","17,564,634","35,129,268","52,693,901","70,258,535","87,823,168","105,387,802"
98-19,"87,873,782","8,787,378","8,787,379","17,574,757","35,149,513","52,724,270","70,299,026","87,873,782","105,448,539"
98-20,"87,924,424","8,792,442","8,792,443","17,584,885","35,169,770","52,754,655","70,339,540","87,924,424","105,509,309"
98-21,"87,975,097","8,797,509","8,797,510","17,595,020","35,190,039","52,785,059","70,380,078","87,975,097","105,570,117"
98-22,"88,025,795","8,802,579","8,802,580","17,605,159","35,210,318","52,815,477","70,420,636","88,025,795","105,630,954"
98-23,"88,076,526","8,807,652","8,807,653","17,615,306","35,230,611","52,845,916","70,461,221","88,076,526","105,691,832"
98-24,"88,127,285","8,812,728","8,812,729","17,625,457","35,250,914","52,876,371","70,501,828","88,127,285","105,752,742"
98-25,"88,178,074","8,817,807","8,817,808","17,635,615","35,271,230","52,906,845","70,542,460","88,178,074","105,813,689"
98-26,"88,228,893","8,822,889","8,822,890","17,645,779","35,291,558","52,937,336","70,583,115","88,228,893","105,874,672"
98-27,"88,279,740","8,827,973","8,827,974","17,655,948","35,311,896","52,967,844","70,623,792","88,279,740","105,935,688"
98-28,"88,330,615","8,833,061","8,833,062","17,666,123","35,332,246","52,998,369","70,664,492","88,330,615","105,996,738"
98-29,"88,381,521","8,838,152","8,838,153","17,676,305","35,352,609","53,028,913","70,705,217","88,381,521","106,057,826"
98-30,"88,432,457","8,843,245","8,843,246","17,686,492","35,372,983","53,059,475","70,745,966","88,432,457","106,118,949"
99-1,"88,483,420","8,848,341","8,848,342","17,696,684","35,393,368","53,090,052","70,786,736","88,483,420","106,180,104"
99-2,"88,534,415","8,853,441","8,853,442","17,706,883","35,413,766","53,120,649","70,827,532","88,534,415","106,241,298"
99-3,"88,585,436","8,858,543","8,858,544","17,717,088","35,434,175","53,151,262","70,868,349","88,585,436","106,302,524"
99-4,"88,636,491","8,863,649","8,863,650","17,727,299","35,454,597","53,181,895","70,909,193","88,636,491","106,363,790"
99-5,"88,687,572","8,868,757","8,868,758","17,737,515","35,475,029","53,212,544","70,950,058","88,687,572","106,425,087"
99-6,"88,738,685","8,873,868","8,873,869","17,747,737","35,495,474","53,243,211","70,990,948","88,738,685","106,486,422"
99-7,"88,789,825","8,878,982","8,878,983","17,757,965","35,515,930","53,273,895","71,031,860","88,789,825","106,547,790"
99-8,"88,840,993","8,884,099","8,884,100","17,768,199","35,536,398","53,304,596","71,072,795","88,840,993","106,609,192"
99-9,"88,892,195","8,889,219","8,889,220","17,778,439","35,556,878","53,335,317","71,113,756","88,892,195","106,670,634"
99-10,"88,943,423","8,894,342","8,894,343","17,788,685","35,577,370","53,366,054","71,154,739","88,943,423","106,732,108"
99-11,"88,994,681","8,899,468","8,899,469","17,798,937","35,597,873","53,396,809","71,195,745","88,994,681","106,793,618"
99-12,"89,045,970","8,904,596","8,904,597","17,809,194","35,618,388","53,427,582","71,236,776","89,045,970","106,855,164"
99-13,"89,097,290","8,909,728","8,909,729","17,819,458","35,638,916","53,458,374","71,277,832","89,097,290","106,916,748"
99-14,"89,148,636","8,914,863","8,914,864","17,829,728","35,659,455","53,489,182","71,318,909","89,148,636","106,978,364"
99-15,"89,200,012","8,920,001","8,920,002","17,840,003","35,680,005","53,520,008","71,360,010","89,200,012","107,040,015"
99-16,"89,251,421","8,925,142","8,925,143","17,850,285","35,700,569","53,550,853","71,401,137","89,251,421","107,101,706"
99-17,"89,302,855","8,930,285","8,930,286","17,860,571","35,721,142","53,581,713","71,442,284","89,302,855","107,163,426"
99-18,"89,354,322","8,935,432","8,935,433","17,870,865","35,741,729","53,612,594","71,483,458","89,354,322","107,225,187"
99-19,"89,405,817","8,940,581","8,940,582","17,881,164","35,762,327","53,643,491","71,524,654","89,405,817","107,286,981"
99-20,"89,457,341","8,945,734","8,945,735","17,891,469","35,782,937","53,674,405","71,565,873","89,457,341","107,348,810"
99-21,"89,508,897","8,950,889","8,950,890","17,901,780","35,803,559","53,705,339","71,607,118","89,508,897","107,410,677"
99-22,"89,560,483","8,956,048","8,956,049","17,912,097","35,824,194","53,736,290","71,648,387","89,560,483","107,472,580"
99-23,"89,612,097","8,961,209","8,961,210","17,922,420","35,844,839","53,767,259","71,689,678","89,612,097","107,534,517"
99-24,"89,663,740","8,966,373","8,966,374","17,932,748","35,865,496","53,798,244","71,730,992","89,663,740","107,596,488"
99-25,"89,715,414","8,971,541","8,971,542","17,943,083","35,886,166","53,829,249","71,772,332","89,715,414","107,658,497"
99-26,"89,767,119","8,976,711","8,976,712","17,953,424","35,906,848","53,860,272","71,813,696","89,767,119","107,720,543"
99-27,"89,818,853","8,981,885","8,981,886","17,963,771","35,927,542","53,891,312","71,855,083","89,818,853","107,782,624"
99-28,"89,870,615","8,987,061","8,987,062","17,974,123","35,948,246","53,922,369","71,896,492","89,870,615","107,844,738"
99-29,"89,922,409","8,992,240","8,992,241","17,984,482","35,968,964","53,953,446","71,937,928","89,922,409","107,906,891"
99-30,"89,974,231","8,997,423","8,997,424","17,994,847","35,989,693","53,984,539","71,979,385","89,974,231","107,969,078"
100-1,"90,026,084","9,002,608","9,002,609","18,005,217","36,010,434","54,015,651","72,020,868","90,026,084","108,031,301"
100-2,"90,077,967","9,007,796","9,007,797","18,015,594","36,031,187","54,046,781","72,062,374","90,077,967","108,093,561"
100-3,"90,129,880","9,012,987","9,012,988","18,025,976","36,051,952","54,077,928","72,103,904","90,129,880","108,155,856"
100-4,"90,181,824","9,018,182","9,018,183","18,036,365","36,072,730","54,109,095","72,145,460","90,181,824","108,218,189"
100-5,"90,233,795","9,023,379","9,023,380","18,046,759","36,093,518","54,140,277","72,187,036","90,233,795","108,280,554"
100-6,"90,285,798","9,028,579","9,028,580","18,057,160","36,114,320","54,171,479","72,228,639","90,285,798","108,342,958"
100-7,"90,337,829","9,033,782","9,033,783","18,067,566","36,135,132","54,202,698","72,270,264","90,337,829","108,405,395"
100-8,"90,389,893","9,038,989","9,038,990","18,077,979","36,155,958","54,233,936","72,311,915","90,389,893","108,467,872"
100-9,"90,441,985","9,044,198","9,044,199","18,088,397","36,176,794","54,265,191","72,353,588","90,441,985","108,530,382"
100-10,"90,494,107","9,049,410","9,049,411","18,098,822","36,197,643","54,296,465","72,395,286","90,494,107","108,592,929"
100-11,"90,546,260","9,054,625","9,054,626","18,109,252","36,218,504","54,327,756","72,437,008","90,546,260","108,655,512"
100-12,"90,598,443","9,059,844","9,059,845","18,119,689","36,239,378","54,359,066","72,478,755","90,598,443","108,718,132"
100-13,"90,650,654","9,065,065","9,065,066","18,130,131","36,260,262","54,390,393","72,520,524","90,650,654","108,780,785"
100-14,"90,702,898","9,070,289","9,070,290","18,140,580","36,281,160","54,421,739","72,562,319","90,702,898","108,843,478"
100-15,"90,755,171","9,075,517","9,075,518","18,151,035","36,302,069","54,453,103","72,604,137","90,755,171","108,906,206"
100-16,"90,807,473","9,080,747","9,080,748","18,161,495","36,322,990","54,484,484","72,645,979","90,807,473","108,968,968"
100-17,"90,859,805","9,085,980","9,085,981","18,171,961","36,343,922","54,515,883","72,687,844","90,859,805","109,031,766"
100-18,"90,912,169","9,091,216","9,091,217","18,182,434","36,364,868","54,547,302","72,729,736","90,912,169","109,094,603"
100-19,"90,964,564","9,096,456","9,096,457","18,192,913","36,385,826","54,578,739","72,771,652","90,964,564","109,157,477"
100-20,"91,016,986","9,101,698","9,101,699","18,203,398","36,406,795","54,610,192","72,813,589","91,016,986","109,220,384"
100-21,"91,069,442","9,106,944","9,106,945","18,213,889","36,427,777","54,641,666","72,855,554","91,069,442","109,283,331"
100-22,"91,121,924","9,112,192","9,112,193","18,224,385","36,448,770","54,673,155","72,897,540","91,121,924","109,346,309"
100-23,"91,174,438","9,117,443","9,117,444","18,234,888","36,469,776","54,704,663","72,939,551","91,174,438","109,409,326"
100-24,"91,226,983","9,122,698","9,122,699","18,245,397","36,490,794","54,736,190","72,981,587","91,226,983","109,472,380"
100-25,"91,279,557","9,127,955","9,127,956","18,255,912","36,511,823","54,767,735","73,023,646","91,279,557","109,535,469"
100-26,"91,332,163","9,133,216","9,133,217","18,266,433","36,532,866","54,799,298","73,065,731","91,332,163","109,598,596"
100-27,"91,384,797","9,138,479","9,138,480","18,276,960","36,553,919","54,830,879","73,107,838","91,384,797","109,661,757"
100-28,"91,437,465","9,143,746","9,143,747","18,287,493","36,574,986","54,862,479","73,149,972","91,437,465","109,724,958"
100-29,"91,490,161","9,149,016","9,149,017","18,298,033","36,596,065","54,894,097","73,192,129","91,490,161","109,788,194"
100-30,"91,542,888","9,154,288","9,154,289","18,308,578","36,617,156","54,925,733","73,234,311","91,542,888","109,851,466"
,,,,,,,,,
"Breakpoints use the extracted combat-power damage scale. Each percentage column is the minimum team power required to enter that damage tier, except 1% damage, which is the maximum team power that remains in the 1% tier.",,,,,,,,,