id	date	likes	comments	views	title	author
47148	2026-09-28	6	0	261	[TIP] 5사격 기반 상황별 스테이지덱	사계
47123	2026-09-28	0	0	45	243-30 비겁한쿠키 750M 클리어덱입니다	아이러브로드리
47098	2026-09-28	0	0	39	[축복2] 48-30 비겁한 쿠키	한오환
47091	2026-09-28	26	13	604	스테이지 덱 (n번째)	신비한쿠키사전
47031	2026-09-28	3	2	347	스테이지에서 멍청한 바리공주와 체리콜라 사용법!	가즈으아앙
47023	2026-09-28	1	0	73	235-30 비겁이 클리어덱 600M	명두부
46919	2026-09-28	2	2	157	310-30 공략:-)	별이꽁
46912	2026-09-28	0	2	66	310-20 공략:-)	별이꽁
46895	2026-09-28	3	4	426	경험치던전 손컨 덱	YOLO2
46887	2026-09-27	0	2	118	264-30 비겁이 클리어덱	폼생
46881	2026-09-27	0	0	63	309-20 공략:-)	별이꽁
46880	2026-09-27	4	0	583	300지 이상에서도 가능한 일반 스테이지 방치덱 공략	서신우
46871	2026-09-27	1	3	363	스테이지덱(5사격) -홍대병 예능덱	비밀41
46866	2026-09-27	2	1	56	307-30 공략:-)	별이꽁
46858	2026-09-27	0	0	44	307-10 공략:-)	별이꽁
46851	2026-09-27	3	0	436	경험치 던전 벨튀 공략 (638층)	서신우
46845	2026-09-27	3	0	158	[일일던전] 5번 보스 : 룬결정 던전	뱅국
46840	2026-09-27	2	2	408	[일일던전] 4번 보스 : 코인 던전	뱅국
46838	2026-09-27	2	0	371	[일일던전] 3번 보스 : 연구석 던전	뱅국
46822	2026-09-27	0	1	72	공격력 질문	동동구리
46812	2026-09-27	1	0	58	305-30 공략:-)	별이꽁
46809	2026-09-27	11	2	743	300지 이상까지 가능한 모든 스테이지 조합 공략	서신우
46799	2026-09-27	0	0	96	251-30 비겁이	날다람쥐12
46781	2026-09-27	0	0	88	262-10,20,30 레드베리 망치공주 쿨민	폼생
46777	2026-09-27	4	4	103	304-30 공략:-)	별이꽁
46734	2026-09-27	2	0	122	302-30 공략:-)	별이꽁
46714	2026-09-27	0	0	65	67-30 비겁 클리어 덱	망치부인저주
46707	2026-09-27	31	10	1444	손컨 하기 싫어서 사용 중인 경험치 던전 오토덱 추천(590~)	푸에리
46675	2026-09-27	2	11	179	302-20 공략:-)	별이꽁
46659	2026-09-27	5	1	144	302-10 공략:-)	별이꽁
46650	2026-09-27	2	5	851	경험치 던전 팁	비쿠
46643	2026-09-27	5	10	324	301-20 공략:-)	별이꽁
46612	2026-09-27	1	0	278	반죽 550 이후 클덱 한번 추천 드려봅니당	사신
46607	2026-09-27	6	1	1176	경험치 던전 & 반죽 던전 최신 공략	서신우
46601	2026-09-27	6	6	498	레드베리 암살자 공략 (302-18)	서신우
46596	2026-09-27	4	1	819	고등급 없는 아레나 호밀덱 공략	서신우
46592	2026-09-26	6	4	600	크럼블 던전 127G 공략	서신우
46577	2026-09-26	2	0	333	경험치 던전 627층 공략	서신우
46575	2026-09-26	0	0	219	형님들 크럼블던전 팁	쿠키굽는중
46570	2026-09-26	2	0	458	[일일던전] 2번 보스 : 반죽 던전 (2)	뱅국
46559	2026-09-26	16	9	725	코인던전 650 층 공략 (팀전투력 2.15G)	거북이3마리
46544	2026-09-26	11	12	1164	(현스테 578)이야 막깨진다.. 경던 경험치던전 공략, 치빠치빠가 돌아왔다	고기파이
46543	2026-09-26	0	0	103	222-10 레드베리 암살자 클리어덱 기록	이슬람 마카체프
46533	2026-09-26	0	0	213	256-30 비겁이 클리어덱	폼생
46528	2026-09-26	0	0	99	3번 보스 : 쿨링민트 쿠키 (2)	뱅국
46515	2026-09-26	20	1	751	경던 570 이상 안깨지는사람 과금 소과금 무과금 운안좋은사람들 공략 20시간 이상 연구	우울이응
46500	2026-09-26	2	0	111	254-30 쿨민 클리어덱	폼생
46499	2026-09-26	1	2	154	질문이있습니다 고인물분들좀 알려주세여 ㅠㅠ	lxd
46452	2026-09-26	15	3	1819	바리공주 2성이지만 넣은 아레나 덱	소금노움
46430	2026-09-26	4	1	468	반죽던전 650 층 공략 (팀전투력 1.88G)	거북이3마리
46413	2026-09-26	0	0	58	[축복2] 43-30 비겁한 쿠키	한오환
46403	2026-09-26	1	1	54	59-30 비겁 클리어덱 ( + 60-10 독수리 덱 동일 )	망치부인저주
46398	2026-09-26	0	0	35	[축복2] 43-20 폭주단 트럭	한오환
46395	2026-09-26	1	0	148	248-30 비겁이 클리어덱	폼생
46377	2026-09-26	0	0	39	[축복2] 43-10 폭주단바이커	한오환
46369	2026-09-26	1	0	36	59-20 귀찮은 트럭 클리어덱 공략법	망치부인저주
46363	2026-09-26	0	6	316	장비 옵션 ㅊㅊ좀.. 투력 vs 명중	Lua
46358	2026-09-26	20	9	1350	말 많이나오는 겸치던전 공략(소탕은 사치)	금도끼
46357	2026-09-26	0	0	30	152층 비겁이	마카롱
46348	2026-09-26	64	18	2801	스테이지 기본 덱 공략	한날
46317	2026-09-26	0	0	94	폭탄광 기록	논리적인고구마
46312	2026-09-26	188	52	3897	콘텐츠별 장비 옵션 세팅 정리	쿠키키키
46299	2026-09-26	0	0	43	2143	고독한고도리
46283	2026-09-25	9	1	926	길드 토벌전 544G 공략	서신우
46263	2026-09-25	0	0	100	246-30 쿨민 클리어덱	폼생
46259	2026-09-25	10	0	1596	귀여운소과금러의 바리공주를 사용하는 스테이지덱 	도마도마
46255	2026-09-25	0	1	40	질문	패밀리맨
46250	2026-09-25	71	12	2397	600단 이후 경험치 던전 No손컨	도미
46240	2026-09-25	1	0	752	⭐모르시는 분들을 위한 마지막 공략 재업로드	쿠키런 연두
46209	2026-09-25	16	2	699	스테 완화 후 확실한 35퍼 비겁이 덱	치킨ㄴ
46205	2026-09-25	5	2	902	[일일던전] 1번 보스 : 경험치 던전 (4)	뱅국
46202	2026-09-25	94	16	3383	스테이지 덱 및 컨트롤 공략	쿠키키키
46179	2026-09-25	52	12	2078	일던 공략) 550에서 막혀서 다시 쓴 경던 공략글+깨달음 (경험치던전+연구석던전)	고기파이
46167	2026-09-25	1	2	316	토벌 브시커 스가 질문	uniteze
46107	2026-09-25	1	0	160	243-30 비겁이 클리어덱	폼생
46056	2026-09-25	0	7	306	덱 한번 봐주시면 감사하겠습니다!	인천김로로
46051	2026-09-25	2	2	362	코인던전덱 기록용	나인
46012	2026-09-25	0	0	73	51-10 쥐토바이 클리어덱 공유	망치부인저주
45987	2026-09-25	2	0	396	경험치 던전	랭커주인
45978	2026-09-25	0	9	255	178-30 쿨링민트 어캐 조져요?	F예비군공
45947	2026-09-24	0	3	140	242-30 쿨민 클리어덱	폼생
45941	2026-09-24	0	0	579	코인던전 날빌 손컨	이터리고
45932	2026-09-24	0	0	198	240-30 비겁이 클리어덱	폼생
45930	2026-09-24	7	2	1319	경험치 던전 600+층 공략	서신우
45916	2026-09-24	10	2	800	[일일던전] 1번 보스 : 경험치 던전 (3)	뱅국
45902	2026-09-24	39	4	2277	(예능+성능)아레나 언더독 마법사 연타덱 (장비, 슈가룬 수정)	낑깡
45894	2026-09-24	0	2	192	238-10,20,30 레드베리 망치공주 쿨민 클리어덱	폼생
45882	2026-09-24	0	0	313	경던 손컨 살짝 깨달은듯 (미세팁)	비지두구
45824	2026-09-24	26	7	2493	길드 토벌전 513G 공략	서신우
45718	2026-09-24	237	45	7073	아레나 & 와글와글 아레나 덱 및 세팅 가이드	쿠키키키
45715	2026-09-24	34	8	1907	경험치 던전 덱 종결? (현566)	하츠
45649	2026-09-24	1	0	126	46-30 쿨민 클리어	망치부인저주
45597	2026-09-24	19	0	1263	크럼블 던전 공략 ( 주관적 )	뱅국
45544	2026-09-23	28	0	2657	영상 하나로 끝내는 모든 일일 던전 최신 공략 (바리 출시 이후)	서신우
45542	2026-09-23	3	0	432	경험치 던전 440스테 수동컨 덱	yeenybeeny
45541	2026-09-23	12	1	1124	경험치 던전 오토덱	행운쿠키
45524	2026-09-23	0	2	552	스텔라7 10개에서 93퍼때 돌린 내가 바보지.. ㅠㅠ	3363
45506	2026-09-23	0	0	160	233-30 쿨민 클리어덱	폼생
45502	2026-09-23	68	23	5291	아레나 바리공주&오븐방랑자	신비한쿠키사전
45451	2026-09-23	41	12	5574	스테이지 방치덱 공략	서신우
45446	2026-09-23	242	42	8091	일일던전 공략 (560 이후)	신비한쿠키사전
45442	2026-09-23	596	91	12765	9/23 업데이트 슈가룬 정리	신비한쿠키사전
45429	2026-09-23	19	5	2430	아레나 바리덱 공략	서신우
45362	2026-09-23	2	2	311	길드전 팁 부탁드립니다.	부산고앵이
45354	2026-09-23	15	7	2101	지루한 진영전이 아쉬운 당신을 위한 아레나 덱	무홍시
45344	2026-09-23	14	1	1557	⭐고투력 던전 : 경험치던전,반죽던전 공략법 (영상)	쿠키런 연두
45336	2026-09-23	0	0	786	현재 스테이지 난이도 완화 (crumblehub.co 사이트 업뎃전 15%까지 클리어가능)	뭔디
45312	2026-09-23	84	16	6210	수정) 바리공주, 달토끼 활용한 신규 아레나 덱 추천 / 와글와글 아레나 추천덱	올렐레오로리
45301	2026-09-23	5	0	1212	경험치 던전 최신 공략	서신우
45299	2026-09-23	3	3	625	경험치던전 공략법과 덱	뭔디
45296	2026-09-23	13	43	1261	별이꽁 공략글 관련 짧은 말씀 올림 (?)	별이꽁
45255	2026-09-23	0	0	206	갤럭시 스토어 쿠폰	짤두
45248	2026-09-23	3	0	608	9월 23일 대규모 업데이트 내용 총정리 및 리뷰	올렐레오로리
45241	2026-09-23	0	4	213	원스토어 반값쿠폰 두개 공유 5천 3천	miamor
45173	2026-09-23	2	0	250	232-30 비겁이 클리어덱	폼생
44887	2026-09-23	0	0	259	203-10 쥐토바이(바이커)련 클리어덱 (위치베리 처음써봄)	이슬람 마카체프
44880	2026-09-23	154	47	4405	모든 쿠키 슈가룬 간단 정리	꿀빵
44856	2026-09-22	4	1	390	레드베리 암살자 클리어덱	성민성
44853	2026-09-22	0	0	155	230-10,20,30 레드베리,망치공주,쿨민	폼생
44848	2026-09-22	2	0	152	263-20 263-30 (1G181M) 와플 도마뱀	카카쿠
44840	2026-09-22	1	13	246	267-30 공략:-)	별이꽁
44839	2026-09-22	0	0	39	229-20,30 그루터기 클리어덱	폼생
44815	2026-09-22	4	2	662	너프전 248-30 801.5m 35% + 169~248 덱 정리&장비	월린
44778	2026-09-22	4	0	395	레드베리 암살자, 식쿠 (248 이후 스테이지)	카카쿠
44765	2026-09-22	2	0	82	267-10 공략:-)	별이꽁
44761	2026-09-22	54	9	3021	브라이트 시커 쿠키 스킬가속 연구	밀크흑당버블티
44743	2026-09-22	2	3	98	266-30 공략:-)	별이꽁
44742	2026-09-22	1	0	418	스테 15퍼 클	S2 롤대녀
44736	2026-09-22	0	0	168	259-30 비겁이 클리어 덱	성민성
44709	2026-09-22	0	21	191	235-30 비겁이 클리어덱	싱동
44689	2026-09-22	0	0	163	7번 보스 : 레드베리 암살자	뱅국
44660	2026-09-22	1	0	101	208-30 비겁이 클리어덱 공유 337M	명두부
44654	2026-09-22	19	5	1543	경험치 던전 공략	도미
44634	2026-09-22	0	0	122	227-30 비겁이 601M 클리어	혁이들아빠
44535	2026-09-22	1	0	154	206-30 쿨링민트 클리어덱 공유 337M	명두부
44481	2026-09-22	0	0	132	232-30 비겁이 클리어덱	싱동
44451	2026-09-22	3	1	294	268 선인장거미	닥치고피카츄
44439	2026-09-22	1	0	274	미세 TIP) 쿠키 정렬 오류 해결 방법	사계
44390	2026-09-22	0	0	183	243-30 비겁한쿠키	질퍽이와메타몽의차이
44353	2026-09-22	9	4	1035	내가쓰는 연타관통덱 (독뿔버섯 다수잡몹) 35%	Koreano
44338	2026-09-22	0	2	172	252스테 선인장거미덱 기록용	나인
44319	2026-09-21	1	0	118	265-30 공략:-)	별이꽁
44307	2026-09-21	2	0	148	264-30 공략:-)	별이꽁
44290	2026-09-21	2	0	138	227-30 비겁이 클리어덱	폼생
44289	2026-09-21	0	0	136	227-10,20 쥐토바이 트럭 클리어덱	폼생
44288	2026-09-21	1	0	522	경험치던전덱 기록용	나인
44261	2026-09-21	14	20	1353	아 나 진짜.. 529 경험치 던전 공략글(기존글 싹다 리셋)	고기파이
44244	2026-09-21	2	0	586	코인던전 공략 (현533스테)	고기파이
44241	2026-09-21	1	1	160	211-30 비겁  396m 5초남기고 클리어	다사라
44235	2026-09-21	0	0	78	226-30 쿨민 클리어덱	폼생
44214	2026-09-21	1	4	122	262-30 공략:-)	별이꽁
44188	2026-09-21	1	4	69	262-20 공략:-)	별이꽁
44131	2026-09-21	2	1	489	비겁이 명쿠 안쓰는 NEW(?)덱 35% 최소투력컷. Ex)264-30	뭔디
44060	2026-09-21	0	0	150	227-30 비겁한 쿠키 기록용	논리적인고구마
44052	2026-09-21	3	0	943	9월 23일 업데이트 소식 공개, 전서버 통합 아레나?!	올렐레오로리
44048	2026-09-21	0	0	241	248-30 비겁이 클리어덱 기록용	나인
44032	2026-09-21	0	0	60	58-30 쿨링민트 7시 	앙요
44014	2026-09-21	0	2	170	242-30 쿨링민트맛쿠키	질퍽이와메타몽의차이
43950	2026-09-21	219	65	8163	성능 종결 아레나덱, 아레나 세팅 (와레나덱, 와레나 세팅)	꿀빵
43926	2026-09-21	1	0	177	203-30 비겁이 클리어덱 공유 322M	명두부
43925	2026-09-21	1	0	154	203-10 바이커 클리어덱 공유 337M	명두부
43924	2026-09-21	1	2	154	200-30 비겁이 클리어덱 공유 285M	명두부
43908	2026-09-21	1	2	122	198-30 쿨링민트 클리어덱 공유 283M	명두부
43907	2026-09-21	0	0	134	195-30 비겁이 클리어덱 공유 250M	명두부
43883	2026-09-21	1	0	241	224-30 비겁이 클리어덱	폼생
43874	2026-09-21	36	20	2090	[일던 공략] 경험치던전 막힌 분들 필독,공략 및 경던3연뚫 영상(현526스테)	고기파이
43873	2026-09-21	0	0	45	223-20,30 클리어덱	폼생
43836	2026-09-20	2	4	195	259-30 공략:-)	별이꽁
43828	2026-09-20	2	2	103	259-10 공략:-)	별이꽁
43827	2026-09-20	179	13	4950	일일 던전 보스별 오토덱 정리	눈
43823	2026-09-20	0	0	154	222-20,30 망치공주 쿨민 클리어덱	폼생
43822	2026-09-20	0	0	65	221-20,30 그루터기 클리어덱	폼생
43821	2026-09-20	2	0	94	258-30 공략:-)	별이꽁
43815	2026-09-20	0	0	122	251-30 (1G63M) 비겁	카카쿠
43809	2026-09-20	6	6	448	일일던전 - 별사탕 던전 공략	별 빛
43792	2026-09-20	3	0	62	257-30 공략:-)	별이꽁
43786	2026-09-20	0	0	111	227-30 비겁이 클리어덱	싱동
43780	2026-09-20	4	9	517	243 - 10 쥐토바이 688.4m 35%	월린
43766	2026-09-20	1	1	33	82-30 쿨링민트	마카롱
43757	2026-09-20	0	0	35	91-30 비겁 클리어 	샤넬바디워시
43736	2026-09-20	0	0	18	81-30 쿨링민트	마카롱
43735	2026-09-20	1	0	67	80-30 비겁이	마카롱
43719	2026-09-20	0	0	134	219-30 비겁이 클리어덱	폼생
43716	2026-09-20	0	0	212	219-10,20 쥐토바이 트럭 클리어덱	폼생
43708	2026-09-20	3	0	249	256-30 공략:-)	별이꽁
43697	2026-09-20	0	2	495	스텔라 이거도 100퍼 노릴수있어여?	주혀니
43696	2026-09-20	1	0	151	227-10 쥐토바이 클리어덱	싱동
43692	2026-09-20	0	3	444	광제단이 추천하는 과금추천	잠이가솔솔
43683	2026-09-20	0	0	353	스테이지 5사격복지 덱	Barbarossa
43680	2026-09-20	68	16	3090	스테이지 덱 (~248 + 이후)	신비한쿠키사전
43653	2026-09-20	150	43	5335	[토벌 공략] 체리덱	비쿠
43648	2026-09-20	0	0	244	203-10 폭주단 바이커 공략 영상첨부	청공
43637	2026-09-20	48	1	1553	[일던 공략]현510층 경던 경험치던전 공략 및 일던 덱 공유	고기파이
43622	2026-09-20	11	1	963	모든 일일 던전 원덱 공략	서신우
43594	2026-09-20	0	3	343	방치형인데 손컨+리트 해야되니깐 슬슬 질리기 시작하네 에휴	봉황
43524	2026-09-20	0	0	254	[일일던전] 2번 보스 : 반죽 던전	뱅국
43489	2026-09-19	0	0	59	78-30 쿨링민트	마카롱
43488	2026-09-19	0	0	14	77-30 그루터기	마카롱
43473	2026-09-19	0	0	18	139-10	피논
43472	2026-09-19	0	0	73	75-30 비겁이	마카롱
43471	2026-09-19	0	0	15	137-30	피논
43469	2026-09-19	0	0	62	217-20,30 쿨민 클리어덱	폼생
43468	2026-09-19	16	5	1319	영상 하나로 끝내는 모든 일일 던전 최신 공략	서신우
43465	2026-09-19	1	0	178	254-30 공략:-)	별이꽁
43445	2026-09-19	0	0	264	216-30 비겁이 클리어덱	폼생
43444	2026-09-19	389	66	9650	쿠키런 크럼블 뉴비 가이드북	쿠키키키
43443	2026-09-19	1	0	110	254-20 공략:-)	별이꽁
43415	2026-09-19	1	2	340	무과금 203-10 쥐토바이 손컨x 전갈x 난똥손이라 컨같은거 자신이 없다는분만 보세요 	팔란티어장기보유자
43398	2026-09-19	3	1	276	243-10 기록용	어싱싱해
43397	2026-09-19	1	1	134	176-30 149m 저스펙	뚱띠
43396	2026-09-19	0	0	53	88-30 비겁 클리어	샤넬바디워시
43387	2026-09-19	1	0	93	253-20 공략:-)	별이꽁
43339	2026-09-19	0	0	58	215-10,20,30 클리어덱	폼생
43294	2026-09-19	3	1	422	240-30 645.8m 명쿠X	월린
43255	2026-09-19	73	6	2532	일일던전 모든 노컨덱 공유 (출처 크럼블허브)	도브
43213	2026-09-19	0	0	179	214-20,30 망치공주 쿨민 클리어덱	폼생
43196	2026-09-19	4	0	232	251-30 공략:-)	별이꽁
43175	2026-09-19	1	0	164	251-20 공략:-)	별이꽁
43169	2026-09-18	2	7	153	251-10 공략:-)	별이꽁
43166	2026-09-18	22	6	985	반죽던전 공략(현502스테이지)	고기파이
43161	2026-09-18	2	2	168	250-30 공략:-)	별이꽁
43152	2026-09-18	1	0	122	249-30 공략:-)	별이꽁
43151	2026-09-18	0	0	38	75-10 폭주단	마카롱
43150	2026-09-18	0	0	24	74-30 쿨링민트	마카롱
43149	2026-09-18	0	1	16	73-30 쿨링민트	마카롱
43142	2026-09-18	0	0	25	134-30	피논
43141	2026-09-18	13	1	1215	경험치 던전 다들 힘들어 하길래 컨 필요 없는 덱	도브
43138	2026-09-18	5	11	601	248-30 공략:-)	별이꽁
43131	2026-09-18	0	2	21	107-10	피논
43127	2026-09-18	5	3	739	[일일던전] 1번 보스 : 경험치 던전 (2) [치어리더 지속덱]	뱅국
43092	2026-09-18	2	6	494	238 스테이지 레드베리 암살자 조합 공략 (영상O)	머핀이
43039	2026-09-18	2	0	127	72-30 비겁한쿠키	마카롱
43034	2026-09-18	5	3	575	235-10 폭주단 바이커	질퍽이와메타몽의차이
43025	2026-09-18	0	1	227	224-30 55% 클덱	bvjasdl
43017	2026-09-18	14	11	1954	길드 토벌전 169G 공략	서신우
43014	2026-09-18	0	0	41	104-30	피논
43011	2026-09-18	111	28	4108	본인의 투력: 670m 토벌전 200배이상 (허브덱 145G, 정전덱164G)	뭔디
43010	2026-09-18	0	0	48	104-30 비겁이 클리어덱	떼정이
43000	2026-09-18	0	0	12	72-20 골렘	마카롱
42999	2026-09-18	0	0	41	70-30 쿨링민트	마카롱
42998	2026-09-18	0	0	45	160-30 비겁덱(시커, 전갈, 체콜 포함)	이듀잉
42995	2026-09-18	0	3	299	장비 관련해서 팁 좀 주세요	1001
42918	2026-09-18	644	123	14883	여기저기서 긁어모은 알짜배기 공략 모음⁠	쿠키키키
42900	2026-09-18	0	0	97	독거미 세마리 투력35%	올해는미안해요
42898	2026-09-18	1	0	166	독수리 두마리 투력 35% 5사격덱 (노전갈)	올해는미안해요
42897	2026-09-18	0	0	264	쥐돌이 투력 55% 연타덱(노전갈, 노감초)	올해는미안해요
42891	2026-09-18	1	0	182	바이크 3인방 첫 공격 파훼법 (2)	뱅국
42866	2026-09-18	0	2	323	스킬옆 화살표와 별차이	열이에요
42859	2026-09-18	2	0	436	232-30 비겁한쿠키	질퍽이와메타몽의차이
42843	2026-09-18	0	0	18	99-10	피논
42828	2026-09-18	21	12	1465	경험치던전 공략이유	노군
42811	2026-09-17	0	0	34	70-20 늑대망치	마카롱
42810	2026-09-17	0	1	22	69-30 그루터기	마카롱
42809	2026-09-17	1	0	166	67-10 폭주단바이커 / 67-20 폭주단트럭 / 67-30 비겁이	마카롱
42807	2026-09-17	0	0	50	66-30 쿨링민트	마카롱
42744	2026-09-17	0	0	31	65-30 쿨링민트	마카롱
42733	2026-09-17	0	0	22	55-30	피논
42724	2026-09-17	0	0	117	64-30 비겁이	마카롱
42723	2026-09-17	0	0	7	81-30 쿨만 클리어 	샤넬바디워시
42699	2026-09-17	0	0	230	206-30 쿨민덱(209-30도 이덱으로)	Dior
42665	2026-09-17	1	0	327	248-30 구스테 돌파 기록용	쿠키런존잼
42660	2026-09-17	35	7	1929	경험치 던전 공략(499단계)ㅡ온몸비틀기 	도덕킹
42644	2026-09-17	3	6	325	246-30 공략:-)	별이꽁
42630	2026-09-17	15	11	3012	길드 토벌전 957억 공략	서신우
42584	2026-09-17	0	0	83	무과금 118-30 쿨민덱	배나온건이
42554	2026-09-17	3	0	276	230-18 레드베리 암살자	질퍽이와메타몽의차이
42547	2026-09-17	50	11	2081	경던 경험치 던전 덱 공유 및 컨트롤 공유 (현 471층)	고기파이
42520	2026-09-17	5	0	696	248지까지 클리어한 모든 스테이지 통합본 공략	서신우
42508	2026-09-17	3	0	355	216-30 비겁	얌얌
42492	2026-09-17	0	0	305	235-30 비겁이 클리어덱 기록용	나인
42486	2026-09-17	3	4	363	무과금 195-10 바이커 클리어덱 공유 259M	명두부
42485	2026-09-17	0	2	166	무과금 194-30 쿨민 클리어덱 공유 237M	명두부
42473	2026-09-17	94	11	2745	일일 던전 덱 공유	도미
42460	2026-09-17	16	6	1035	경험치 던전, 경던 공략(현463 층)	고기파이
42453	2026-09-17	2	0	386	211-10 쥐돌이 공략 덱	루시루떡
42449	2026-09-17	1	2	419	208-30 비겁이 공략 덱	루시루떡
42440	2026-09-17	2	1	413	243-10 바이커 클	크림쿠키
42390	2026-09-16	4	0	230	246-20 공략:-)	별이꽁
42387	2026-09-16	0	5	780	형누님들 아레나 좀 도와주십쇼 ...ㅠㅠ 오네가이	피띠
42386	2026-09-16	0	3	244	195-10 쥐토바이 기록	쪼망
42383	2026-09-16	0	0	442	240-30 비겁이 클리어덱	운영수준
42382	2026-09-16	4	11	188	246-10 공략:-)	별이꽁
42365	2026-09-16	13	1	1087	[일일던전] 1번 보스 : 경험치 던전	뱅국
42346	2026-09-16	0	0	249	203-10 쥐토바이덱	Dior
42318	2026-09-16	1	0	206	245-20 공략:-)	별이꽁
42299	2026-09-16	1	1	202	40-30 비겁이(체리콜라덱)	마카롱
42259	2026-09-16	0	0	86	62-30 쿨링민트	마카롱
42253	2026-09-16	0	0	185	195-10 쥐돌이 기록용 :)	쫑비
42231	2026-09-16	0	2	386	던전 쿠키 레벨업 사소한팁	라고
42227	2026-09-16	0	3	389	219-30 비겁이 477M	주드주드
42206	2026-09-16	0	3	134	살려주세요	유자차
42192	2026-09-16	1	0	286	211-30 437.25m 비겁한 쿠키 클리어덱	버찌야
42188	2026-09-16	2	13	383	235-10 540.2m	월린
42183	2026-09-16	0	0	192	176-30 클리어덱	간식타임
42177	2026-09-16	2	0	461	무과금 192-30 비겁이 클리어덱 공유 219M	명두부
42167	2026-09-16	0	0	191	248-30 깬후에 퀘스트보상	벤벡크만
42152	2026-09-16	28	25	2148	오랜만에 스테이지 덱 공유합니다(에스프레소 밀키웨이 사격덱 전용)	곰은사람을찢어
42148	2026-09-16	0	4	63	102-20 망치공주 클리어덱	떼정이
42146	2026-09-16	5	2	512	211-10 447.02m 폭주단바이커 클리어덱	버찌야
42096	2026-09-16	0	1	317	비쿠 공략덱(노 전갈)	빠구링
42067	2026-09-16	1	0	334	232-30 비겁이 클리어덱 기록용	나인
42052	2026-09-16	4	4	582	243-30 공략:-)	별이꽁
42016	2026-09-16	4	5	793	200-30 비겁이덱(이후 비겁이는 이걸로 다 깨는 중)	Dior
42012	2026-09-16	0	1	305	선인장 거미 공략🌵	번번
42011	2026-09-16	0	0	149	213-10,20,30 그루터기 클리어덱	폼생
41996	2026-09-16	0	0	203	230-30 쿨민이 클리어덱 기록용	나인
41995	2026-09-16	1	7	298	무과금 190-30 쿨민 클리어덱 공유 214M	명두부
41983	2026-09-16	5	5	1810	아레나 치즈덱 공략	서신우
41949	2026-09-16	1	1	385	230-12 레드베리암살자 다수 클리어덱 기록용	나인
41946	2026-09-16	3	0	429	248 30 글이 없어서 올려봅니다	랜덤박스린생
41941	2026-09-16	1	2	229	236-10 독수리	셀레스틴111
41933	2026-09-16	0	0	73	67-30 드디어 클..	까까런쪼아
41916	2026-09-15	0	0	23	61-20 , 61-30 그루터기	마카롱
41896	2026-09-15	7	11	696	243-10 공략:-)	별이꽁
41892	2026-09-15	1	4	361	232-30 507.5m	월린
41880	2026-09-15	0	0	156	212-10,20,30 클리어덱	폼생
41844	2026-09-15	4	14	258	242-30 공략:-)	별이꽁
41839	2026-09-15	0	0	308	211-10 쥐 삼형제 컷 411m	력벗
41826	2026-09-15	0	0	147	59-10 폭주단바이커 / 59-20 폭주단트럭 / 59-30 비겁이	마카롱
41824	2026-09-15	1	0	407	221스테이지 연타덱 / 221-20, 221-30 그루터기	은솔
41807	2026-09-15	0	0	61	🛡️ 13Lv 카페인한스푼 길드원 1분 모집합니다!	뭔디
41806	2026-09-15	0	0	95	229-30 그루터기 클리어덱 기록용	나인
41798	2026-09-15	2	2	420	219-30 비겁이 클리어덱	싱동
41791	2026-09-15	1	0	129	241-30 공략:-)	별이꽁
41732	2026-09-15	6	11	782	240-30 공략:-)	별이꽁
41691	2026-09-15	1	1	79	58-30 쿨링민트	마카롱
41679	2026-09-15	0	0	117	폭탄광(+영상추가)	논리적인고구마
41657	2026-09-15	1	0	413	219-10 바이크 클리어덱	싱동
41639	2026-09-15	4	6	626	224-30 비겁이 클리어 덱 / 550M 용병단 3렙	머핀이
41575	2026-09-15	1	0	233	227-30 비겁이 클리어덱 기록용	나인
41562	2026-09-15	0	1	172	176-30 비겁이 클리어덱 기록	이슬람 마카체프
41500	2026-09-15	206	48	6396	⭐연두네 크럼블 길잡이 (이미지 버전)	쿠키런 연두
41476	2026-09-15	1	1	353	224-30 비겁	마이하트
41472	2026-09-15	0	3	54	57-30 쿨민 12.2M 클	폭주젤리1
41462	2026-09-15	0	0	462	227-10 삼토바이 클리어덱 기록용	나인
41443	2026-09-15	0	0	269	251-30 비겁이	종사자
41436	2026-09-15	0	5	329	211-30 비겁이 클리어덱	폼생
41430	2026-09-15	2	0	356	216-30 비겁이 클덱	울랄라빡영
41427	2026-09-15	2	1	480	235-10 바이커 클	크림쿠키
41419	2026-09-15	0	0	213	211-20 트럭 클리어덱	폼생
41403	2026-09-15	0	0	341	211-10 쥐토바이 클리어덱	폼생
41400	2026-09-15	0	0	179	226-30 쿨민이 클리어덱 기록용	나인
41372	2026-09-15	0	0	95	56-30 11.6M  최저투력 3트클	폭주젤리1
41324	2026-09-14	0	0	256	210-30 쿨민 클리어덱	폼생
41321	2026-09-14	1	1	189	210-30 쿨민 클리어 조합 공유	지젤
41315	2026-09-14	0	0	74	209-10,20,30 쿨민 클리어덱	폼생
41313	2026-09-14	0	0	403	오프라인 보상 상자 증가 구간 및 전투력 커트라인 정리	POPOE
41312	2026-09-14	0	0	17	57-30 쿨링민트 / 우유5성	마카롱
41304	2026-09-14	1	2	470	208-30 비겁이 클리어덱	폼생
41303	2026-09-14	0	0	78	208-10,20 클리어덱	폼생
41301	2026-09-14	0	0	90	56-30 비겁이 돌파력300달성	마카롱
41284	2026-09-14	0	1	62	207-10,20,30 클리어덱	폼생
41255	2026-09-14	0	0	322	203-30 비겁이 클리어 조합 공유	지젤
41245	2026-09-14	1	0	266	206-20,30 망치공주 쿨민 클리어덱	폼생
41237	2026-09-14	0	0	64	75-30 비겁 클리어. 	샤넬바디워시
41221	2026-09-14	214	62	7782	[TIP] 장비 메타 간단 정리	사계
41204	2026-09-14	0	0	153	198-10 레드베리암살자 클덱 기록용	의료선
41173	2026-09-14	1	4	102	10-30 도와주세요	Woogenie
41159	2026-09-14	1	0	288	224-30 비겁이 클리어덱 기록용	나인
41158	2026-09-14	0	0	42	74-30 쿨민 클리어. 	샤넬바디워시
41131	2026-09-14	2	2	352	176-30 비겁이덱 (노컨)	mintsoo
41078	2026-09-14	0	2	354	200-30 비겁이 덱	ach
41015	2026-09-14	10	11	575	무과금 187-30 비겁이 클리어덱 공유 198M	명두부
41002	2026-09-14	1	3	373	194-30 쿨민 클리어덱(그냥 놔둬도 깨짐)	이강깜쥬
40966	2026-09-14	0	4	52	11렙 길드 -집사모임- 길드원 2분 모셔요~~(28/30)	대박 게임을 찾아서
40948	2026-09-14	1	2	183	205-20,30 그루터기 클리어덱	폼생
40853	2026-09-14	0	2	212	무과금 185-30 쿨민 클리어덱 공유 200M	명두부
40844	2026-09-14	0	0	115	86-30 쿨민	크블
40835	2026-09-14	0	0	47	86-20 망치공주	크블
40831	2026-09-14	5	9	544	무과금 184-30 비겁이 클리어덱 공유 191M	명두부
40792	2026-09-13	0	3	500	171-30 무과금 덱	쭈영법사
40787	2026-09-13	1	1	94	54-10 암살자 / 54-20 늑대망치 / 54-30 쿨링민트 체리6성	마카롱
40780	2026-09-13	0	0	87	51-30 비겁이 허브5성	마카롱
40777	2026-09-13	5	4	572	222-30 쿨링민트 공략 덱(영상O) / 용병단 3렙 / 497M 537k	머핀이
40730	2026-09-13	0	0	98	64-30 드디어 클..	까까런쪼아
40719	2026-09-13	0	0	303	211-30 비겁이덱	싱동
40716	2026-09-13	0	0	124	51-10 폭주단바이커 /51-20 폭주단트럭	마카롱
40698	2026-09-13	0	2	359	슈가룬 공격력 도데체 뭐랑 곱연산이란거예요?	이이익
40695	2026-09-13	0	1	107	50-30 쿨링민트	마카롱
40688	2026-09-13	0	0	101	204-10,20,30 클리어덱	폼생
40675	2026-09-13	5	3	534	211-10 바이커 클리어덱	싱동
40671	2026-09-13	0	4	252	38-30 쿨링민트(체리콜라덱)	마카롱
40660	2026-09-13	1	0	800	토벌덱	논리적인고구마
40624	2026-09-13	0	0	399	203-30 비겁이 클리어덱	폼생
40559	2026-09-13	0	0	48	49-30 쿨링민트	마카롱
40523	2026-09-13	1	0	237	187-30	참견의정도
40520	2026-09-13	1	0	95	48-30 비겁이 이온5성	마카롱
40490	2026-09-13	0	0	140	72-30 비겁 쉽게 클리어하는 덱	샤넬바디워시
40489	2026-09-13	27	8	3222	방어와 변수 메타, 새로운 아레나 덱 추천 (높은 투력 상대 승률 높음)	올렐레오로리
40476	2026-09-13	5	13	520	238-30 공략:-)	별이꽁
40460	2026-09-13	3	4	320	238-20 공략:-)	별이꽁
40443	2026-09-13	1	0	432	216-30 비겁이 클리어덱 기록용	나인
40394	2026-09-12	3	0	314	237-20 공략:-)	별이꽁
40385	2026-09-12	2	12	840	235-30 공략:-)	별이꽁
40384	2026-09-12	0	0	160	10-30 쿨링민트 (우유×,체리콜라O)	마카롱
40380	2026-09-12	0	1	164	201-10,20,30 쿨민 클리어덱	폼생
40375	2026-09-12	3	9	794	243-10 쥐돌이 노전갈덱	s440 악마
40370	2026-09-12	0	0	62	72-30 덱	촉촉한초코
40338	2026-09-12	0	3	458	200-30 비겁이 클리어덱	폼생
40322	2026-09-12	0	0	57	199-20,30 클리어덱	폼생
40311	2026-09-12	0	0	183	203-30 기록용	헤이키즈
40306	2026-09-12	0	1	264	211-10	얌얌
40296	2026-09-12	5	2	865	216-30 219-30 비겁이 공략 / 용병단 3렙	머핀이
40291	2026-09-12	4	2	450	235-20 공략:-)	별이꽁
40283	2026-09-12	4	4	602	192-30 35% 212M	새우튀김맛
40281	2026-09-12	0	0	112	70-30 쿨민 그냥 무조건 7시가서 때리면 쉽게 클리어해요	샤넬바디워시
40267	2026-09-12	8	19	981	235-10 공략:-)	별이꽁
40223	2026-09-12	2	2	710	208-30 비겁한 쿠키 386M	오리는꽥꽥
40222	2026-09-12	703	113	21049	공략 모음 (최종수정일 2026.09.14)	오리는꽥꽥
40218	2026-09-12	15	0	1084	종합 정보 시트	도미
40215	2026-09-12	0	0	94	99-30 비겁이 클리어덱	떼정이
40200	2026-09-12	1	0	352	198-10,20,30 망치공주 쿨민  클리어덱	폼생
40197	2026-09-12	1	5	195	32-30 스테이지 공략 질문	무민나라
40170	2026-09-12	0	0	25	98-30 쿨민 클리어덱	떼정이
40161	2026-09-12	3	4	873	235-30 비겁 최적덱 43%투력(588m)	뭔디
40138	2026-09-12	0	0	39	47-30 도마뱀 피노누아8성	마카롱
40131	2026-09-12	2	2	222	234-30 공략:-)	별이꽁
40123	2026-09-12	0	1	142	107-10 연타덱 자동 60M	이듀잉
40109	2026-09-12	0	0	47	68-30 무과금 보스덱 	샤넬바디워시
40106	2026-09-12	0	0	54	56-30 드디어 클..	까까런쪼아
40104	2026-09-12	12	0	1931	체리콜라 활용 신규 스테이지 덱 추천 / 쿨링민트, 그루터기, 비겁한쿠키, 망치공주 덱 따로 공유	올렐레오로리
40084	2026-09-12	0	2	171	46-20 늑대망치 / 46-30 쿨링민트 체리콜라5성	마카롱
40080	2026-09-12	16	9	1112	공공의 적 레드베리 암살자 파괴공략법(영상시청필수)	금도끼
40063	2026-09-12	0	3	637	마카롱만 쓰는이유	열이에요
40052	2026-09-12	0	1	249	노움 길드 연구소 궁금증..	개쳐
40027	2026-09-12	0	0	26	97-30 쿨민 클리어덱	떼정이
39988	2026-09-12	0	1	462	184ㅡ30. 무과 전갈x	시아시아시아
39958	2026-09-12	0	0	191	67-30 비겁은 언제나 힘들어 체리콜라맛	샤넬바디워시
39954	2026-09-12	2	8	495	무과금 179-30 비겁이 클리어덱 공유 161M	명두부
39946	2026-09-12	0	0	164	238-30 쿨민 잡기	s440 악마
39916	2026-09-12	1	1	88	180-10 독수리 클리어덱	쫑비
39897	2026-09-12	2	0	134	238-20 망치부인 2트클 덱 공유	s440 악마
39869	2026-09-12	0	0	408	211-30 비겁이 클리어덱 기록용	나인
39866	2026-09-12	0	0	39	46-10 암살자	마카롱
39829	2026-09-11	0	3	262	197-10,20,30 그루터기 클리어덱	폼생
39828	2026-09-11	2	0	175	233-30 공략:-)	별이꽁
39821	2026-09-11	1	1	68	45-20 그루터기 / 45-30 그루터기	마카롱
39818	2026-09-11	5	9	850	232-30 공략:-)	별이꽁
39795	2026-09-11	1	8	263	43-30 비겁이 돌파력200달성	마카롱
39771	2026-09-11	2	1	310	237-10 독버섯 오토덱	삼파파
39760	2026-09-11	0	0	340	219-30 비겁한쿠키 클리어덱	AKUTA
39754	2026-09-11	0	3	69	403 0 도와주새요 ㅠㅠ	이휴피
39742	2026-09-11	0	0	161	66-30 쿨민 체리콜라맛 쿠키	샤넬바디워시
39733	2026-09-11	0	0	88	43-20 폭주단트럭 석류5성	마카롱
39724	2026-09-11	0	3	97	43-10 폭주단바이커	마카롱
39715	2026-09-11	78	14	4195	아레나	신비한쿠키사전
39713	2026-09-11	1	5	124	42-30 쿨링민트	마카롱
39710	2026-09-11	224	40	8134	NEW 스테이지 덱	신비한쿠키사전
39702	2026-09-11	0	12	842	259-10 폭주단 바이크 (쥐돌이, 쥐바이크) 하향??	악림
39642	2026-09-11	0	2	948	마카롱 개쎕니다 진짜로	뭔디
39638	2026-09-11	1	1	409	232-30 권투1.261m  / 539m(43%) 클덱	뭔디
39585	2026-09-11	0	2	188	38-30 쿨민 3.5M	iliiilllil
39569	2026-09-11	2	0	104	최신덱))59-10(쥐 세 마리)	왓뚜
39554	2026-09-11	66	15	2307	232-1 551m(45%) 유저의 스테이지 등반덱 추천	뭔디
39549	2026-09-11	2	0	684	235-10 딜 부족 뜨면 이 덱을 해보세요	삼파파
39508	2026-09-11	1	2	346	무과금 179-10 쥐돌이 클리어덱 공유	명두부
39480	2026-09-11	0	0	335	200-30 기록용	헤이키즈
39440	2026-09-11	495	73	13549	9/11 업데이트 이후 슈가룬	신비한쿠키사전
39438	2026-09-11	2	0	214	196-10,20,30 클리어덱	폼생
39436	2026-09-11	272	22	8711	일일던전 9/11 (경험치/코인/반죽/연구석/슈가룬)	신비한쿠키사전
39424	2026-09-11	1	3	245	32-30 비겁이	참깨호떡
39392	2026-09-11	2	3	744	195-30 비겁이 킇리어덱	폼생
39350	2026-09-11	3	10	338	232-20 공략:-)	별이꽁
39345	2026-09-11	6	1	1789	길드 토벌전 654억 공략	서신우
39315	2026-09-10	5	4	517	230-30 공략:-)	별이꽁
39312	2026-09-10	5	0	320	230-20 공략:-)	별이꽁
39311	2026-09-10	2	2	255	229-20 / 229-30 공략:-)	별이꽁
39308	2026-09-10	0	6	875	게임시작 완무과금 덱추천 요	경남으넹
39302	2026-09-10	0	0	73	41-30 쿨링민트	마카롱
39291	2026-09-10	4	0	971	227-30 공략:-)	별이꽁
39290	2026-09-10	0	1	182	223-30 (585M) 와플 도마뱀	카카쿠
39288	2026-09-10	2	4	262	40-30 비겁이	마카롱
39279	2026-09-10	2	15	1221	227-10 공략:-)	별이꽁
39268	2026-09-10	0	0	65	40-29 체리콜라3성	마카롱
39257	2026-09-10	0	0	42	40-26 / 40-28 활11강달성	마카롱
39241	2026-09-10	0	0	78	220-20 (565M) 망치부인	카카쿠
39234	2026-09-10	0	0	54	40-19 피겨5성 (검10강달성)	마카롱
39230	2026-09-10	0	0	41	72-30  30.65M	크블
39205	2026-09-10	1	13	918	ㅁㅊ대체 어떻게 깨나요....?	하늘맑은하늘
39199	2026-09-10	4	6	402	226-30 공략:-)	별이꽁
39197	2026-09-10	1	0	70	96-30 비쿠 클리어	떼정이
39187	2026-09-10	1	1	961	경험치 던전 더이상 안밀리는데 도와주세요ㅠ	머가머가
39171	2026-09-10	2	5	240	225-30 공략:-)	별이꽁
39167	2026-09-10	0	0	305	195-30 기록용	헤이키즈
39149	2026-09-10	1	0	496	64-30 비겁 클리어 체리콜라 맛 쿠키 으로 무과금	샤넬바디워시
39141	2026-09-10	0	2	179	32-30 스팩부족인가 아이스크림 처럼 녹아버리네요 ...ㄷㄷ	개쳐
39134	2026-09-10	1	0	376	202-30 쿨링민트맛 쿠키 317M	오리는꽥꽥
39118	2026-09-10	0	1	40	친추이벤	강타민
39103	2026-09-10	0	2	366	219-30 (520m) 비겁	카카쿠
39089	2026-09-10	5	0	705	224-30 공략:-)	별이꽁
39086	2026-09-10	1	0	115	시작한지 3일차인 아가뉴비 도와주세요	온유한일상
39075	2026-09-10	2	1	728	219-10 (521M) 쥐돌이	카카쿠
39035	2026-09-10	5	0	1839	체리콜라 쿠키끼고 임시 아레나덱 (개인적인 생각)	뱅국
39025	2026-09-10	4	1	1602	9월 10일 업데이트 내용 정리, 요약 공지사항 정리, 체리콜라맛 쿠키 리뷰	올렐레오로리
38620	2026-09-10	0	0	95	94-30 쿨민 클리어덱	떼정이
38575	2026-09-10	1	0	542	192-30  기록용	헤이키즈
38529	2026-09-09	2	2	323	암살자 쉽게잡는법	POPOE
38523	2026-09-09	1	6	600	스테 확장 전 248-30 비겁이 클 (838M) 	S2 미나미
38491	2026-09-09	1	2	318	247-30 용암 슈가 와플 도마뱀 (화산지대)	악림
38483	2026-09-09	1	0	187	38-30 쿨링민트	마카롱
38481	2026-09-09	4	4	288	246-30 쿨링민트(쿨민) 광장, 쫄	악림
38480	2026-09-09	0	0	251	246-29 식쿠식물	악림
38477	2026-09-09	1	0	161	246-20 망치공주	악림
38475	2026-09-09	0	0	79	46-30 드디어 클..	까까런쪼아
38474	2026-09-09	0	0	435	216-30 비겁이 클리어 덱	성민성
38471	2026-09-09	3	4	489	246-10 레드베리 암살자 12(닌자)	악림
38468	2026-09-09	2	0	368	243-30 비겁한쿠키(비겁이)	악림
38465	2026-09-09	2	1	652	243-10 폭주단바이커(쥐돌이)	악림
38459	2026-09-09	0	0	159	식쿠식물 공략 (238-7)	서신우
38453	2026-09-09	0	0	215	218-30 (505M) 쿨민	카카쿠
38430	2026-09-09	0	0	309	195-30 클리어덱	싱동
38420	2026-09-09	1	2	76	246-10(793M)	S2 미나미
38417	2026-09-09	3	10	414	레드베리 암살자 공략 (238-2)	서신우
38411	2026-09-09	1	0	127	(성인전용) 쿠키런 크럼블 정보 공유방 신설하였습니다.	홍서리
38405	2026-09-09	0	3	254	194-30 쿨민 클리어덱	폼생
38392	2026-09-09	0	0	592	195-10 클리어덱	싱동
38358	2026-09-09	5	7	1169	연타덱으로 막히는 분들 이거 써보세요	논리적인고구마
38355	2026-09-09	0	0	91	62-30 생존신고용 	샤넬바디워시
38270	2026-09-09	0	0	277	190-30 쿨링민트 쿨민 기록용	논리적인고구마
38265	2026-09-09	0	0	84	94-20 망치공주 클리어덱	떼정이
38258	2026-09-09	0	0	128	194-30 클리어덱	싱동
38207	2026-09-09	0	0	283	200-30 클	얌얌
38165	2026-09-09	0	0	104	194-10,20 클리어덱	폼생
38119	2026-09-09	0	0	46	36-30 클리어덱 (유지력+전갈)	왓뚜
38015	2026-09-09	0	1	310	243-30 비겁이 클 (760M)	S2 미나미
37900	2026-09-09	0	1	323	216-30 (481M) 비겁	카카쿠
37827	2026-09-09	0	0	64	188-10	도산이익
37809	2026-09-09	2	2	335	205-20 205-30 그루터기 정령 공략 (찌질함 주의..)	머핀이
37788	2026-09-09	3	0	894	195-30 비겁이 권투력 35% 공략 ( 개인적인 생각 )	dhef9965
37717	2026-09-09	0	0	174	194-30 쿨민이 클리어덱 기록용	나인
37697	2026-09-09	1	0	222	6번 보스 : 그루터기 정령, 초코 왕방불, 스노우볼 설인 (조작감 개편)	뱅국
37669	2026-09-09	1	4	174	193-30 쿨민 클리어덱	폼생
37667	2026-09-09	0	0	97	193-10,20 클리어덱	폼생
37658	2026-09-09	1	0	608	192-30 비겁이 클리어덱 기록용	나인
37634	2026-09-09	2	3	550	192-30 비겁이 클리어덱	폼생
37631	2026-09-09	0	0	76	192-10,20 클리어덱	폼생
37622	2026-09-09	2	10	458	3일차된 뉴비인데	간장요리최강
37601	2026-09-09	0	0	167	오류? 실수?	SKX
37589	2026-09-09	0	1	200	32-30 비겁한 쿠키 도와주세요ㅠㅠ	소리
37565	2026-09-08	4	4	504	242-30 쿨링민트(쿨민) 해안, 쫄몹	악림
37563	2026-09-08	7	4	1154	203-30 비겁이 공략 / 328M	머핀이
37553	2026-09-08	1	0	112	241-30 쿨링민트(쿨민) 노쫄 쿨민	악림
37552	2026-09-08	4	1	520	이제는 너무 쉬워진 35퍼 쿨링민트 공략 (234-30)	럼블이
37544	2026-09-08	0	0	48	31-30	아키서스
37537	2026-09-08	0	2	561	경험치던전 321	머가머가
37536	2026-09-08	2	0	90	38-20 늑대망치공주 (용병단레벨3)	마카롱
37530	2026-09-08	3	0	365	198-30 쿨링민트	은솔
37528	2026-09-08	0	0	167	198-20 망치공주	은솔
37522	2026-09-08	0	0	65	30-30	아키서스
37489	2026-09-08	0	1	66	38-10 레드베리암살자	마카롱
37445	2026-09-08	0	0	92	37-30 그루터기 (펫3마리)	마카롱
37417	2026-09-08	2	1	166	191-10,20,30 그루터기 클리어덱	폼생
37415	2026-09-08	1	0	820	203-10 쥐돌이 클리어 공략 / 325M 23k	머핀이
37406	2026-09-08	2	2	113	193-30 클리어덱	싱동
37404	2026-09-08	0	0	38	93-20 그루터기 클리어덱	떼정이
37387	2026-09-08	2	6	643	232-30 이틀만에 클리어한 35퍼 비겁이 영상	럼블이
37373	2026-09-08	1	8	524	190-20,30 망치공주 쿨민 클리어덱	폼생
37360	2026-09-08	0	0	42	37-20 그루터기	마카롱
37357	2026-09-08	4	0	492	비겁이는 이거로 그냥 깸	뭔디
37347	2026-09-08	1	0	376	187-30 기록용	논리적인고구마
37282	2026-09-08	1	1	166	80-30 36m	뚱띠
37220	2026-09-08	0	3	121	길드12레벨 길드원 한분 모셔요	zipoo88
37219	2026-09-08	3	8	417	227-30 비겁이 30% 클리어덱 저장용	바삭
37195	2026-09-08	1	5	544	200-30 비겁이 공략 / 299M 362K	머핀이
37175	2026-09-08	8	6	589	222-30 공략:-)	별이꽁
37166	2026-09-08	5	8	413	222-20 공략:-)	별이꽁
37106	2026-09-08	1	2	1013	일던 경험치 투력 낮아서 자꾸 죽을 때	슬리핑에그
37061	2026-09-08	0	0	442	187-30 비겁이 클리어덱 기록용	나인
37045	2026-09-08	0	1	203	226-30 쿨링민트 35%클	어무이
37023	2026-09-07	0	1	124	35-30 비겁이	마카롱
37018	2026-09-07	11	22	1492	235-10 쥐돌이 35퍼 클	S2 미나미
37015	2026-09-07	2	1	497	베테랑 용병단의 생크림콘 독수리 최신 공략	서신우
37011	2026-09-07	2	0	439	명랑 없이도 클리어 가능한 뱀파덱 공략	서신우
37010	2026-09-07	1	0	533	224-30 비겁이 35% 클리어	어무이
36987	2026-09-07	1	0	94	43-30 드디어 클..	까까런쪼아
36986	2026-09-07	0	1	451	214-30 413.83M 클리어덱 공유	우앙구욷
36977	2026-09-07	6	1	422	쿨링민트맛 쿠키 공략	백산
36949	2026-09-07	2	0	648	219-30 비겁이 복지3 명랑x덱	랜덤박스린생
36929	2026-09-07	0	0	68	35-20 드디어 우유나왔다!!!!!	마카롱
36928	2026-09-07	0	0	504	192-30 클리어덱	싱동
36873	2026-09-07	0	0	147	34-30  쿨링민트 피노누아7성	마카롱
36853	2026-09-07	3	1	377	187-20 트럭 기록용	논리적인고구마
36846	2026-09-07	7	1	527	168스테이지까지 밀면서 쓴 덱들	은솔
36840	2026-09-07	2	1	609	192-30 비겁한 쿠키 35% 영상	오리는꽥꽥
36838	2026-09-07	0	0	152	196-10	은솔
36837	2026-09-07	0	2	402	192-30 비겁한쿠키, 193-30 쿨링민트맛쿠키	질퍽이와메타몽의차이
36831	2026-09-07	3	4	308	221-20 공략:-)	별이꽁
36801	2026-09-07	0	0	135	91-30 비겁 클리어덱	떼정이
36794	2026-09-07	0	0	133	215-30 (464M) 와플도마뱀	카카쿠
36762	2026-09-07	3	9	508	220-10 공략:-)	별이꽁
36743	2026-09-07	6	6	595	219-30 공략:-)	별이꽁
36690	2026-09-07	0	0	328	195-30 비겁한쿠키	은솔
36687	2026-09-07	19	12	2046	200스테위분들 막히시면 이 쿠키 써보세요!	가즈으아앙
36683	2026-09-07	0	0	541	9월 10일 업데이트 예고, 체리콜라맛 쿠키 출시?	올렐레오로리
36666	2026-09-07	0	0	105	83-30 32m	뚱띠
36660	2026-09-07	1	0	270	214-20 (460M) 망치부인	카카쿠
36591	2026-09-07	0	0	80	90-10 바이커 클리어덱	떼정이
36573	2026-09-07	0	2	79	30-30 도와주실분..ㅠ	소리
36563	2026-09-07	0	0	77	90-30 쿨민 클리어덱	떼정이
36558	2026-09-07	149	17	6677	토벌전 치케 고점 로또덱 공유	도미
36522	2026-09-07	0	0	227	187-30 기록용	헤이키즈
36467	2026-09-06	42	8	1907	스테이지 덱 9/7	신비한쿠키사전
36465	2026-09-06	2	2	357	189-10,20,30 그루터기 클리어덱	폼생
36437	2026-09-06	0	0	186	188-10,20,30 클리어덱	폼생
36436	2026-09-06	5	5	1133	208-30 10트 클리어 덱	정주환
36417	2026-09-06	2	2	289	212-10 (430M) 생크림콘 독수리	카카쿠
36404	2026-09-06	4	1	697	211-30 (416M) 비겁	카카쿠
36403	2026-09-06	0	0	66	82-30 31m	뚱띠
36398	2026-09-06	0	0	720	211-10 쥐돌이 클리어덱	성민성
36394	2026-09-06	35	2	1075	내가 보려고 올리는 보스별 공략	딸 꾺
36384	2026-09-06	0	0	60	89-30 쿨민 클리어덱	떼정이
36305	2026-09-06	0	2	575	온몸비틀기	아로집사
36302	2026-09-06	0	0	35	조언좀 부탁드립니다	먀묨
36291	2026-09-06	0	4	171	37-20 그루터기 무과금	깜ㅈㅏ
36272	2026-09-06	0	0	182	32-10 / 32-30 비겁이	마카롱
36252	2026-09-06	0	0	98	58-30 쿨민 클리어	샤넬바디워시
36238	2026-09-06	3	5	386	202-30 쿨민 35퍼	앗롷라ㅛ
36231	2026-09-06	54	16	5128	길드 토벌전	신비한쿠키사전
36193	2026-09-06	0	2	617	187-30 비겁이 클리어덱	폼생
36184	2026-09-06	4	5	1070	187-10,20 쥐토바이 트럭 클리어덱	폼생
36146	2026-09-06	0	0	170	189-30 오염된 그루터기 정령 216M	오리는꽥꽥
36135	2026-09-06	0	4	95	57-30 쿨민 클리어. 7시가서 때리세요	샤넬바디워시
36133	2026-09-06	2	0	298	망치공주 꿀팁🔨 (174-20 / 약 144M)	쿠키맛노움
36111	2026-09-06	0	0	94	56-30	뿅뿅하다뿅뿅한
36102	2026-09-06	1	0	194	170-30 쿨민 클덱	레니군단
36071	2026-09-06	0	4	244	5번 보스 : 비겁한 쿠키 (조작감 개편)	뱅국
36068	2026-09-06	2	1	270	바이크 3인방 첫 공격 파훼법	뱅국
36061	2026-09-06	1	2	139	86-30 쿨민 클리어덱	떼정이
36024	2026-09-06	0	0	163	115-30 비겁 원클	라잇호
36022	2026-09-06	1	0	88	205-30	이즈빈
35978	2026-09-05	1	1	671	184-30	헤이키즈
35976	2026-09-05	0	0	194	56-30 비겁 무과금 원트에 클리어	샤넬바디워시
35972	2026-09-05	6	6	509	187-30 비겁한 쿠키 190M	오리는꽥꽥
35966	2026-09-05	4	6	906	187-10 폭주단 바이커 207M	오리는꽥꽥
35965	2026-09-05	0	0	205	202-30 딱렙 클리어덱	번번
35955	2026-09-05	9	20	1701	219-10 공략:-)	별이꽁
35954	2026-09-05	0	6	358	안녕하세요. 덱구성좀 도와주실수있을까요	민원재
35953	2026-09-05	0	0	657	208-30 비겁이 클리어덱	성민성
35921	2026-09-05	0	0	154	187-30 클리어덱	싱동
35919	2026-09-05	1	1	686	211-10 (419M) 쥐트리오	카카쿠
35910	2026-09-05	7	9	570	218-30 공략:-)	별이꽁
35882	2026-09-05	95	29	3433	스테이지 덱 추천 (쿨링민트, 비겁한 쿠키 등)	ROYAL
35881	2026-09-05	0	0	157	99-10 폭주단 바이커 기록용 전갈x	이슬람 마카체프
35880	2026-09-05	0	0	34	31-10 / 31-30 돌파력100달성	마카롱
35875	2026-09-05	0	0	170	112-30 비겁이 소과금컷	라잇호
35862	2026-09-05	0	2	994	195-10,195-30 기록용	뇽늉냥뇽
35841	2026-09-05	11	8	908	비겁한 쿠키 공략	백산
35840	2026-09-05	6	5	301	217-30 공략:-)	별이꽁
35813	2026-09-05	1	2	440	179-10 183M937K 수원	인계동159
35811	2026-09-05	1	0	514	187-10 엿같은 바이커덱	싱동
35808	2026-09-05	0	0	26	 81-30 27m 	뚱띠
35779	2026-09-05	8	20	1183	216-30 공략:-)	별이꽁
35705	2026-09-05	2	0	309	179 10	광주광역시 세주니팜
35702	2026-09-05	2	3	885	240-30 비겁한쿠키(비쿠) 클리어 영상	악림
35620	2026-09-05	3	2	496	186-30 클리어덱	싱동
35615	2026-09-05	3	1	898	비겁이는 왜 이렇게 비겁한 걸까🤔(171-30 129M 클)	쿠키맛노움
35607	2026-09-05	0	0	83	30-30  쿨링민트 (나만없어우유!)	마카롱
35567	2026-09-05	0	2	388	190-30 공략	trinityty
35559	2026-09-05	1	0	583	208-30 (384M) 비겁	카카쿠
35510	2026-09-05	0	1	969	203-10 노답 바이커 클	크림쿠키
35506	2026-09-05	1	2	446	203-30 클리어 조합 	standardlon
35452	2026-09-04	0	6	931	211-30 비겁이공략 /명랑x덱	랜덤박스린생
35440	2026-09-04	8	13	3879	이런 망겜은 접는게 답인듯	ililillli맛 쿠키
35421	2026-09-04	0	5	921	184-30 클리어덱	싱동
35402	2026-09-04	2	1	451	베테랑 용병단의 망치 공주 최신 공략	서신우
35383	2026-09-04	1	1	201	75-30 25m 	뚱띠
35368	2026-09-04	5	0	1003	베테랑 용병단의 연타덱 최신 공략	서신우
35362	2026-09-04	1	2	259	75-20 연타덱 27.42M	이듀잉
35345	2026-09-04	2	0	287	베테랑 용병단의 그루터기 정령 최신 공략	서신우
35336	2026-09-04	0	0	212	54-30 쿨만 공략	샤넬바디워시
35328	2026-09-04	0	0	38	초대코드 입력하고 댓글 달아주시면 커피기프티콘 드려용!	빠끔이
35315	2026-09-04	3	1	190	4번 보스 : 망치공주 (조작감 개편)	뱅국
35279	2026-09-04	22	4	3793	길드토벌전 추천덱, 실론나이트 ver.	올렐레오로리
35278	2026-09-04	13	3	891	35% 투력컷 비겁이를 쉽게 잡아보자 (21630 378m)	육스스
35274	2026-09-04	15	17	5974	명중, 집중 내린 후기	서신우
35265	2026-09-04	85	22	8117	나만 쓰기 아까운 아레나덱(수정)	꿀빵
35227	2026-09-04	0	0	105	33-30 투력 1.95M 클리어	결정장애자
35222	2026-09-04	28	11	1305	[비쿠] 비겁한 쿠키 전 구간 통용 클리어영상	POPOE
35207	2026-09-04	2	3	130	86-20 42m (망치공주)	포근이
35146	2026-09-04	4	0	423	186-30 쿨민 클리어덱	폼생
35139	2026-09-04	0	0	60	64-20 설탕골렘	해요피
35078	2026-09-04	0	0	103	82-30 쿨민 클리어덱	떼정이
35018	2026-09-04	0	0	147	186-10,20 클리어덱	폼생
35017	2026-09-04	4	2	233	185-30 쿨민 클리어덱	폼생
34971	2026-09-04	13	6	2545	베테랑 용병단의 아레나 최신 공략	서신우
34942	2026-09-04	5	5	850	214-30 공략:-)	별이꽁
34930	2026-09-04	5	27	853	214-20 공략:-)	별이꽁
34905	2026-09-04	4	2	390	213-30 공략:-)	별이꽁
34874	2026-09-04	4	3	1239	195-10 최소컷인듯?	티모찬
34873	2026-09-04	104	14	3371	보스별 덱 정리 (비겁/쿨민)	곰은사람을찢어
34853	2026-09-03	1	2	791	179-10 쥐돌이 폭주단 바이커 공략 / 207M 680k	머핀이
34852	2026-09-03	0	1	403	178-30 쿨민 공략 / 197M 206k	머핀이
34759	2026-09-03	2	1	849	베테랑 용병단의 바이커 최신 공략 (227-10)	서신우
34706	2026-09-03	2	1	793	211-30 비겁	웅스패밀리
34705	2026-09-03	50	4	3504	[TIP] 장비 심화 가이드	사계
34680	2026-09-03	0	0	87	53-30 그루지기 클리어 무과금덱	샤넬바디워시
34679	2026-09-03	0	0	48	53-20 그루지기 클리어 무과금덱	샤넬바디워시
34667	2026-09-03	2	0	336	베테랑 용병단의 쿨민 최신 공략 (225-30)	서신우
34657	2026-09-03	4	32	915	나를 도와줘 ~~~~~~~~ @@@@@@	별이꽁
34626	2026-09-03	9	9	569	226-30 쿨링민트 35퍼 클리어 영상 (596M)	럼블이
34596	2026-09-03	12	6	2611	딜러들한테 꼭 슈가룬으로 딜을 올리는 게 맞는 것인가	망픽
34587	2026-09-03	0	0	176	178-30 클리어덱	싱동
34573	2026-09-03	1	3	820	179-30 비겁이	따히
34553	2026-09-03	26	7	4405	길드 토벌전 397억 공략	서신우
34490	2026-09-03	1	1	159	185-10,20 클리어덱	폼생
34444	2026-09-03	0	0	193	203-11 (339M) 쥐트리오	카카쿠
34409	2026-09-03	0	2	556	비겁은 방깎을 얼마나 잘 묻히냐에 따라 나뉨.	냐챨
34395	2026-09-03	136	61	6261	227~248 35% 클리어 덱 공유 (+일부 내용 추가)	김냥냥
34296	2026-09-03	2	1	781	179-30 비겁이 (166M)	주드주드
34275	2026-09-03	0	1	618	200-30 (307M) 비겁	카카쿠
34258	2026-09-03	0	2	892	184-30 비겁이 클리어덱	폼생
34257	2026-09-03	0	1	129	184-10,20 클리어덱	폼생
34191	2026-09-03	0	0	292	174-20 망치공주	도산이익
34189	2026-09-03	1	1	499	179-20 연타덱	우기시치
34174	2026-09-03	0	2	332	비겁이 10스택 꿀팁. (pc 애뮬 이용자)	터리
34156	2026-09-03	275	50	8289	230스테까지 민 각 보스별 덱(망치공주/비겁이/쥐돌이/쿨링민트/폭주단트럭), 방치덱	꿀빵
34123	2026-09-03	6	1	709	203-30 비겁이 클리어덱	성민성
34077	2026-09-02	0	3	917	203-10 혐돌이 클리어덱	성민성
34050	2026-09-02	0	0	420	174 스테이지 공략 (레드베리 암살자, 쿨민)	머핀이
34047	2026-09-02	0	0	468	200-30 비겁이덱	성민성
34021	2026-09-02	4	0	401	213-20 공략:-)	별이꽁
33993	2026-09-02	1	0	86	10-30 쿨링민트	마카롱
33987	2026-09-02	0	2	153	183-20,30 클리어덱	폼생
33916	2026-09-02	0	3	212	3번 보스 : 쿨링민트 쿠키 (조작감 개편)	뱅국
33911	2026-09-02	5	10	1485	176-30 클리어덱	싱동
33904	2026-09-02	2	2	264	46-30 덱	촉촉한초코
33868	2026-09-02	0	0	58	158-20 망치맨 	크림조아
33801	2026-09-02	3	5	1043	211-10 쥐토바이	웅스패밀리
33768	2026-09-02	0	0	194	51-30 무과금 비겁이 클리어	샤넬바디워시
33759	2026-09-02	0	2	583	171-10 쥐돌이 클리어 덱 / 160M 331K	머핀이
33734	2026-09-02	119	11	4335	업데이트 이후 스테이지/보스별 덱 2종	눈
33662	2026-09-02	2	2	1297	초보를 위한 스테이지 초고속팁	주성치
33660	2026-09-02	0	2	1843	아레나 덱 추천	소과금유저
33584	2026-09-02	0	0	105	107-10 바이크덱 공유합니다	아이러브로드리
33582	2026-09-02	0	2	669	장비 보는 법	꼬미하니
33576	2026-09-02	2	1	893	182-30 쿨민 클리어덱	폼생
33563	2026-09-02	0	2	83	33-30 덱 공유	왓뚜
33535	2026-09-02	3	15	934	211-30 공략:-)	별이꽁
33468	2026-09-02	0	0	306	214-30 쿨민 덱공유	크림만두
33441	2026-09-02	1	1	290	182-20	김서버
33379	2026-09-02	0	0	106	크크크 치킨봇 인증	Hermes
33375	2026-09-02	1	0	409	182-10,20 망치공주 클리어덱	폼생
33340	2026-09-02	2	0	252	2번 보스 : 폭주단 트럭 + 도마뱀 (조작감 개편)	뱅국
33320	2026-09-02	11	9	1664	[TIP] 명중과 집중의 상관관계	사계
33275	2026-09-02	0	0	853	171-30 클리어덱	싱동
33258	2026-09-02	4	26	1430	211-10 공략:-)	별이꽁
33247	2026-09-02	2	0	254	181-30 그루터기 클리어덱	폼생
33246	2026-09-02	1	0	214	181-10,20 클리어덱	폼생
33245	2026-09-02	1	1	418	초보유저용 쥐토바이 자동사냥 꿀팁	방국봉
33243	2026-09-02	30	5	2420	경험치던전 클리어덱 공유	폼생
33231	2026-09-02	1	1	671	베테랑 용병단의 비겁이 최신 공략 (219-30)	서신우
33193	2026-09-01	0	0	897	195-10 쥐돌이 클리어덱	성민성
33192	2026-09-01	0	0	107	37-20	별부엉
33175	2026-09-01	3	2	277	173-20 그루터기 공략 덱	루시루떡
33144	2026-09-01	0	12	791	210-30 공략:-)	별이꽁
33133	2026-09-01	0	2	197	172-10 생크림콘 독수리 공략 덱	루시루떡
33130	2026-09-01	102	10	5177	[TIP] 쿠키런 크럼블 입문 가이드	사계
33128	2026-09-01	2	3	377	비겁이 보스 Cookie No Move 버전?(64-30)	파동Padong
33064	2026-09-01	3	1	121	180-20,30 클리어덱	폼생
33041	2026-09-01	1	1	257	50-30 쿨민 무과금덱 	샤넬바디워시
33036	2026-09-01	3	2	354	쿠키 조작감 개편으로 인해 재구성한 보스 공략법 1번 보스 : 바이크 3인방	뱅국
33019	2026-09-01	1	9	388	209-30 공략:-)	별이꽁
33011	2026-09-01	0	0	349	투력 41M의 88-30 비겁이 온몸비틀기	방학찍먹
33009	2026-09-01	0	1	155	35-30 드디어 클..	까까런쪼아
33007	2026-09-01	160	44	4862	보스덱 (쿨링민트/비겁/그루터기/망치공주)	신비한쿠키사전
32987	2026-09-01	0	0	162	180-10 클리어덱	폼생
32969	2026-09-01	3	1	650	179-30 비겁이 클리어덱	폼생
32958	2026-09-01	9	20	1371	208-30 공략:-)	별이꽁
32955	2026-09-01	2	2	1138	219-10 폭주단 바이커 최소컷(?) 영상 (용병단 3렙, 뻥투력)	럼블이
32948	2026-09-01	0	0	90	37-30 노컨 클	별부엉
32947	2026-09-01	0	6	1276	실론나이트 패키지 사야하나요?	사라은
32929	2026-09-01	8	5	2338	장비 능력치가 갑자기 바뀌신 분들 필독	밀크흑당버블티
32924	2026-09-01	2	2	478	219-30 비겁이 클 	박매력님ㅣ
32918	2026-09-01	0	0	85	173-20	이오
32915	2026-09-01	0	2	64	Lv10 조각 길드에서 한분 모십니다 (28/29)	코노
32850	2026-09-01	19	0	2061	임플란트 타워 850층 등반완료[기록용]	쿠키런존잼
32825	2026-09-01	3	3	653	198-30 (282m) 쿨민	카카쿠
32797	2026-09-01	0	0	280	40-30 비겁이 덱 추천좀 해주세요	Sjjdjfjrj
32794	2026-09-01	0	0	598	184-30 비겁이 기록용	하츠
32783	2026-09-01	2	1	565	179-30 비겁이 175M 클리어덱	천사맛쿠키
32773	2026-09-01	2	7	386	179-20 트럭 클리어덱	폼생
32770	2026-09-01	3	0	295	198-20 (280M) 망치	카카쿠
32701	2026-09-01	0	5	656	179-10 쥐토바이 클리어덱	폼생
32680	2026-09-01	0	2	311	178-30 쿨민 클리어덱	폼생
32630	2026-09-01	4	3	821	171-30 비겁이 클리어덱	폼생
32616	2026-09-01	0	3	311	178-10,20 클리어덱	폼생
32533	2026-09-01	0	0	295	177-30 쿨민 클리어덱	폼생
32509	2026-08-31	0	0	54	177-10,20 클리어덱	폼생
32501	2026-08-31	0	3	998	176-30 비겁이 클리어덱	폼생
32496	2026-08-31	0	0	95	176-20 클리어덱	폼생
32490	2026-08-31	0	0	204	175-10,20,30 클리어덱	폼생
32484	2026-08-31	761	207	25178	모르는사람들이 많은거같아서 장비 프리셋 제가하는방법 알려드림(슈가룬꿀팁추가)*사진추가 / 우유공증에대한 개인적인견해 추가(26.09.23)	레벅
32468	2026-08-31	2	2	613	187-10 쥐돌이( 전투력 75% 참고 )	성민성
32456	2026-08-31	0	3	555	174-30 쿨민 클리어덱	폼생
32454	2026-08-31	3	2	787	195-30 (259M) 비겁	카카쿠
32435	2026-08-31	5	6	913	206-30 공략:-)	별이꽁
32422	2026-08-31	0	2	290	62-20 절대 안깨짐	감사합니다 ㅎㅎ
32421	2026-08-31	0	0	231	174-20 망치공주 클리어덱	폼생
32406	2026-08-31	5	2	624	206-20 공략:-)	별이꽁
32364	2026-08-31	6	3	699	205-20 공략:-)	별이꽁
32362	2026-08-31	0	0	268	78-20 망치공주 클리어덱	떼정이
32339	2026-08-31	1	3	736	216-30 비겁이 클리어덱	박매력님ㅣ
32312	2026-08-31	3	2	509	204-10 공략:-)	별이꽁
32295	2026-08-31	1	13	868	203-30 공략:-)	별이꽁
32261	2026-08-31	2	2	517	32-30 깻습니다 흐하	무뮤뮤무
32222	2026-08-31	10	8	796	219-20 교통사고급 폭주단트럭 공략(이건꼭보면좋음)	금도끼
32214	2026-08-31	2	2	681	216-30 비겁한쿠키(비쿠)	악림
32190	2026-08-31	113	79	6661	200스테이지까지 민 스테이지 덱 구성	망픽
32180	2026-08-31	3	12	1504	203-10 공략:-)	별이꽁
32163	2026-08-31	3	3	640	축복4 211-10 인증	세링
32067	2026-08-31	3	3	653	120~145 스테 원덱 다밀림 비겁이는 컨트롤해야험ㅇㅇ	거포1
32064	2026-08-31	5	12	520	202-30 공략:-)	별이꽁
32022	2026-08-31	6	2	247	173-30 그루터기 클리어덱	폼생
32021	2026-08-31	0	1	109	173-20 그루터기  클리어덱	폼생
31879	2026-08-31	0	1	198	갤럭시 스토어 40~50% 할인쿠폰 받아가세용	Dounerman
31629	2026-08-31	3	7	1306	이번 너프랑 패치로 바뀐 보상안 요약	내어어듀
31492	2026-08-31	1	0	1026	195-10 (257M) 쥐트리오	카카쿠
31484	2026-08-31	0	7	578	뉴비 셋팅 이렇게 해놓는게좋나욤??	블리쩡쩡
31480	2026-08-31	0	1	477	201-30 공략:-)	별이꽁
31433	2026-08-31	0	4	374	34-30 쿨민 계속 실패하는데 덱 좀 봐주세요..	Sjjdjfjrj
31417	2026-08-31	1	2	427	비겁한쿠키 전투력 영끌덱	시노니
31394	2026-08-31	3	1	368	83-20 덱 기록	커다란망고
31291	2026-08-31	16	6	1950	임플란트 타워 850층 졸업	폼생
31290	2026-08-31	0	0	171	172-20,30 클리어덱	폼생
31274	2026-08-31	3	2	541	62-30 클리어덱(겨우 클리어)	파동Padong
31252	2026-08-31	12	9	1335	216-30 원펀맨급 비겁 허리꺾어잡은 덱 공유	금도끼
31207	2026-08-31	15	7	3283	모든 스테이지 조합 공략 (시커 버전)	서신우
31193	2026-08-30	0	0	245	126-30 쿨민 공략 / 90-400k	머핀이
31178	2026-08-30	0	0	201	일일던전덱 추천 부탁드립니다!	석33
31175	2026-08-30	0	0	103	172-10 클리어덱	폼생
31166	2026-08-30	1	4	300	50-30 클리어덱(시커 쿠키 사용)	유봉달
31163	2026-08-30	3	9	1260	200-30 공략:-)	별이꽁
31106	2026-08-30	0	1	218	새콤달콤 작업 2분 해드립니다	아이리아리
31097	2026-08-30	0	0	566	38-20 무과금 클리어덱(사진 3장)	크블
31092	2026-08-30	25	5	1186	새로운 쿨링민트 공략법, "이것"을 챙겨라	올렐레오로리
31080	2026-08-30	0	5	636	시커 사고싶어요 혹시 현질 하시는분 쿠폰 받오가세요	아이리아리
31074	2026-08-30	0	2	219	축복패키지도 구매 하는게 좋을까요?	요이이
31059	2026-08-30	1	3	182	이제 아예 접속이 안됩니다. 해결법 써도 안됨	좋은날
31025	2026-08-30	3	2	348	185-30 쿨민 클리어 덱	성민성
30973	2026-08-30	5	4	899	198-30 공략:-)	별이꽁
30972	2026-08-30	1	0	516	187-30 (229M) 비겁이	카카쿠
30957	2026-08-30	3	1	280	비겁, 쿨민을 제외한 까다로운 보스들 컨트롤 공략	주지사의2주
30952	2026-08-30	4	6	526	198-20 공략:-)	별이꽁
30942	2026-08-30	0	1	780	임플란트타워 	구미 한라산
30930	2026-08-30	1	0	841	184-30 비겁이 공략	성민성
30929	2026-08-30	5	2	448	59-30 클리어덱(시커버전)	파동Padong
30893	2026-08-30	0	1	1488	우유맛쿠키 슈가룬 스킬가속 어떻게 해야하나요	사라은
30865	2026-08-30	1	6	529	197-20 공략:-)	별이꽁
30857	2026-08-30	5	2	829	171-20 트럭 클리어덱	폼생
30855	2026-08-30	0	1	336	48-30 꾸역꾸역 비겁 클리어 무과금	샤넬바디워시
30845	2026-08-30	1	0	466	171-10 쥐토바이 클리어덱	폼생
30834	2026-08-30	0	3	100	30-30 어떻게 클리어해야할지..	쿠키맛쿠키
30813	2026-08-30	2	2	516	170-30 쿨민 클리어덱	폼생
30810	2026-08-30	0	1	129	33-30 쿨민 안밀리는데 덱 짜는거좀 도와주십쇼..	Sjjdjfjrj
30805	2026-08-30	0	3	882	스테이지 미는 덱추해주세요ㅠ	메론소다2
30802	2026-08-30	1	4	283	ㅇㄴ 평균 79렙에 51-20 폭주단트럭 못벗어나는거 정상임?	Lua
30738	2026-08-30	4	5	1233	195-30 공략:-)	별이꽁
30694	2026-08-30	7	7	1403	195-10 공략:-)	별이꽁
30689	2026-08-30	0	5	234	뉴비 10-30 보스 깨지를못해요	블리쩡쩡
30677	2026-08-30	3	2	531	194-30 267M 9초클	니스라
30676	2026-08-30	25	5	1967	손컨 없이 편하게 스테이지 자동 날먹덱	빈
30637	2026-08-30	0	1	216	이거 왜 이러는지 아시는분?	키쿠득쫀
30567	2026-08-30	4	3	724	전투력 보정 35%구간을 위한 비겁한 쿠키 덱	논리적인고구마
30560	2026-08-30	0	2	283	2일차뉴비 덱 어떻게 해야할까요	블리쩡쩡
30499	2026-08-30	42	0	2951	보스 유형별 스테이지 정리 (쿨민 잠수함 패치 이후 시점)	곰은사람을찢어
30486	2026-08-30	0	0	227	169-30 쿨민 클리어덱	폼생
30477	2026-08-30	0	0	42	169-20 클러이덱	폼생
30461	2026-08-30	0	0	262	168-30 비겁이 클리어덱	폼생
30457	2026-08-30	1	0	504	195-30 비겁	권
30441	2026-08-30	0	3	526	195-10 바이커	권
30435	2026-08-29	4	8	861	190-30 쿨민 오토덱	삼파파
30432	2026-08-29	11	2	2041	영상 하나로 끝내는 모든 일일 던전 공략 (영상)	서신우
30356	2026-08-29	10	8	660	194-30 공략:-)	별이꽁
30338	2026-08-29	1	9	433	193-30 공략:-)	별이꽁
30333	2026-08-29	0	1	178	166-30 쿨민 클리어덱	폼생
30317	2026-08-29	1	0	204	166-20 망치공주 클리어덱	폼생
30314	2026-08-29	1	1	181	163-30 비겁이 클리어덱	폼생
30313	2026-08-29	0	0	147	163-10,20 쥐토바이 트럭 클리어덱	폼생
30312	2026-08-29	0	0	64	162-30 쿨민 클리어덱	폼생
30310	2026-08-29	0	0	41	161-30 쿨민 클리어덱	폼생
30309	2026-08-29	1	1	209	160-20,30 비겁이 클리어덱	폼생
30307	2026-08-29	1	0	107	158-30 쿨민 클리어덱	폼생
30305	2026-08-29	2	0	204	157-30 그루터기 클리어덱	폼생
30304	2026-08-29	0	0	73	155-30 비겁이 클리어덱	폼생
30303	2026-08-29	0	0	71	155-10,20 쥐토바이 트럭클리어덱	폼생
30302	2026-08-29	0	0	43	154-30 쿨민 클리어덱	폼생
30301	2026-08-29	1	0	22	153-30 쿨민 클리어덱	폼생
30300	2026-08-29	0	0	89	152-30 비겁이 클리어덱	폼생
30299	2026-08-29	0	0	126	148-30 클리어덱	폼생
30269	2026-08-29	4	0	377	67-10 쥐토바이 덱(24m 59k)	희설탕
30260	2026-08-29	5	11	1345	192-30 공략:-)	별이꽁
30200	2026-08-29	3	1	263	은행강도 폭탄광 최신 공략 (영상)	서신우
30156	2026-08-29	0	2	145	38-19 무과금 클리어덱	크블
30151	2026-08-29	0	0	470	190 스테이지 등반 중인 신캐 넣은 빛속성 덱	팬티요정ㅇ
30148	2026-08-29	22	2	1775	[TIP] 크럼블 많이 물어보는 질문 FAQ	사계
30117	2026-08-29	5	1	1274	211-10 삼토바이 5시간만에 깬 덱공유	금도끼
30116	2026-08-29	1	3	551	190-30 공략:-)	별이꽁
30093	2026-08-29	1	2	433	190-20 공략:-)	별이꽁
30073	2026-08-29	2	6	2210	지금 시커덱으로 쓰는중인데	월향
30059	2026-08-29	1	0	174	78-30 방법 알려주세요	도날드도
30028	2026-08-29	6	4	637	43-30, 48-30 클리어덱	전기차사고싶은노비
30003	2026-08-29	113	18	7166	길드 토벌전 실론없이 하기	신비한쿠키사전
29977	2026-08-29	26	24	3217	시커 & 피노 들어간 스테이지덱 추천	곱창
29924	2026-08-29	1	4	436	189-20 공략:-)	별이꽁
29910	2026-08-29	4	2	318	로딩에서 게임 진입 안넘어가는 사람들 보세요	카이아스
29871	2026-08-29	0	1	141	47-30 클리어 트위즐젤리 무시하지마라	샤넬바디워시
29733	2026-08-29	76	10	3752	연타메타 이후 새로운 덱 기록	논리적인고구마
29729	2026-08-29	1	4	728	187-30 공략:-)	별이꽁
29690	2026-08-29	22	2	2143	정글전사와 석류맛쿠키의 슈가룬 필수 세팅	망픽
29623	2026-08-29	4	3	275	아이폰 접속불가 현상 해결법(재설치없이)	다크붐
29615	2026-08-29	0	0	444	195-30 온몸 비틀기 클리어 덱	정밀조준
29606	2026-08-29	1	0	228	병신겜 섭종해 ●▅▇█▇▆▅▄▇	붕쯔붕쯔
29535	2026-08-29	0	0	417	179-30 클리어 덱	성민성
29516	2026-08-29	0	0	106	98-30	날다람쥐12
29444	2026-08-29	26	33	1112	190-20 망치공주 노컨덱	새우
29426	2026-08-29	4	2	720	폭주단 바이커 최신 공략 (영상)	서신우
29384	2026-08-29	3	2	636	112-30 비겁 초간단	크림조아
29318	2026-08-28	6	0	1927	길드 토벌전 77억 공략 (영상)	서신우
29309	2026-08-28	10	3	1283	영상 하나로 끝내는 모든 스테이지 최신 공략 (영상)	서신우
29277	2026-08-28	2	0	782	스테이지 정리 1차 수정본 보고드립니다!	곰은사람을찢어
29268	2026-08-28	4	2	331	46-20 망치공주클리어	샤넬바디워시
29241	2026-08-28	17	0	1832	[TIP] 보스가 강해졌다고 느끼는 이유와 관련 팁	사계
29232	2026-08-28	5	8	1336	187-10 공략:-)	별이꽁
29231	2026-08-28	0	0	125	망치공주 기록용 (174_190_198)	곰은사람을찢어
29203	2026-08-28	0	0	287	118-20 망치공주 덱 기록용	논리적인고구마
29192	2026-08-28	3	2	469	접속 안 되는 애들 봐라	좋은날
29191	2026-08-28	0	0	46	접속	부산ll PunctualMS
29173	2026-08-28	0	0	131	그루터기 기록용 (173_189)	곰은사람을찢어
29154	2026-08-28	0	2	452	96-30 비겁한 52m 245k	재정
29138	2026-08-28	0	0	245	147-30 비겁이 클리어덱	폼생
29135	2026-08-28	0	0	96	147-10,20 클리어덱	폼생
29133	2026-08-28	0	0	180	146-30 쿨민 클리어덱	폼생
29098	2026-08-28	0	2	730	안녕하새요 뉴비입니다 고수님들 덱 훈수 부탁드립니다	앙제제
29097	2026-08-28	0	0	395	비겁 기록용 (171_176_184_187_192_200)	곰은사람을찢어
29088	2026-08-28	173	38	10018	슈가룬 공증룬에 대한 본인의 생각	밀크흑당버블티
29080	2026-08-28	2	8	702	위치베리 쿠키가 저평가된 만능 딜러인 이유 (소소한 팁)	까불면아야한다
29023	2026-08-28	0	0	262	115-30 어둡맵 비겁한 쿠키 기록용	논리적인고구마
29005	2026-08-28	0	0	98	덱 질문드립니다..	무너얌
28983	2026-08-28	1	0	216	45-30 클리어 무과금덱 	샤넬바디워시
28949	2026-08-28	105	27	6619	아레나	신비한쿠키사전
28917	2026-08-28	1	0	317	8번 보스 : 폭주단 바이커 3인방	뱅국
28889	2026-08-28	0	0	298	쿨민 기록용 (169_170_174_177_182_185_186_190)	곰은사람을찢어
28884	2026-08-28	2	1	789	186-30 공략:-)	별이꽁
28880	2026-08-28	0	2	480	102-30 쿨링 신덱 반자동 	크림조아
28870	2026-08-28	2	2	925	171-30 55% 비겁 온몸비틀기	뭔디
28854	2026-08-28	2	9	590	102-20 망치공주 새삥덱 자동	크림조아
28835	2026-08-28	28	22	2679	시커덱	권
28771	2026-08-28	173	34	6649	스테이지 정리 (조금씩 의견 받고 수정할 예정) 비겁/쿨링민트/망치공주/그루터기	곰은사람을찢어
28666	2026-08-28	0	0	382	185-30 공략:-)	별이꽁
28623	2026-08-28	0	6	323	덱투력 봐주실분 있나요?(훈수 환영)	쿠쿠쿵
28606	2026-08-28	3	1	545	144-30 비겁이 클리어덱	폼생
28530	2026-08-28	5	4	312	174-20 (166M) 망치	카카쿠
28467	2026-08-28	2	13	1659	184-30 공략:-)	별이꽁
28337	2026-08-28	81	19	8421	피노누아 연타덱으로 영원히 방치중	커다란망고
28320	2026-08-28	0	0	345	142-30 쿨민 클리어덱	폼생
28276	2026-08-28	0	0	159	140,141-10,20,30 클리어덱	폼생
28271	2026-08-28	1	0	332	139-10,20,30 비겁이 클리어덱	폼생
28192	2026-08-28	0	0	79	53-30	혠혠35
28115	2026-08-28	1	5	185	138-10,20,30 쿨민 클리어덱	폼생
28108	2026-08-28	0	0	211	112-30 비겁이	방국봉
28107	2026-08-28	2	0	212	61-20 오염된 그루터기 클리어덱 기록용	이슬람 마카체프
28028	2026-08-28	0	1	152	갤스 30프로 페이백함 프로모션참여하고 결제하세요	오이시에
28011	2026-08-28	139	37	10088	신규 쿠키 반영, 아레나 공/방 추천 덱 (방어승률 높음, 동투력대 승률 높음)	올렐레오로리
27969	2026-08-28	5	10	1292	182-30 공략:-)	별이꽁
27938	2026-08-28	0	0	158	137-10,20,30 쿨민 클리어덱	폼생
27920	2026-08-28	4	2	541	182-20 공략:-)	별이꽁
27913	2026-08-28	2	0	279	51-30 클리어덱	형상기억합금
27904	2026-08-28	0	0	248	아레나 공격덱 추천 부탁드려요!!	루나냐옹
27891	2026-08-28	0	0	135	갤럭시 스토어 50퍼센트 할인쿠폰 받아가세용	Dounerman
27883	2026-08-28	1	3	286	지금 화면이 안넘어가서 접속 안되시는분들	카밀레
27872	2026-08-28	9	2	1208	에어본 보스 자동컨으로 잡는 피노덱 공략 (그루터기, 망치공주) (영상)	서신우
27870	2026-08-28	0	0	239	136-30 비겁이 클리어덱	폼생
27868	2026-08-28	1	0	117	136-10,20 클리어덱	폼생
27836	2026-08-28	5	0	578	181-20 공략:-)	별이꽁
27820	2026-08-28	8	1	2404	방치용으로 최고인 연타덱 공략 (영상)	서신우
27779	2026-08-28	0	0	128	135-10,20,30 클리어덱	폼생
27765	2026-08-28	10	5	938	40-30 클리어덱	전기차사고싶은노비
27746	2026-08-28	0	0	193	134-30 쿨민 클리어덱	폼생
27745	2026-08-28	0	0	167	134-10,20 클리어덱	폼생
27742	2026-08-28	1	1	813	179-30 공략:-)	별이꽁
27735	2026-08-28	0	1	290	2일차 뉴비 덱 조합 추천점요	갤울26갈아타자
27734	2026-08-28	9	2	1042	생존 특화 최신 명랑덱 공략 (트럭, 비겁, 쿨민) (영상)	서신우
27722	2026-08-28	1	0	273	110-30 민쿨	방국봉
27719	2026-08-28	1	6	1029	179-10 공략:-)	별이꽁
27702	2026-08-27	29	4	1574	스테이지 무난한덱. 막히면 덱체인지 (추가)	김팜
27699	2026-08-27	2	2	1308	176-30 클리어 덱	성민성
27690	2026-08-27	0	0	125	133-30 그루터기 클리어덱	폼생
27682	2026-08-27	165	13	11138	***토벌전*** 덱구성. 그대로 가서 쳐라.	터리
27677	2026-08-27	0	2	148	132-10,20 클리어덱	폼생
27676	2026-08-27	0	0	356	131-10,20,30 쥐토바이 비겁이 클리어덱	폼생
27675	2026-08-27	0	1	116	130-30 쿨민 클리어덱	폼생
27674	2026-08-27	0	0	94	130-10,20 클리어덱	폼생
27672	2026-08-27	0	0	51	129-30 쿨민 클리어덱	폼생
27671	2026-08-27	0	0	136	129-10,20 클리어덱	폼생
27654	2026-08-27	2	3	672	178-30 공략:-)	별이꽁
27638	2026-08-27	7	14	1189	88-30 비겁한 쿠키 auto덱 45M	재정
27631	2026-08-27	0	5	415	177-30 공략:-)	별이꽁
27620	2026-08-27	1	0	378	110-20 망치공주	방국봉
27611	2026-08-27	0	0	162	128-30 클리어덱	폼생
27561	2026-08-27	4	19	1735	176-30 공략:-)	별이꽁
27551	2026-08-27	510	91	14541	일일던전 덱 (경험치/코인/반죽/연구석/슈가룬)	신비한쿠키사전
27549	2026-08-27	0	0	118	128-20 클리어덱	폼생
27534	2026-08-27	1	0	73	128-10 	폼생
27521	2026-08-27	0	0	118	109-30 그루터기	방국봉
27475	2026-08-27	0	0	95	127-30 클리어덱	폼생
27449	2026-08-27	68	29	7835	길드 토벌전 71억 공략 (영상)	서신우
27446	2026-08-27	246	47	13177	피노누아 활용 + 연타, 관통시너지 스테, 아레나덱	Seolyoona
27389	2026-08-27	4	2	861	174-30 공략:-)	별이꽁
27382	2026-08-27	270	73	11108	스테이지 덱	신비한쿠키사전
27356	2026-08-27	1	6	418	174-20 공략:-)	별이꽁
27354	2026-08-27	0	0	400	88-30 비겁한 클리어덱 기록용입니다	아이러브로드리
27346	2026-08-27	820	164	25664	8/27 업데이트 이후 슈가룬	신비한쿠키사전
27332	2026-08-27	4	2	743	쿨링민트 노컨트롤 잡는 덱	광광이
27313	2026-08-27	23	1	3317	내가 사용중인 길드 토벌전 덱 추천	올렐레오로리
27272	2026-08-27	2	6	602	173-30 공략:-)	별이꽁
27241	2026-08-27	0	0	32	갤럭시 스토어 초대 ㄱㄱ 반사합니다	장석훈
27240	2026-08-27	2	4	311	173-20 공략:-)	별이꽁
27229	2026-08-27	0	2	579	떠다니는 크크크 치킨 질문좀요	혁이들아빠
27210	2026-08-27	18	0	2279	스테이지, 아레나 전부 가능한 시커덱 공략 (영상)	서신우
27149	2026-08-27	22	17	3490	피노+연타시너지 쓰는 스테덱	Seolyoona
27142	2026-08-27	1	0	371	떠다니는 크크크 치킨 쿠폰?	수원왕갈비맛쿠키
27105	2026-08-27	18	7	2971	새로운 스테이지 기본덱 추천	금도끼
27061	2026-08-27	0	0	229	갤스 쿠폰 50퍼 떳다 ㄱㄱㄱ	호이요오
27042	2026-08-27	2	0	631	169 ~ 248 스테이지 권장 전투력, 명중, 저항 추가	ALKAPA
27033	2026-08-27	6	7	1134	171-30 공략:-)	별이꽁
27026	2026-08-27	0	0	149	갤스쿠폰 떳다 50퍼 ㄱㄱㄱ	호이요오
27016	2026-08-27	0	0	98	갤스쿠폰 50퍼떳다 ㄱㄱㄱㄱㄱ	호이요오
27009	2026-08-27	11	6	3436	신규 업데이트 내용, 신규 쿠키들 사용 리뷰	올렐레오로리
27000	2026-08-27	0	0	67	갤럭시 스토어 50퍼 쿠폰떳다 ㄱㄱㄱ	호이요오
26982	2026-08-27	59	11	5558	피노누아 끼고 임시 연발덱 ( 아레나, 토벌 전용 )	뱅국
26956	2026-08-27	5	4	652	171-20 공략:-)	별이꽁
26919	2026-08-27	2	6	601	171-10 공략:-)	별이꽁
26865	2026-08-27	1	4	539	170-30 공략:-)	별이꽁
26837	2026-08-27	5	1	1071	94-20 망치공주 피노누아덱	더브늄
26804	2026-08-27	0	3	476	갤스 쿠폰 이벤트 떴어요	신도하 아빠
26774	2026-08-27	0	0	184	Lv9 [조각] 길드에서 토벌전 달리실 길드원 모셔요~ (26/28)	코노
26767	2026-08-27	0	5	321	169-30 공략:-)	별이꽁
26733	2026-08-27	26	6	4864	내 맘대로 짜본 토벌덱	xzvg
26624	2026-08-27	2	1	559	7번 보스 : 스노우볼 설인 컨트롤 공략	뱅국
26500	2026-08-27	0	0	132	127-10,20 클리어덱	폼생
26455	2026-08-27	1	0	235	126-30 쿨민 클리어덱	폼생
26448	2026-08-27	0	1	335	82-30 해변 쿨링민트맛 클	재정
26420	2026-08-27	0	0	363	126-10,20 망치공주 클리어덱	폼생
26407	2026-08-27	7	4	1672	스테이지 덱 조합	카론이올시다
26389	2026-08-27	1	0	138	125-30 그루터기 클리어덱	폼생
26363	2026-08-27	0	0	144	125-10,20 그루터기 클리어덱	폼생
26358	2026-08-27	0	0	56	124-20,30 클리어덱	폼생
26309	2026-08-26	0	7	216	32-20 	설아 하진 맘
26284	2026-08-26	1	1	296	41-30 무과금덱 민트클리어	샤넬바디워시
26249	2026-08-26	0	0	145	101-30 클리어덱	가온샘
26244	2026-08-26	1	0	508	104-30 비겁한쿠키	은솔
26243	2026-08-26	0	0	233	105-30, 106-30 쿨링민트	은솔
26242	2026-08-26	2	0	255	110-20 망치공주 공략 덱	루시루떡
26229	2026-08-26	0	1	84	124-10 클리어덱	폼생
26218	2026-08-26	1	1	518	94-20 망치공주 가망있는 현실적 공략 	크림조아
26211	2026-08-26	2	3	297	123-30 비겁이 클리어덱	폼생
26202	2026-08-26	315	86	9772	[TIP] 장비 기본 가이드와 2개 프리셋 운영 관련 팁	사계
26199	2026-08-26	2	0	243	보스 기록용	이아아
26180	2026-08-26	2	1	159	123-20 클리어덱	폼생
26167	2026-08-26	1	0	221	123-10 쥐토바이 클리어덱	폼생
26163	2026-08-26	1	0	458	56-30 비겁이 클리어덱 기록용	이슬람 마카체프
26154	2026-08-26	0	0	120	122-30 쿨민 클리어덱	폼생
26150	2026-08-26	0	0	36	122-10,20 클리어덱	폼생
26117	2026-08-26	0	2	731	40-30 비겁한 쿠키 공략덱	샤넬바디워시
26103	2026-08-26	0	0	84	121-30 쿨민 클리어덱	폼생
26102	2026-08-26	0	0	45	121-10,20 클리어덱	폼생
26081	2026-08-26	2	1	483	24.94m 66-30 쿨링민트 클리어 영상	키노용병단
26035	2026-08-26	0	1	307	쿨링 쓰나요	버터 프레첼맛 쿠키
26024	2026-08-26	1	0	575	67-10 바이커 클리어덱	떼정이
26021	2026-08-26	1	0	319	120-30 비겁이 클리어덱	폼생
25991	2026-08-26	4	11	2944	반죽 퀘스트 개선안 이해가 쏙쏙되게 정리	내어어듀
25927	2026-08-26	3	1	544	86-30 쿨링민트 클리어덱입니다	아이러브로드리
25893	2026-08-26	0	4	64	119-10,20,30 클리어덱	폼생
25884	2026-08-26	0	1	307	46-20	형상기억합금
25873	2026-08-26	0	1	188	뉴비 2일차 10-30 깨는 법 좀요 ㅠㅠ	권대진
25823	2026-08-26	1	0	270	118-30 쿨민 클리어덱	폼생
25781	2026-08-26	1	0	319	118-20 망치공주 클리어덱	폼생
25777	2026-08-26	1	0	509	78-20 33M 775K 클리어 망치공주	재정
25740	2026-08-26	18	6	832	115-10 바이커 쥐돌이 삼총사 종결 자동덱	까불면아야한다
25716	2026-08-26	1	0	762	암플란트 587 공략 (인증까지있음) (Feet.유튜브 전갈님의 임플란트 타워 공략덱을 보고 살짝 깍음)	데 브
25678	2026-08-26	1	3	202	117-30 그루터기 클리어덱	폼생
25674	2026-08-26	3	1	452	43-30 자동클리어	초코밥
25666	2026-08-26	0	0	432	54-30  쿨링민트 클리어덱 기록용	이슬람 마카체프
25664	2026-08-26	4	3	149	6번 보스 : 초코 왕방울 컨트롤 공략	뱅국
25663	2026-08-26	0	0	48	117-10 클리어덱	폼생
25650	2026-08-26	0	0	126	37-10 기록용	요거트베리
25642	2026-08-26	4	4	276	갤럭시 절전모드 방법 입니다	헬하임
25640	2026-08-26	1	0	380	54-20 망치공주 클리어덱 기록용	이슬람 마카체프
25624	2026-08-26	0	0	127	134-20	이아아
25612	2026-08-26	0	4	116	116-10,20,30 클리어덱	폼생
25597	2026-08-26	2	1	517	56-30 비겁, 13.04M 최저 투력	으왘
25585	2026-08-25	2	1	413	48-30 저장용	고라니a
25581	2026-08-25	1	0	293	115-30 비겁이 클리어덱	폼생
25577	2026-08-25	0	0	189	115-20 클리어덱	폼생
25547	2026-08-25	2	1	221	5번 보스 : 그루터기 정령 컨트롤 공략	뱅국
25537	2026-08-25	0	0	113	53-30 12.7M	Sddww
25535	2026-08-25	1	1	135	114-30 클리어덱	폼생
25534	2026-08-25	0	0	20	114-10,20 클리어덱	폼생
25531	2026-08-25	0	0	361	102-30 쿨링민트 공략 덱	루시루떡
25510	2026-08-25	1	0	301	74-30 클리어덱	재정
25484	2026-08-25	0	0	126	113-30 쿨민 클리어덱	폼생
25481	2026-08-25	0	1	238	안녕하세요 크럼블 뉴비입니다 덱 추천 부탁드려요ㅠ	쿠뉴비
25475	2026-08-25	2	1	748	8월 27일 업데이트 내용 확정된 소식 공개!! 피노누아맛 쿠키와 길드 토벌전, 브라이트시커 쿠키	올렐레오로리
25437	2026-08-25	0	0	73	113-10 왕방울 클리어덱	폼생
25435	2026-08-25	1	1	749	쿠키런 크럼블 게임 플레이 관련 TMI 모음	올렐레오로리
25325	2026-08-25	1	2	405	107-30 클리어덱	싱동
25324	2026-08-25	0	0	84	112-10,20 클리어덱	폼생
25323	2026-08-25	1	0	57	111-10,20,30 클리어덱	폼생
25322	2026-08-25	2	3	435	34-30 저스펙	daehos
25285	2026-08-25	0	12	2495	소과금으로 서버1등노리기	시노니
25246	2026-08-25	0	0	222	86-21 망치공주 클리어덱	더브늄
25155	2026-08-25	0	0	313	110-30 쿨민 클리어덱	폼생
25153	2026-08-25	0	0	123	37-30	야르릉
25121	2026-08-25	0	0	221	110-10,20 클리어덱	폼생
25102	2026-08-25	22	0	981	70스테 이후 쓰는 몇가지 스테이지덱	여우야
25101	2026-08-25	1	0	202	109-10,20,30 클리어덱	폼생
25098	2026-08-25	2	1	262	4번 보스 : 쿨링민트 쿠키 컨트롤 공략	뱅국
25078	2026-08-25	1	2	83	108-20,30 클리어덱	폼생
25053	2026-08-25	0	1	92	108-10 클리어덱	폼생
25046	2026-08-25	2	1	325	107-30 비겁이 클리어덱	폼생
25045	2026-08-25	1	2	379	65-30 쿨민 / 19.38M	딱밤고수
25040	2026-08-25	2	0	295	107-20 클리어덱	폼생
25032	2026-08-25	1	0	230	168 - 30 79.8M 35%클 + 161 ~ 168 35% 모음집	월린
24991	2026-08-24	0	1	329	107-10 클리어덱	폼생
24990	2026-08-24	5	2	1043	권장전투력35%인 분들을 위한 67-30 비겁이클덱	쿠키런존잼
24983	2026-08-24	5	2	1698	[연구글] 슈가룬, 치명피해 vs 치명확률 뭘 챙겨야할까	올렐레오로리
24975	2026-08-24	0	1	274	106-30 쿨민 클리어덱	폼생
24974	2026-08-24	0	0	31	106-10,20 클리어덱	폼생
24953	2026-08-24	0	0	124	105-20,30 쿨민 클리어덱	폼생
24915	2026-08-24	0	0	77	105-10 왕방울 클리어덱	폼생
24910	2026-08-24	0	3	454	104-30 비겁이 클리어덱	폼생
24900	2026-08-24	1	1	873	70-20 망치공주 클리어덱	라별
24899	2026-08-24	0	6	262	10-30 안깨지는데 도와주실 선생님들 계신가요 ? 	진진하우스
24898	2026-08-24	1	0	368	107ㅡ10(feat. 뽑기로 방랑 5성찍었다?+ 쓰레기 방랑 첫 활용)	도덕킹
24886	2026-08-24	329	70	10909	[TIP] 보다 나은 크럼블 생활을 위한 몇 가지 팁	사계
24858	2026-08-24	1	9	2960	8월 27일 업데이트 정보 정리	올렐레오로리
24840	2026-08-24	1	1	588	83-10 바이커 클리어덱입니다	아이러브로드리
24839	2026-08-24	0	0	205	98-30 쿨링민트	은솔
24802	2026-08-24	1	0	403	96-30 비겁한쿠키	은솔
24783	2026-08-24	2	1	181	독뿔버섯 보스전에서 살아남기 (ex. 61-10)	커다란망고
24781	2026-08-24	3	0	312	3번 보스 : 비겁한 쿠키 컨트롤 공략	뱅국
24747	2026-08-24	10	2	782	69-20 69-30 77-20 그루터기 정령 공략	머핀이
24736	2026-08-24	0	0	433	94-30 쿨링민트	은솔
24724	2026-08-24	0	0	484	94-20 망치공주	은솔
24720	2026-08-24	0	0	116	104-20 클리어덱	폼생
24719	2026-08-24	0	0	39	104-10 클리어덱	폼생
24706	2026-08-24	4	0	531	83 30	광주광역시 세주니팜
24680	2026-08-24	2	3	1059	62-30 쿨민 클리어덱	떼정이
24678	2026-08-24	41	8	3798	“하늘에서 빛이 내려요” 크럼블 아레나 천사덱 공유	도미
24677	2026-08-24	1	0	406	93-20, 93-30 그루터기	은솔
24671	2026-08-24	39	25	2493	타워도 850층 졸업 ! 덱 공유 :)	별이꽁
24636	2026-08-24	1	1	751	크럼블 던전 일일 보상 왜 다르게 들어오는지 알아냄	칠성
24627	2026-08-24	0	0	96	103-10,20,30 클리어덱	폼생
24625	2026-08-24	2	0	314	102-30 쿨민 클리어덱	폼생
24605	2026-08-24	0	0	171	101-30 / 109-30 그루터기 클리어덱	곰은사람을찢어
24551	2026-08-24	3	1	685	91-30 비겁한쿠키	은솔
24533	2026-08-24	1	1	774	102-20 망치공주 클리어덱	폼생
24512	2026-08-24	0	0	76	102-10 클리어덱	폼생
24496	2026-08-24	0	0	245	82 30	광주광역시 세주니팜
24485	2026-08-24	0	0	151	101-30 그루터기 클리어덱	폼생
24443	2026-08-23	1	0	309	101-20 클리어덱	폼생
24441	2026-08-23	2	1	846	46-30 쿨링민트/ 클리어 덱	쿠키즈으
24427	2026-08-23	0	2	420	91-20 폭주단트럭	은솔
24422	2026-08-23	0	0	102	101-10 클리어덱	폼생
24416	2026-08-23	0	0	379	89-30, 90-30 쿨링민트	은솔
24412	2026-08-23	1	0	78	100-30 클리어덱	폼생
24387	2026-08-23	0	0	41	100-20 클리어덱	폼생
24379	2026-08-23	1	0	104	100-10 클리어덱	폼생
24365	2026-08-23	1	1	621	99-30 비겁이 클리어덱	폼생
24362	2026-08-23	8	0	972	[연구글] 슈가룬, 스킬증폭 vs 공격력, 공증 스증 계산식 역추산	올렐레오로리
24356	2026-08-23	0	1	377	99-20 클리어덱	폼생
24354	2026-08-23	0	0	150	93-30 그루터기 공략 덱	루시루떡
24352	2026-08-23	12	0	2035	임플란트 타워 850층 원덱 공략 (영상)	서신우
24351	2026-08-23	7	3	751	공격력의 n%를 계수로 들고 있는 쿠키는 스증과 공증 중, 뭐가 더 좋을까	도미
24346	2026-08-23	1	3	566	99-10 쥐토바이 클리어덱	폼생
24338	2026-08-23	0	2	263	선배님들 2일차 뉴비 덱 추천좀 부탁 드립니다 .. 	진진하우스
24337	2026-08-23	3	1	171	98-10,20,30 쿨민 클리어덱	폼생
24324	2026-08-23	1	1	190	97-10,20,30 쿨민 클리어덱	폼생
24307	2026-08-23	0	0	85	이벤트 교환 NKGHD9332	제이야잉
24300	2026-08-23	1	1	462	96-10,20,30 비겁이 클리어덱	폼생
24292	2026-08-23	0	2	1052	레전더리 이거 맞음?	마경
24276	2026-08-23	1	0	112	95-10,20,30 클리어덱	폼생
24266	2026-08-23	2	0	555	168 스테이지 완등, 펫 활용법 총 정리	올렐레오로리
24252	2026-08-23	1	1	486	94-30 쿨민 클리어덱	폼생
24241	2026-08-23	0	0	415	65-30 공략 / 21M 550	머핀이
24228	2026-08-23	8	2	461	2번 보스 : 폭주단 트럭 컨트롤 공략 ( 도마뱀도 포함)	뱅국
24219	2026-08-23	1	2	678	94-20 망치공주 클리어덱	폼생
24209	2026-08-23	0	0	78	10레벨 정상 기부로 키운 길드 모집	zipoo88
24206	2026-08-23	3	0	214	99-30 클리어덱	싱동
24203	2026-08-23	2	1	598	이게임 이름은 전갈런 크럼블이다	킬링스팅
24181	2026-08-23	7	4	853	88-30	은솔
24171	2026-08-23	0	0	92	초보 도와주세요	근무협조
24115	2026-08-23	1	2	696	86-30	은솔
24113	2026-08-23	45	4	2547	임플란트 타워 등반 덱2종 풀 오토	데브상폐기원
24086	2026-08-23	34	72	3242	168-30 공략:-) 드디어 끝나따 야호!!	별이꽁
24085	2026-08-23	0	3	793	86-20	은솔
24042	2026-08-23	5	4	1073	40-30 자동 클리어	초코밥
24039	2026-08-23	4	10	648	40-30 비겁한쿠키 덱 추천해주실 고수님들 찾아요	립으
24030	2026-08-23	1	2	331	166-30 공략:-)	별이꽁
24021	2026-08-23	0	0	287	99-10 쥐 클리어덱	싱동
24020	2026-08-23	1	18	700	166-20 공략:-)	별이꽁
24005	2026-08-23	74	6	2717	임플란트 타워 덱 가이드	ROYAL
23980	2026-08-23	2	1	654	14m 56-30 비겁한 쿠키 클리어 영상	키노용병단
23975	2026-08-23	1	0	180	93-30 그루터기 클리어덱	폼생
23961	2026-08-23	1	0	204	93-10,20 클리어덱	폼생
23955	2026-08-23	1	0	165	92-10,20,30 클리어덱	폼생
23943	2026-08-22	1	2	268	163-30 공략:-)	별이꽁
23942	2026-08-22	3	4	485	91-30 비겁이 클리어덱	폼생
23939	2026-08-22	0	2	255	163-10 공략:-)	별이꽁
23936	2026-08-22	1	2	149	162-30 공략:-)	별이꽁
23934	2026-08-22	5	2	489	91-20 클리어덱	폼생
23932	2026-08-22	7	1	610	85-20, 85-30	은솔
23928	2026-08-22	1	0	73	161-30 공략:-)	별이꽁
23927	2026-08-22	0	1	639	91-10 쥐토바이 클리어덱	폼생
23919	2026-08-22	1	0	184	160-30 공략:-)	별이꽁
23907	2026-08-22	0	0	299	90-30 쿨민 클리어덱	폼생
23906	2026-08-22	0	0	60	90-10,20 클리어덱	폼생
23905	2026-08-22	6	0	487	43-30 비겁이 6.85M 클리어덱	Sddww
23889	2026-08-22	0	0	313	40-20 무과금 클리어덱	샤넬바디워시
23885	2026-08-22	0	0	353	86-30 쿨링민트 공략 덱	루시루떡
23884	2026-08-22	0	0	651	83-30	은솔
23875	2026-08-22	1	0	914	아레나 1랩으로 이기는 방법	꼬마먹물
23873	2026-08-22	2	0	416	83-20	은솔
23867	2026-08-22	1	2	243	158-30 공략:-)	별이꽁
23864	2026-08-22	6	0	1008	개 ㅈ 운빨겜이니까 클리어덱은 하나만 참고하면 됩니다	냐챨
23860	2026-08-22	1	0	516	83-10	은솔
23858	2026-08-22	0	0	218	89-30 쿨민 클리어덱	폼생
23856	2026-08-22	2	2	271	158-20 공략:-)	별이꽁
23851	2026-08-22	0	1	246	43-30 비겁이 클리어덱 기록용	이슬람 마카체프
23848	2026-08-22	0	0	111	89-20 클리어덱	폼생
23835	2026-08-22	1	1	66	89-10 왕방울 클리어덱	폼생
23834	2026-08-22	0	10	497	86-20 제발 깨는 방법좀 알려주세요 . . .	알리알리얍
23833	2026-08-22	0	6	708	32-30에서 막혔습니다 덱어떻게 짜야할까요 ㅠㅠ	하루왔츄
23831	2026-08-22	1	0	146	157-20 공략:-)	별이꽁
23828	2026-08-22	0	1	30	89-2 클리어덱	폼생
23823	2026-08-22	1	1	39	89-1 클리어덱 	폼생
23818	2026-08-22	0	0	453	88-30 비겁이 클리어덱	폼생
23817	2026-08-22	45	11	4511	아레나 관련...	밀크흑당버블티
23808	2026-08-22	0	0	182	88-20 클리어덱	폼생
23802	2026-08-22	0	0	148	155-30 공략:-)	별이꽁
23792	2026-08-22	2	1	602	48-30 클리어(뱀파이어 덱)	파동Padong
23789	2026-08-22	2	0	660	75-30 31M 비겁	레몬라임
23786	2026-08-22	1	4	530	58-30 (15M)	재정
23780	2026-08-22	1	0	202	155-10 공략:-)	별이꽁
23778	2026-08-22	0	2	47	88-10 클리어덱	폼생
23764	2026-08-22	193	44	5504	스테이지/보스별 적당스펙 덱 정리	눈
23752	2026-08-22	3	2	381	86-30 클리어덱	폼생
23741	2026-08-22	0	0	659	83-30 비겁이 1트 컷 (저투력)	김냥
23740	2026-08-22	1	0	312	72-18 설인 자동클리어	도넛다내꺼
23735	2026-08-22	0	0	84	153-30 공략:-)	별이꽁
23733	2026-08-22	0	0	139	신쿤님 다시한번 말하지만	버뮤다
23729	2026-08-22	2	0	1179	38-30 무과금 클리어덱	샤넬바디워시
23717	2026-08-22	0	3	177	152-30 공략:-)	별이꽁
23683	2026-08-22	0	2	284	150-30 공략:-)	별이꽁
23672	2026-08-22	2	4	440	150-20 공략:-)	별이꽁
23657	2026-08-22	0	7	70	이벤트 맞교환 친구 등록 부탁드립니다 VCJVQ1636	테클짱이
23638	2026-08-22	0	0	162	149-20 공략:-)	별이꽁
23622	2026-08-22	0	0	9	신생길드 '코끼리' 길드원 구합니다!!	김태훈 1234
23608	2026-08-22	0	0	204	81-30	은솔
23605	2026-08-22	1	0	86	곧10레벨 정상 기부로 키운 길드 모집중!	zipoo88
23573	2026-08-22	2	2	895	86-20 망치공주 공략 덱	루시루떡
23572	2026-08-22	5	0	1563	[TIP] 쿠키 스텟 알아보기(명중, 집중)	사계
23570	2026-08-22	2	0	163	147-30 공략:-)	별이꽁
23569	2026-08-22	2	0	841	80-30	은솔
23560	2026-08-22	0	0	33	28-10 쿸린이	키쿠득쫀
23558	2026-08-22	0	8	329	85-30 그루터기 공략 덱	루시루떡
23554	2026-08-22	0	0	217	147-10 공략:-)	별이꽁
23550	2026-08-22	0	2	379	85-20 그루터기 공략 덱	루시루떡
23548	2026-08-22	0	3	40	친구 추천 코드 VMCDR1716 하리보 쿠키 ㄱㄱ	냥냥오
23546	2026-08-22	3	0	652	12.84m 54-30 쿨링민트 클리어 영상	키노용병단
23538	2026-08-22	3	6	164	85-10 독버섯 공략 덱	루시루떡
23518	2026-08-22	1	0	138	145-30 공략:-)	별이꽁
23517	2026-08-22	7	6	3571	이 쿠키가 구조적으로 "잘못 만들어진" 캐릭인 이유 : 영원히 구릴 예정인 캐릭	ililillli
23516	2026-08-22	1	4	547	83-30 비겁이 공략 덱	루시루떡
23500	2026-08-22	0	0	167	144-30 공략:-)	별이꽁
23496	2026-08-22	0	4	158	초보입니다 32-22 클리어 할 수있는 조합 알려주세요.	테클짱이
23490	2026-08-22	0	0	1021	일일던전 꿀팁	안녕하츠
23468	2026-08-22	0	0	391	110-20 망치공주	김구웅
23449	2026-08-22	0	0	141	87-10,20 클리어덱	폼생
23444	2026-08-21	0	0	355	86-30 쿨민 클리어덱	폼생
23440	2026-08-21	0	0	522	86-20 망치공주 클리어덱	폼생
23435	2026-08-21	0	0	267	69-30 초간단	도넛다내꺼
23431	2026-08-21	0	0	26	
YNCFR5073 추천인

하리보 쿠키

﻿	냥냥오
23426	2026-08-21	1	0	394	83-20 폭주단 트럭 공략 덱	루시루떡
23423	2026-08-21	0	2	269	곰돌이 쿠키 얻는법	냥냥오
23421	2026-08-21	2	0	860	망치공주 스테 클리어 38-20	쌀떡꼬치
23411	2026-08-21	0	0	107	86-10 클리어덱	폼생
23410	2026-08-21	0	0	255	142-30 공략:-)	별이꽁
23408	2026-08-21	0	0	152	85-30 그루터기 클리어덱	폼생
23406	2026-08-21	3	2	515	142-20 공략:-)	별이꽁
23403	2026-08-21	0	0	221	85-20 그루터기 클리어덱	폼생
23395	2026-08-21	0	1	91	85-10 클리어덱	폼생
23390	2026-08-21	0	0	141	84-30 클리어덱	폼생
23370	2026-08-21	1	4	218	141-20 공략:-)	별이꽁
23363	2026-08-21	0	0	211	84-10,20 클리어덱	폼생
23321	2026-08-21	2	0	613	11.92m 53-20 / 53-30 오염된 그루터기 정령 클리어 영상	키노용병단
23319	2026-08-21	0	0	201	139-30 공략:-)	별이꽁
23318	2026-08-21	0	2	161	기록용 40-25 설인 클리어덱	이슬람 마카체프
23299	2026-08-21	0	0	208	139-10 공략:-)	별이꽁
23293	2026-08-21	0	7	125	138-30 공략:-)	별이꽁
23292	2026-08-21	6	4	1224	72-30 클리어덱(비겁이)	뜨거운다람쥐
23267	2026-08-21	2	1	639	34-30	클롬
23263	2026-08-21	1	0	118	137-30 공략:-)	별이꽁
23259	2026-08-21	0	1	875	기록용 38-20 망치공주 클리어 덱	이슬람 마카체프
23252	2026-08-21	0	0	425	75-30 33m31k 수원	인계동159
23250	2026-08-21	0	0	339	75-10 32m584k 수원	인계동159
23249	2026-08-21	2	2	360	74-30 30m629k 수원	인계동159
23248	2026-08-21	0	0	160	73-30 30m107k 수원	인계동159
23247	2026-08-21	1	0	352	72-30 28m699k 수원	인계동159
23246	2026-08-21	0	1	736	70-30 27m202k 수원	인계동159
23242	2026-08-21	0	0	104	69-30 26m579k 수원	인계동159
23222	2026-08-21	0	0	218	136-30 공략:-)	별이꽁
23165	2026-08-21	4	6	375	77-30	은솔
23159	2026-08-21	0	0	305	134-30 공략:-)	별이꽁
23158	2026-08-21	0	2	570	94-20 41.6m 51% 클덱	뭔디
23156	2026-08-21	2	0	658	10.65 51-30 비겁한 쿠키 클리어 영상	키노용병단
23152	2026-08-21	0	5	520	134-20 공략:-)	별이꽁
23146	2026-08-21	3	3	443	83-30 비겁이 클리어덱	폼생
23144	2026-08-21	1	0	194	투력 57M 임플란트 ( 597,598,599 층) 영상	하츠
23121	2026-08-21	41	13	3289	슈가룬, 장비 옵션 추천 툴 개발	배추도사
23108	2026-08-21	0	4	261	133-20 공략:-)	별이꽁
23107	2026-08-21	0	0	74	은행강도 폭탄광 공략 (영상)	서신우
23056	2026-08-21	0	0	309	생크림콘 독수리 공략 (영상)	서신우
23016	2026-08-21	0	0	1146	아레나 호밀덱 공략 (영상)	서신우
23012	2026-08-21	2	2	468	91-30 40.9m 52%클덱	뭔디
23002	2026-08-21	3	4	580	83-20 폭주단 클리어덱	폼생
23000	2026-08-21	0	0	20	친구추가ㄱㄱ	음악하는학생
22985	2026-08-21	3	0	646	83-10 폭주단 클리어덱	폼생
22968	2026-08-21	2	1	472	82-30 쿨민 클리어덱	폼생
22958	2026-08-21	1	3	1149	70-20 클리어덱(망공)	뜨거운다람쥐
22950	2026-08-21	17	5	1501	신규 유저분들은 시작전에 꼭 보시길	쿠크
22948	2026-08-21	0	2	393	쿠키 레벨업 질문드립니다	민초라떼
22900	2026-08-20	1	1	565	54-30 클리어덱	팡이팡이
22899	2026-08-20	2	2	912	78-30 / 86-30 분수대 쿨민 클리어덱	곰은사람을찢어
22895	2026-08-20	10	4	1439	78-20 / 86-20 망치공주 클리어덱	곰은사람을찢어
22888	2026-08-20	4	2	1083	75-30 / 83-30 / 91-30 / 99-30 / 107-30 전용맵 비겁이 클리어덱	곰은사람을찢어
22887	2026-08-20	1	2	348	131-30 공략:-)	별이꽁
22882	2026-08-20	0	0	357	131-10 공략:-)	별이꽁
22881	2026-08-20	2	0	405	75-10 3쥐 클리어덱 기록용	곰은사람을찢어
22880	2026-08-20	0	3	128	82-10,20 클리어덱	폼생
22875	2026-08-20	1	2	223	81-30 쿨민 클리어덱	폼생
22869	2026-08-20	0	0	587	80-30 공략	민솔
22868	2026-08-20	1	2	156	130-30 공략:-)	별이꽁
22856	2026-08-20	9	4	1096	43-10 폭주단 바이크 클리어 덱	토끼아빠
22855	2026-08-20	0	0	101	81-20 클리어덱	폼생
22851	2026-08-20	0	0	141	129-30 공략:-)	별이꽁
22832	2026-08-20	4	3	787	78-30 쿨링민트 클리어덱	더브늄
22825	2026-08-20	1	0	272	128-30 공략:-)	별이꽁
22821	2026-08-20	1	0	86	81-10 클리어덱	폼생
22787	2026-08-20	0	1	236	65  30	광주광역시 세주니팜
22782	2026-08-20	2	2	694	56-30 13.53m 비겁	해얌
22769	2026-08-20	9	7	909	50-30 / 9M 558 클리어 덱 공유	머핀이
22768	2026-08-20	1	0	542	43-10 폭주단 바이크 클리어 덱	파동Padong
22766	2026-08-20	4	3	982	80-30 비겁이 클리어덱	폼생
22765	2026-08-20	0	0	257	80-10,20 클리어덱	폼생
22764	2026-08-20	0	0	248	37-30 클리어 힘들다	샤넬바디워시
22763	2026-08-20	6	2	475	10.52m 51-20 폭주단 트럭 클리어 영상	키노용병단
22752	2026-08-20	0	0	443	37-20 클리어덱 무과금	샤넬바디워시
22751	2026-08-20	3	2	532	기본덱	살근
22750	2026-08-20	4	2	805	사람들이 간과하는 명중의 중요성에 대해서	올렐레오로리
22737	2026-08-20	0	0	339	126-30 공략:-)	별이꽁
22724	2026-08-20	2	0	513	74-30 / 82-30 해변맵 쿨민 클리어덱	곰은사람을찢어
22723	2026-08-20	0	1	288	73-30 / 81-30 초원맵 쿨민 클리어덱	곰은사람을찢어
22715	2026-08-20	3	2	519	126-20 공략:-)	별이꽁
22712	2026-08-20	4	3	1294	67-30 클리어덱 ( 비겁이)	뜨거운다람쥐
22703	2026-08-20	2	3	522	51-30 비겁이 클리어덱(11m)	팡이팡이
22684	2026-08-20	0	1	582	88-30 35.8m 48%클덱	뭔디
22666	2026-08-20	12	3	1002	10.01m 51-10 폭주단 바이커 클리어 영상	키노용병단
22655	2026-08-20	0	0	231	전투력 낮은건가요?	안녕하세요저는
22623	2026-08-20	3	1	343	환불해라	울랄랄라v
22611	2026-08-20	2	0	286	125-20 공략:-)	별이꽁
22601	2026-08-20	0	1	882	64-30 비겁한 클리어덱 기록용	아이러브로드리
22598	2026-08-20	12	28	1206	명중 너무 딸리는데 어떡하죠	번번
22594	2026-08-20	3	3	913	72-30 / 80-30 / 88-30 빙판맵 비겁이 클리어덱 기록용	곰은사람을찢어
22582	2026-08-20	0	1	325	86-30 34.8m 45% 클덱	뭔디
22580	2026-08-20	1	3	698	86-20 35.8m 클덱	뭔디
22577	2026-08-20	39	25	2311	스테이지별 추천덱 공략 그니	그니그니
22570	2026-08-20	0	8	504	9.99m 50-30 쿨링민트 클리어덱	키노용병단
22538	2026-08-20	2	0	209	79-10,20,30클리어덱 	폼생
22519	2026-08-20	2	0	360	78-30 쿨민 클리어덱	폼생
22503	2026-08-20	4	1	1020	아레나 300K 약해도 이겨보기	봉명동물스윙
22502	2026-08-20	1	6	401	123-30 공략:-)	별이꽁
22477	2026-08-20	1	6	401	123-10 공략:-)	별이꽁
22471	2026-08-20	1	0	585	83-10, 83-30 클리어덱 공유	싱동
22457	2026-08-20	7	0	260	덱 날려버리는 거 대비 덱 기록용	논리적인고구마
22455	2026-08-20	2	7	224	122-30 공략:-)	별이꽁
22451	2026-08-20	2	3	1261	78-20 망치공주 클리어덱	폼생
22414	2026-08-20	0	0	95	9레벨 길드 마지막 한자리 모십니다 근성있으신분만	zipoo88
22388	2026-08-20	2	3	432	9.22m 49-30 쿨링민트 클리어 영상	키노용병단
22385	2026-08-20	323	54	9812	마지막 스테이지까지 활용 가능한 범용 덱 추천	ROYAL
22380	2026-08-20	2	0	841	67-30 비겁이 공략 덱	루시루떡
22368	2026-08-20	10	3	1160	46-20 망치공주 클리어덱 (8.7M)	재정
22365	2026-08-20	2	9	3083	공격도 안하고 공격력 계수도 없는 쿠키들은	ililillli
22363	2026-08-20	7	7	1187	스테이지 완등/ 쿨링민트 보스 상대 덱, 무빙 팁	금도끼
22360	2026-08-20	2	4	716	77-10,20,30 클리어덱	폼생
22337	2026-08-20	5	9	1004	66-30 클리어덱( 쿨민)	뜨거운다람쥐
22331	2026-08-20	1	6	969	8.86m 48-30 비겁한 쿠키 클리어 영상	키노용병단
22322	2026-08-20	12	4	983	쥐토바이, 망치공주 완전 공략	올렐레오로리
22320	2026-08-19	2	3	1174	임플란트타워 등반	구원s
22306	2026-08-19	1	4	170	121-30 공략:-)	별이꽁
22303	2026-08-19	0	0	86	76-30 클리어덱	폼생
22297	2026-08-19	1	0	45	76-20 클리어덱	폼생
22294	2026-08-19	1	5	400	120-30 공략:-)	별이꽁
22280	2026-08-19	0	2	221	76-10 클리어덱	폼생
22273	2026-08-19	0	1	1406	67-30, 67-20, 67-10 수원	인계동159
22272	2026-08-19	0	4	422	118-30 공략:-)	별이꽁
22266	2026-08-19	0	0	228	66-30 수원	인계동159
22265	2026-08-19	0	0	215	78스테덱	도덕킹
22264	2026-08-19	3	10	790	75-30 비겁이 클리어덱	폼생
22263	2026-08-19	1	2	663	118-20 공략:-)	별이꽁
22247	2026-08-19	1	0	324	117-20 공략:-)	별이꽁
22246	2026-08-19	0	0	103	덱을 어떻게해야하나요	다은D
22237	2026-08-19	0	3	717	32-30 조언 부탁드립니다..🥺🙇‍♀️	Ooooooooo
22227	2026-08-19	10	1	627	비겁이, 쿨찐이 공통 공략법 (봐두면 무조건 도움됨)	올렐레오로리
22171	2026-08-19	2	5	889	78-20 망치공주 클리어	크림쿠키
22160	2026-08-19	0	0	179	63-30 쿨링민트 클리어 기록용	아이러브로드리
22157	2026-08-19	5	3	345	43-20 6.3M 클리어	푸달고
22146	2026-08-19	0	0	682	35-30 비겁한쿠키 클리어 덱	샤넬바디워시
22144	2026-08-19	2	0	1221	62-20 20.43m 망치공주 클리어 덱 공유합니다	아이러브로드리
22138	2026-08-19	0	0	94	77ㅡ1 77ㅡ30	도덕킹
22135	2026-08-19	0	0	148	65-30 23M63K 수원	인계동159
22131	2026-08-19	0	0	92	47 30 8m 270k	띰땅1
22113	2026-08-19	0	0	359	115-30 공략:-)	별이꽁
22106	2026-08-19	2	0	273	160-30 비겁한 쿠키	ROYAL
22086	2026-08-19	0	0	470	64-30 23M814k 수원	인계동159
22012	2026-08-19	2	0	243	8.63m 47-20 / 47-30 용암 와플슈가 도마뱀 클리어 영상	키노용병단
22009	2026-08-19	1	0	221	65-30 쿨링민트	dhef9965
21979	2026-08-19	2	12	497	115-10 공략:-)	별이꽁
21977	2026-08-19	66	11	4999	아레나 덱 공유해용 동투력대 방어승률 높음!	올렐레오로리
21976	2026-08-19	0	6	377	10-30 제발 도와주세요 몰넣든 안깨지네요 캐릭이랑 펫 모넣어야되나요..ㅠㅠㅠ	쿠키런 유지
21973	2026-08-19	0	1	856	69-20 오염된 그루터기 컨X 클리어덱	율공2
21936	2026-08-19	3	5	1089	8.4m 46-30 쿨링민트 클리어 영상	키노용병단
21935	2026-08-19	8	3	948	75-20 폭주단 클리어덱	폼생
21912	2026-08-19	1	0	846	8.48m 46-20 망치공주 클리어 영상	키노용병단
21905	2026-08-19	0	9	313	114-30 공략:-)	별이꽁
21900	2026-08-19	2	2	654	75-10 바이커쥐 클리어덱	폼생
21881	2026-08-19	2	6	1128	64-30 클리어덱( 비겁이)	뜨거운다람쥐
21865	2026-08-19	5	4	501	74-30 쿨민 클리어덱	폼생
21860	2026-08-19	2	2	194	113-30 공략:-)	별이꽁
21835	2026-08-19	2	4	567	112-30 공략:-)	별이꽁
21829	2026-08-19	4	0	510	45-20 클리어덱	팡이팡이
21827	2026-08-19	0	0	366	43-30 클리어덱	팡이팡이
21811	2026-08-19	80	5	5014	슈가룬 2	신비한쿠키사전
21801	2026-08-19	1	0	367	67-30 기록	논리적인고구마
21797	2026-08-19	3	0	856	54-20	MH1228
21788	2026-08-19	0	0	435	80-30 덱공유	싱동
21781	2026-08-19	0	0	46	74-10,20 클리어덱	폼생
21780	2026-08-19	0	0	342	75-30 	이아아
21769	2026-08-19	0	1	808	오븐 25렙 부터 레전더리 뜨네요	저리비켜
21764	2026-08-19	1	2	425	73-30 쿨민 클리어덱	폼생
21757	2026-08-19	0	2	827	67-10 이게되네 NO 허브덱	데 브
21755	2026-08-19	1	0	219	73-10,20 클리어덱	폼생
21736	2026-08-19	1	3	768	조합을 어떻게 짜야할지 모르겠어요	바다고양이
21713	2026-08-19	1	0	101	65-30 아무튼 깼죠 덱(이유 0.167 하고 거의다죽고 깨서)	데 브
21700	2026-08-19	5	2	661	72-30 비겁이 클리어덱	폼생
21695	2026-08-19	4	4	590	64-30클리어덱	데 브
21677	2026-08-19	0	0	177	76 스테 덱 및 최소투력	도덕킹
21660	2026-08-18	4	3	643	110-30 공략:-)	별이꽁
21658	2026-08-18	3	14	785	110-20 공략:-)	별이꽁
21655	2026-08-18	2	0	406	88-30 비겁이 클리어덱	성민성
21654	2026-08-18	2	8	421	109-20 공략:-)	별이꽁
21648	2026-08-18	2	0	408	107-30 공략:)	별이꽁
21644	2026-08-18	4	6	713	107-10 공략:-)	별이꽁
21640	2026-08-18	2	2	376	106-30 공략:-)	별이꽁
21630	2026-08-18	1	4	225	105-30 공략:-)	별이꽁
21622	2026-08-18	0	0	361	75 ㅡ30	도덕킹
21620	2026-08-18	0	2	529	65-30 / 66-30 쿨민 클리어덱 기록용	곰은사람을찢어
21601	2026-08-18	0	0	272	67-30 공략	민솔
21600	2026-08-18	1	0	652	35-10 바이커 쥐 클리어덱	샤넬바디워시
21587	2026-08-18	3	11	642	104-30 공략:-)	별이꽁
21585	2026-08-18	0	4	181	71-30 클리어덱	폼생
21584	2026-08-18	1	0	132	71-10,20 클리어덱	폼생
21582	2026-08-18	0	1	376	75ㅡ10(쥐돌이)	도덕킹
21564	2026-08-18	0	0	257	74 ㅡ1~ 30 덱 및 최소투력	도덕킹
21552	2026-08-18	5	2	935	59-30 클리어덱(비겁이)	뜨거운다람쥐
21548	2026-08-18	8	5	689	기록용 37-20 오염된 그루터기 클리어덱	이슬람 마카체프
21543	2026-08-18	0	0	110	54-1~쭉	MH1228
21536	2026-08-18	1	1	422	78-30 덱공유	싱동
21529	2026-08-18	0	3	391	73스테 덱 및 최소투력 컷	도덕킹
21526	2026-08-18	5	0	998	70-30 쿨민 클리어덱	폼생
21525	2026-08-18	0	0	705	7.85m 45-20 / 8.22m 45-30 오염된 그루터기 정령 클리어덱	키노용병단
21506	2026-08-18	3	4	633	102-30 공략 :-)	별이꽁
21502	2026-08-18	0	3	256	스테이지 37-10 기록용	김자몽
21495	2026-08-18	0	0	210	71ㅡ1~ 30덱 및 투력컷	도덕킹
21488	2026-08-18	4	14	1193	102-20 공략:-)	별이꽁
21460	2026-08-18	0	1	892	67-10 바이크 기록용	논리적인고구마
21447	2026-08-18	0	0	86	71스테 클리어 덱	도덕킹
21444	2026-08-18	2	0	452	내 개인적인 쿠키활용법 정리해봤음 3탄	올렐레오로리
21423	2026-08-18	0	0	206	83-20 클리어 덱	성민성
21419	2026-08-18	2	7	1326	다아는 특별상점 팁입니다.	초코칩쿠키
21412	2026-08-18	0	0	1198	70ㅡ20 70ㅡ30	도덕킹
21392	2026-08-18	1	8	683	101-20 공략:-)	별이꽁
21389	2026-08-18	0	3	46	추천인 맞교환하실분!!	하현우
21379	2026-08-18	112	7	4707	임플란트 850 완등 참고 덱 공유합니다	금도끼
21378	2026-08-18	2	2	231	100-30 공략:-)	별이꽁
21363	2026-08-18	0	0	1154	아레나덱 추천이요	민초마라탕맛쿠키
21315	2026-08-18	1	4	1721	70-20 망치공주 클리어덱	폼생
21304	2026-08-18	4	9	646	99-30 공략:-)	별이꽁
21286	2026-08-18	5	6	540	99-20 공략:-)	별이꽁
21277	2026-08-18	4	10	609	99-10 공략:-)	별이꽁
21274	2026-08-18	0	0	335	66-30 공략	솔003
21268	2026-08-18	0	0	424	72-30 27.7m 클리어덱	뭔디
21257	2026-08-18	0	1	223	기록용 37-10 독뿔버섯 클리어 덱	이슬람 마카체프
21232	2026-08-18	1	0	139	63-30	인계동159
21226	2026-08-18	4	6	420	98-30 공략:-)	별이꽁
21216	2026-08-18	1	0	126	63-20 수원	인계동159
21214	2026-08-18	3	3	817	6.6m 43-30 비겁한 쿠키 클리어 영상	키노용병단
21209	2026-08-18	1	0	66	63-10 수원	인계동159
21194	2026-08-18	0	0	534	67-10 바이커	크림쿠키
21192	2026-08-18	3	4	1543	62-30 20M88K 수원	인계동159
21170	2026-08-18	2	1	413	134-30 쿨링민트	ROYAL
21159	2026-08-18	248	79	8811	168 등반하며 사용했던 덱 공유	김냥냥
21154	2026-08-18	5	2	353	6.82m 43-20 폭주단 트럭 클리어 영상	키노용병단
21143	2026-08-18	1	1	279	75-10 클리어덱	싱동
21140	2026-08-18	0	0	132	70-10 클리어덱	폼생
21109	2026-08-18	3	7	1101	35-30 자동 클리어	초코밥
21100	2026-08-18	7	7	1092	69-10,20,30 클리어덱	폼생
21098	2026-08-18	8	10	1289	62-20 19M153K	인계동159
21083	2026-08-18	0	0	347	69-20	도덕킹
21076	2026-08-18	27	23	2707	축복 5 총과금 25미만 소과금 유저 풀스테 스펙	데브상폐기원
21068	2026-08-17	0	0	144	68-30 클리어덱	폼생
21067	2026-08-17	0	0	270	고수형님 피드백 부탁해요	daechoo0703
21061	2026-08-17	0	2	719	78-20 클리어 덱	성민성
21056	2026-08-17	0	0	155	68-20 클리어덱	폼생
21055	2026-08-17	1	6	294	97-30 공략:-)	별이꽁
21053	2026-08-17	0	1	292	68-10 클리어덱	폼생
21051	2026-08-17	5	12	685	96-30 공략:-)	별이꽁
21049	2026-08-17	0	0	256	78-30 클 (35M261K) 쿨민	카카쿠
21045	2026-08-17	2	2	675	67-30 비겁이 클리어덱	폼생
21044	2026-08-17	1	0	211	73-30 클리어덱	싱동
21034	2026-08-17	0	0	323	43-30 클리어덱	팡이팡이
21020	2026-08-17	2	0	1321	40-30 (5.476M)	재정
21018	2026-08-17	0	0	360	75-30 클리어 덱	성민성
21003	2026-08-17	4	7	690	94-30 공략:-)	별이꽁
21002	2026-08-17	2	1	544	134-20 초코크림 늑대 망치공주	ROYAL
21001	2026-08-17	1	0	352	75-20 클리어 덱	성민성
20996	2026-08-17	1	0	205	10-30 완전 저투력 클리어 영상	김바보tv
20985	2026-08-17	1	0	199	75-10 혐돌이 클리어덱	성민성
20983	2026-08-17	0	8	1062	94-20 공략:-)	별이꽁
20979	2026-08-17	1	1	914	64-30 비겁 클리어 광고제거 덱조합	크루우으즈
20978	2026-08-17	0	1	21	추천인 맞교환 합니다 	ki112
20973	2026-08-17	0	0	23	선착순 4명 맞교환 하실 분 !!!	데윙
20935	2026-08-17	1	0	407	내 개인적인 쿠키 활용법 정리해봤음 2탄	올렐레오로리
20927	2026-08-17	1	0	100	덱 도와주세요	나오야
20922	2026-08-17	11	9	1510	67-20 폭주단 클리어덱	폼생
20921	2026-08-17	195	33	6234	스테이지 덱 가이드 (그루터기, 쿨링민트, 비겁한 쿠키 등)	ROYAL
20917	2026-08-17	0	0	265	쿨링민트 쿠키 스토리 노컨 보스덱! (영상)	하츠
20903	2026-08-17	0	5	372	29-20미는데 미스가너무많이 뜨는데 뭘더해야하죠	튼튼이아빠
20892	2026-08-17	0	3	31	맞교하실뿐!!	밍밍이킹
20889	2026-08-17	7	3	954	67-10 바이커쥐 클리어덱	폼생
20888	2026-08-17	0	1	70	34-24 두리안 삼총사 도와주세여ㅠㅠ	달콤살벌장미
20887	2026-08-17	0	0	429	66-30 쿨민 클리어덱	폼생
20884	2026-08-17	2	1	529	기록용 35-30 비겁이 클리어 덱	이슬람 마카체프
20864	2026-08-17	0	0	667	32-30 	레이나150
20856	2026-08-17	1	0	267	내 개인적인 쿠키 활용법 정리해봤음	올렐레오로리
20842	2026-08-17	0	0	102	덱 이렇게 짜봤는데 훈수 둬주세요	삐루
20832	2026-08-17	0	1	259	35-30 댁 어케해야할까요ㅜ	방탄유리
20831	2026-08-17	0	0	378	72-30 클리어 덱	성민성
20814	2026-08-17	0	0	116	66-18, 22, 25, 28 두리안 기록용	논리적인고구마
20796	2026-08-17	0	0	53	66-20 해적 클리어덱	폼생
20768	2026-08-17	1	1	342	65-30 쿨민 클리어덱	폼생
20760	2026-08-17	7	7	867	70-30 클리어덱	싱동
20757	2026-08-17	0	0	134	65-20 지렁이 클리어덱	폼생
20756	2026-08-17	0	0	496	91-10 바이커	전종서
20755	2026-08-17	1	0	419	광제 엘리트 마스터 근황입니다.	크루우으즈
20753	2026-08-17	1	2	54	버그	나오야
20752	2026-08-17	4	3	957	62-20 찰스초코! 공략띠띠	별공룡쿠키
20751	2026-08-17	4	1	1967	62-20 62-30 공략법 알림	trinityty
20748	2026-08-17	0	0	25	추천인 교환 :)	천사입니다
20736	2026-08-17	0	0	266	90 및 100초반 쿨링, 비겁 덱	웅스패밀리
20725	2026-08-17	0	1	807	아레나 덱 추천부탁드립니다!!	찬조리
20710	2026-08-17	1	1	681	64-30 쿨링민트 기록용	논리적인고구마
20698	2026-08-17	1	2	1001	70-20 클리어덱	싱동
20683	2026-08-17	236	67	8247	자주쓰는 쿠키 스킬 정리	권
20669	2026-08-17	4	0	1070	사용 가능한 쿠폰	가나
20664	2026-08-17	6	4	674	93-20 공략:-)	별이꽁
20639	2026-08-17	0	2	471	기록용 35-20 폭주족 바이커 공략덱	이슬람 마카체프
20612	2026-08-17	11	20	1936	5.92m 42-30 쿨링민트 클리어덱	키노용병단
20590	2026-08-17	1	0	779	33-30 쿨링민트 클리어. 무과금덱	샤넬바디워시
20555	2026-08-17	1	0	134	47-20 클리어덱	라별
20547	2026-08-17	4	14	396	92-10 공략:-)	별이꽁
20523	2026-08-17	1	5	608	91-30 공략:-)	별이꽁
20489	2026-08-17	0	0	46	68ㅡ18	도덕킹
20487	2026-08-17	2	6	557	91-20 공략:-)	별이꽁
20477	2026-08-17	2	0	485	54-30 14.46m 클리어덱 공유합니다	아이러브로드리
20462	2026-08-17	4	0	697	91-10 공략:-)	별이꽁
20452	2026-08-17	3	0	249	139-30 비겁 상대 첫무빙법	금도끼
20450	2026-08-17	1	2	192	10  30	나오야
20443	2026-08-17	1	5	261	10 30 막혔어요	나오야
20436	2026-08-17	0	0	395	68스테이지 투력컷	도덕킹
20435	2026-08-17	1	0	77	3830 클덱 4M 438K	find
20433	2026-08-17	1	0	553	65-30 쿨링민트 클덱 공유 21.29M	우앙구욷
20430	2026-08-17	1	4	202	10-30막혔어요	나오야
20415	2026-08-17	0	0	197	햄들 30-30 덱 어떻게 짜야할까요	07E1103
20404	2026-08-17	0	0	495	67-30 클리어덱	싱동
20401	2026-08-17	0	3	33	친구추가 교환해요	cytjyh
20390	2026-08-17	12	7	1496	61-20 나무 오토덱	데 브
20389	2026-08-17	2	0	622	보스전 제외 사용하기 좋은 스테이지 원덱 공략 (영상)	서신우
20373	2026-08-17	0	2	550	67-20 클리어덱	싱동
20364	2026-08-17	2	0	477	67-10 클리어덱	싱동
20363	2026-08-17	1	2	442	66-30 클리어덱	싱동
20361	2026-08-17	0	1	93	진짜로 추천인교환 원합니다 	KimraN
20346	2026-08-17	2	2	961	62-30 쿨링민트 19.6M 클덱 공유	우앙구욷
20331	2026-08-16	10	5	1512	망치공주(46-20)	MH1228
20320	2026-08-16	1	2	57	61-5 클리어덱	폼생
20315	2026-08-16	3	6	749	90스테이지 덱 / 90-30 공략:-)	별이꽁
20314	2026-08-16	2	1	675	64-30 비겁이 클리어덱	폼생
20313	2026-08-16	0	0	68	덱 추천 부탁드립니다.	빛다랑99
20312	2026-08-16	0	1	445	64-20 설탕골렘 클리어덱	폼생
20310	2026-08-16	2	0	328	89-30 공략:-)	별이꽁
20304	2026-08-16	1	0	168	63-30 도마뱀 클리어덱	폼생
20296	2026-08-16	1	0	367	67-10 공략	승후이
20295	2026-08-16	4	2	188	89-1 공략:-)	별이꽁
20286	2026-08-16	2	0	177	65-30 클리어덱	싱동
20283	2026-08-16	0	0	277	67-10	도덕킹
20281	2026-08-16	3	2	830	88-30 공략:-)	별이꽁
20279	2026-08-16	0	0	448	66스테, 66ㅡ30 덱 및 투력 컷	도덕킹
20278	2026-08-16	1	5	578	62-30 쿨민 클리어덱	폼생
20269	2026-08-16	0	0	64	59-3EZ덱	데 브
20253	2026-08-16	0	1	955	62-20 망치공주 클리어덱	폼생
20221	2026-08-16	1	3	773	86-30 공략:-)	별이꽁
20220	2026-08-16	5	2	491	70-30 덱 공략	미초네
20217	2026-08-16	0	0	112	39-16 클리어덱 (4.76M) 시간 2초 남음	재정
20208	2026-08-16	0	0	279	66스테 66ㅡ30 덱 및 투력 컷	도덕킹
20183	2026-08-16	5	3	784	61-30 그루터기 클리어덱	폼생
20167	2026-08-16	2	0	540	64 스테, 64ㅡ30 투력컷	도덕킹
20164	2026-08-16	2	1	529	59-30 공략	솔003
20157	2026-08-16	11	8	1829	38-20 클리어 덱	메로나
20154	2026-08-16	2	3	156	57-1 허접 공략	도넛다내꺼
20151	2026-08-16	6	7	1442	86-20 공략:-)	별이꽁
20125	2026-08-16	4	0	980	102-20 망치공주 클리어 정보	쿸킹
20121	2026-08-16	1	0	667	61-30 / 53-20 그루터기 클리어덱 기록용	곰은사람을찢어
20112	2026-08-16	2	3	716	59-30 비겁이 14.94M 클덱	우앙구욷
20111	2026-08-16	35	7	2187	[쿨민X] 스테이지 추천덱 5가지	BisCat
20102	2026-08-16	0	1	284	10-30 진짜 우연찮게 깸...	루엘라
20072	2026-08-16	1	0	496	61-20 그루터기 클리어덱	폼생
20071	2026-08-16	9	4	1117	4.98m 41-30 쿨링민트 클리어 영상	키노용병단
20069	2026-08-16	0	0	162	63 클리어 덱 및 투력컷	도덕킹
20067	2026-08-16	7	4	1201	51-10 클리어덱 (쥐토바이)	뜨거운다람쥐
20055	2026-08-16	4	5	1058	기록용 34-30 쿨링민트 보스 클리어덱	이슬람 마카체프
20030	2026-08-16	5	3	1129	임플란트 타워 600층 원덱 공략 (영상)	서신우
20016	2026-08-16	0	0	193	pve 덱 추천좀 해주세요	Somji
19980	2026-08-16	4	10	1388	38-20 클리어덱 (4.3M)	재정
19939	2026-08-16	2	4	355	66-30	태섭
19920	2026-08-16	2	0	1086	64-30 / 56-30 / 51-30 비겁이 클리어덱 기록용	곰은사람을찢어
19895	2026-08-16	1	1	536	83-30 비겁이	권
19892	2026-08-16	0	2	590	83-10 쥐3마리 바이커	권
19874	2026-08-16	1	2	92	64-25	구미 한라산
19857	2026-08-16	0	1	1085	54-30 / 46-30 쿨민 클리어덱 기록용	곰은사람을찢어
19829	2026-08-16	0	1	370	57-30	데 브
19828	2026-08-16	1	1	573	62-30덱 및 투력컷	도덕킹
19821	2026-08-16	6	1	983	62-20, 62-30 클리어덱	이아아
19778	2026-08-16	0	3	293	10-30공략부탁드려오	도르레2
19768	2026-08-16	1	1	569	64-30 클리어덱	싱동11
19766	2026-08-16	5	2	1144	48-30 클리어덱 (비겁이)	뜨거운다람쥐
19750	2026-08-16	9	17	732	85-30 공략:-)	별이꽁
19738	2026-08-16	0	2	653	62ㅡ20	도덕킹
19731	2026-08-16	0	0	151	60-30 클리어덱	폼생
19700	2026-08-16	1	4	641	85-20 공략:-)	별이꽁
19693	2026-08-16	0	0	263	61 스테, 61ㅡ30 덱 및 투력컷	도덕킹
19676	2026-08-16	1	2	360	최소투력 55%가 기준점 맞지요..?	맥심
19669	2026-08-16	4	1	775	51-30 11.5m 클리어덱 공유합니다(3트)	아이러브로드리
19662	2026-08-16	1	0	383	60-10 클리어덱	폼생
19653	2026-08-16	1	4	390	이걸 어찌 해야하나요..?	맥심
19643	2026-08-16	14	6	756	1번 보스 : 망치공주 컨트롤 공략	뱅국
19621	2026-08-16	0	2	685	69-20 & 69-30 클리어 덱	성민성
19611	2026-08-16	3	1	437	59-30 비겁이 클리어덱	폼생
19606	2026-08-16	5	8	451	84-10 공략:-)	별이꽁
19604	2026-08-16	1	2	1441	32-30 비겁한 쿠키 방랑자덱	샤넬바디워시
19598	2026-08-16	1	0	665	46-20 11.35 클리어덱입니다 (2트)	아이러브로드리
19597	2026-08-16	0	1	385	62-30 55%보정 19.5m 최소컷 클덱	뭔디
19567	2026-08-16	0	3	233	10-30에서 막혔는데 덱 좀 봐주실 수 있나요??	na른
19544	2026-08-16	1	0	669	59-20 클리어덱	폼생
19533	2026-08-16	0	0	159	장비 프리셋 어떤 용도인가요?	맥심
19525	2026-08-16	0	0	415	45-10	MH1228
19521	2026-08-16	0	0	435	67-30 클리어 덱	성민성
19518	2026-08-16	8	3	1276	59-10 바이크 클리어덱	폼생
19507	2026-08-16	1	0	825	58-30 쿨민 클리어덱	폼생
19503	2026-08-16	0	0	600	51-10 드디어 바이커 클리어	아이러브로드리
19490	2026-08-16	0	0	116	61스테 덱 및 투력컷	도덕킹
19487	2026-08-16	1	0	605	아레나덱 추천해주실분~	맥심
19483	2026-08-16	0	0	247	67-20 클리어 덱	성민성
19478	2026-08-16	0	0	75	58-10,20 클리어덱	폼생
19470	2026-08-16	6	0	849	쿨민? 비겁? 영상 하나로 끝내는 모든 스테이지 공략! (영상)	서신우
19462	2026-08-16	9	7	2879	40-30 비겁이 공략	MH1228
19459	2026-08-16	1	1	409	57-30 쿨민 클리어덱	폼생
19439	2026-08-16	1	1	171	그루터기덱?	츄로수
19435	2026-08-16	7	3	1534	(광고x) 싸게 현질 하는 법 알려드립니다	청룡
19424	2026-08-16	6	4	1132	34-30 자동 클리어	초코밥
19412	2026-08-16	0	0	184	57-10 / 57-20  왕방울 클리어덱	폼생
19408	2026-08-16	0	2	65	친구초대 이벤트 MID : LMLNR9554 부탁드립니다!	보라도리
19403	2026-08-16	0	0	153	65-30 클리어 덱	성민성
19402	2026-08-16	3	1	934	56-30 비겁이 클리어덱	폼생
19387	2026-08-16	1	0	386	64-30 클리어덱	성민성
19380	2026-08-15	568	90	25268	뉴비들을 위한 슈가룬 세팅 가이드	밀크흑당버블티
19378	2026-08-15	1	1	175	55-20 클리어덱	폼생
19368	2026-08-15	2	2	710	54-30 쿨민 클리어 덱	폼생
19354	2026-08-15	0	0	578	94-20 망치공주	Sungw
19351	2026-08-15	2	0	319	62-30 덱공유	싱동11
19346	2026-08-15	4	10	892	83-30 공략:-)	별이꽁
19342	2026-08-15	6	4	565	83-20 공략:-)	별이꽁
19340	2026-08-15	1	1	649	62-20 덱공유	싱동11
19337	2026-08-15	3	12	745	83-10 공략:-)	별이꽁
19336	2026-08-15	0	2	1191	54-20 찰스 클리어덱	폼생
19334	2026-08-15	2	3	546	59ㅡ30덱 및 투력 컷	도덕킹
19333	2026-08-15	2	4	678	82-30 공략:-)	별이꽁
19331	2026-08-15	1	14	491	10-30 어떻게 깨야할까요?ㅠㅠㅠㅠㅠ	쇼피할89
19328	2026-08-15	5	4	754	59ㅡ20 투력 컷 공유	도덕킹
19320	2026-08-15	1	4	702	59ㅡ10	도덕킹
19316	2026-08-15	3	9	462	81-30 공략:-)	별이꽁
19314	2026-08-15	1	8	738	58클 및 58ㅡ30, 투력컷 공유	도덕킹
19303	2026-08-15	0	0	120	스테이지 파밍 덱을 구성하고 싶은데 추천 받을 수 있을까요?	오랜지쉬밤
19299	2026-08-15	3	0	443	53-30 클리어덱	폼생
19292	2026-08-15	1	2	793	50-30 클리어덱 공유합니다	아이러브로드리
19286	2026-08-15	6	15	1120	80-30 공략:-)	별이꽁
19253	2026-08-15	1	2	610	43-30 비겁한쿠키 클리어덱	라별
19248	2026-08-15	1	2	1187	46-30 클리어덱 쿨링민트	뜨거운다람쥐
19244	2026-08-15	7	2	1825	40-30 비겁한쿠키 공략 덱	초코칩쿸이
19238	2026-08-15	1	0	569	45-30 공략	떠러니
19221	2026-08-15	0	0	76	31-30 도와주세요ㅜ	김선우
19198	2026-08-15	1	1	533	46-30 8m	경비병
19195	2026-08-15	2	10	1023	56ㅡ30 및 56스테이 투력컷	도덕킹
19188	2026-08-15	3	0	338	59-30 55%보정 16.7m최소컷 클덱	뭔디
19179	2026-08-15	2	2	339	80-20 공략:-)	별이꽁
19171	2026-08-15	19	14	3129	4.38m 40-30 비겁한 쿠키 클리어 및 손컨 공략	키노용병단
19164	2026-08-15	3	3	1280	46-20 클리어덱 (망치공주)	뜨거운다람쥐
19155	2026-08-15	0	0	98	55ㅡ20	도덕킹
19152	2026-08-15	6	5	1069	48-30 9.43m 비겁한 클리어덱&팁 공유합니다	아이러브로드리
19150	2026-08-15	0	0	38	65-22	Qazwsx0412
19144	2026-08-15	1	0	455	61-10 클리어덱	싱동11
19127	2026-08-15	22	5	2801	스텔라 링크 저렴하게 86%찍기 소소한 팁	까불면아야한다
19110	2026-08-15	0	4	454	뉴비 덱 조합좀 도와주세요ㅠ	잉붕뿡
19096	2026-08-15	2	0	674	40-18 클리어 덱,팁(4.8M)	팡이팡이
19063	2026-08-15	2	2	606	46-30 클리어덱입니다(9.07m)	아이러브로드리
19032	2026-08-15	4	2	551	54ㅡ30	도덕킹
19004	2026-08-15	3	3	920	54ㅡ20	도덕킹
18987	2026-08-15	0	0	379	53ㅡ30 /53스테 하위라운드덱	도덕킹
18977	2026-08-15	7	1	628	33-30 자동 클리어	초코밥
18952	2026-08-15	3	0	672	78-30 공략:-)	별이꽁
18947	2026-08-15	2	3	405	49-30 기록용	안녕하셍
18930	2026-08-15	0	2	197	11-30 깼다!!	텐지안
18929	2026-08-15	9	10	1587	78-20 공략:-)	별이꽁
18924	2026-08-15	1	3	577	59-20 (폭주족 트럭) 클덱 메모용	여우야
18920	2026-08-15	1	1	479	59-30 클리어덱	싱동11
18915	2026-08-15	19	1	2338	최근 스테 잘미는 딜러 몰빵덱	곰은사람을찢어
18912	2026-08-15	1	2	749	53ㅡ20	도덕킹
18902	2026-08-15	3	2	933	78-20 망치공주	권
18901	2026-08-15	2	2	634	43-30 클리어덱 (비겁이)	뜨거운다람쥐
18900	2026-08-15	0	0	97	3마리 초과 보스 클리어덱 (기록용)	키노용병단
18899	2026-08-15	0	0	54	3마리 보스 클리어덱 (기록용)	키노용병단
18892	2026-08-15	0	1	286	59-20 클리어덱	싱동11
18890	2026-08-15	0	0	162	51-52 자동덱	도덕킹
18888	2026-08-15	0	0	389	56-30 15.3m 클덱	뭔디
18887	2026-08-15	7	7	1129	4.32m 39-20, 39-30 클리어덱	키노용병단
18881	2026-08-15	1	0	472	46-20 8.83m 클리어 덱 공유합니다	아이러브로드리
18853	2026-08-15	0	0	298	46-10 8.31m 클리어덱입니다	아이러브로드리
18843	2026-08-15	1	0	527	59-10 덱클리어 ㅇㄷ	싱동11
18840	2026-08-15	6	13	508	77-30 공략:-)	별이꽁
18834	2026-08-15	1	1	438	54-30 13m 55% 보정 클덱	뭔디
18805	2026-08-15	0	2	413	51-20	데 브
18804	2026-08-15	0	1	360	48-30	크림쿠키
18802	2026-08-15	1	0	491	58-30 덱공유	싱동11
18798	2026-08-15	0	2	1031	아레나 이해안되는거	지오이오
18772	2026-08-15	5	10	1023	77-20 공략:-)	별이꽁
18755	2026-08-15	0	3	417	77-10 공략:-)	별이꽁
18751	2026-08-15	0	1	268	드디어 바람궁수 얻었슴등	말랑데브
18722	2026-08-15	4	8	1330	40-30	츠하하
18720	2026-08-15	30	15	3826	4.3m 38-30 쿨링민트 클리어덱	키노용병단
18713	2026-08-15	2	2	604	50-30	데 브
18706	2026-08-15	0	0	169	63-30 클리어 덱	성민성
18698	2026-08-15	0	0	188	저 덱추천 좀 해주세요ㅜㅜ 3-20이 안깨져오	강인한청경채
18692	2026-08-15	1	2	296	살려주세요	기니피그크면피그
18690	2026-08-15	40	5	2718	임플란트 타워 덱(2개)	성민성
18678	2026-08-15	0	0	457	80-30 공략 마카롱의 중요성	니여친쩔더라
18676	2026-08-15	0	0	220	63-20 클리어 덱	성민성
18672	2026-08-15	1	0	263	57-30 덱공유	싱동11
18670	2026-08-15	11	0	2232	무과금 찐뉴비를 위한 초반 PVE용 연쇄덱	푸바오엉덩이
18639	2026-08-14	4	11	894	75-30 공략:-)	별이꽁
18638	2026-08-14	0	2	311	78-30 공략	니여친쩔더라
18633	2026-08-14	1	0	512	78-20 공략	니여친쩔더라
18629	2026-08-14	8	8	940	56-30 클레어덱 공유	싱동11
18623	2026-08-14	2	6	647	75-10 공략:-)	별이꽁
18615	2026-08-14	2	4	750	74-30 공략:-)	별이꽁
18604	2026-08-14	225	35	9694	중과금 이상 유저들을 위한 아레나 슈가룬 가이드	밀크흑당버블티
18600	2026-08-14	1	1	355	52-10 클리어덱	폼생
18594	2026-08-14	3	1	563	62-30 클리어덱	성민성
18592	2026-08-14	9	5	940	51-30 비겁이 클리어덱	폼생
18591	2026-08-14	1	3	389	49-30 EZ덱 빌드 설명	데 브
18582	2026-08-14	0	0	501	51ㅡ20	도덕킹
18581	2026-08-14	0	4	285	73스테 덱 공유 / 73-20 공략:-) 	별이꽁
18580	2026-08-14	0	0	245	51-20 클리어덱	폼생
18571	2026-08-14	8	0	782	51-10 바이커쥐 클리어덱	폼생
18570	2026-08-14	0	0	520	51ㅡ10 쥐돌이	도덕킹
18564	2026-08-14	2	2	812	43-30 비겁한 쿠키 클덱	사일런트솔트
18563	2026-08-14	1	0	664	62-20 망치맨 클리어덱	성민성
18559	2026-08-14	9	8	1049	72-30 공략:-)	별이꽁
18544	2026-08-14	2	2	630	48-30클리어덱 공유(루시퍼길드에서 함께할분)	데 브
18539	2026-08-14	0	3	173	조합 추천 부탁드려요	김선우
18533	2026-08-14	4	2	543	57-10 초코 왕방울에서 막히시는 분들!!	김냥
18532	2026-08-14	169	24	4995	장비 및 보조옵션 선택	신비한쿠키사전
18530	2026-08-14	2	3	356	72-20 공략:-)	별이꽁
18528	2026-08-14	0	2	138	바궁 시너지 넣을 때	지오이오
18519	2026-08-14	1	6	523	저 왤케 투력이 낮을까요	나루탱
18514	2026-08-14	3	3	1275	42-30 쿨링민트 클리어덱	라별
18478	2026-08-14	6	3	1304	32-30 덱편성	Jhoney
18474	2026-08-14	4	6	757	70-30 공략:-)	별이꽁
18471	2026-08-14	1	0	155	쥐돌이 작은팁	두리두
18457	2026-08-14	4	38	2102	70-20 공략:-)	별이꽁
18447	2026-08-14	0	0	605	41-30 쿨링민트 클리어덱	라별
18446	2026-08-14	1	2	599	50-30 클리어덱	폼생
18438	2026-08-14	0	0	381	48스테 원덱	도덕킹
18428	2026-08-14	4	3	2656	43-10, 43-20 클덱	사일런트솔트
18417	2026-08-14	0	4	38	친구초대 맞교환하실 분 댓글주세요.	Leon
18413	2026-08-14	5	0	579	69-30 공략:-)	별이꽁
18401	2026-08-14	220	35	6775	슈가룬	밥밥디라라
18397	2026-08-14	3	1	481	44-10 7.33m 클리어덱 공유합니다	아이러브로드리
18395	2026-08-14	0	0	205	마녀 공략덱 망치	호두맹고
18369	2026-08-14	3	8	527	69-20 공략:-)	별이꽁
18350	2026-08-14	2	1	507	48-30 클리어덱 공유	명 힌
18343	2026-08-14	70	8	4342	슈가룬 연구 3일차 ( 맞닥뜨린 딜레마에 관하여)	밀크흑당버블티
18323	2026-08-14	484	72	17526	처음 시작하시는 분들을 위한 모든 팁들 모음(8/28수정)	한국과자
18315	2026-08-14	0	0	344	68-10 공략:-)	별이꽁
18310	2026-08-14	0	4	1727	몬스터 잡기 좋은 쿨민덱 공략 (영상)	서신우
18287	2026-08-14	2	2	1234	32-30 반나절만에 성공 ㅠㅠ 	나루탱
18273	2026-08-14	0	2	623	32-30 막혔는데 스토리덱 추천부탁드려요	우마이22
18254	2026-08-14	3	3	1193	35-10 초미세 팁	좌절은없다34
18247	2026-08-14	0	0	55	43-28 다중몹보스 클리어덱 기록용	곰은사람을찢어
18234	2026-08-14	10	12	2007	40-30 공략	떠러니
18224	2026-08-14	3	8	1336	43-10 클리어덱 쥐토바이	뜨거운다람쥐
18215	2026-08-14	2	0	424	50스테이지 클리어덱	폼생
18209	2026-08-14	7	8	1042	67-30 공략:-)	별이꽁
18192	2026-08-14	3	8	682	67-20 공략:-)	별이꽁
18188	2026-08-14	1	1	345	43-20 폭주 트럭 클리어덱 기록용	곰은사람을찢어
18187	2026-08-14	3	3	477	51-20 최소투력 덱	뭔디
18186	2026-08-14	1	1	152	47스테 방치	도덕킹
18179	2026-08-14	2	2	221	49-30 클리어덱	폼생
18176	2026-08-14	0	8	998	67-10 공략:-)	별이꽁
18157	2026-08-14	2	5	685	66-30 공략:-)	별이꽁
18145	2026-08-14	0	0	222	49스테이지 클리어덱	폼생
18140	2026-08-14	1	1	534	43-10 폭주 3쥐 클리어덱 기록용	곰은사람을찢어
18089	2026-08-14	38	25	4203	전갈 + 소환덱 스테이지용 추천	깜상곰티
18084	2026-08-14	1	9	533	65-30 공략:-)	별이꽁
18072	2026-08-14	16	12	1410	40-18, 40-22 얼음골렘(스노우볼 설인) 클리어덱	라별
18063	2026-08-14	0	0	327	초코 왕방울 클리어방법	케이크 들개
18059	2026-08-14	1	1	547	72-30 비겁한 쿠키 클리어덱	내어어듀
18046	2026-08-14	3	6	1104	64-30 공략:-)	별이꽁
18045	2026-08-14	0	5	944	32-30 30트만에	MC2a 안준영
18012	2026-08-14	0	0	396	48-30 클리어덱	폼생
18000	2026-08-14	0	2	245	덱 추천부탁드립니다	밍묭먕여
17998	2026-08-14	0	5	1222	34-30 쿨링민트 도와주세요 ㅠㅠㅠ	오후반가플리즈
17973	2026-08-14	2	2	349	40-10	라별
17968	2026-08-14	0	0	162	35스테 진입 덱 질문드립니다	민초라떼
17962	2026-08-14	6	11	1269	42-30 클리어덱	뜨거운다람쥐
17944	2026-08-14	0	2	299	59-20 클리어덱	성민성
17919	2026-08-14	0	0	725	59-10 클리어덱(원트에 성공해서 놀람)	성민성
17907	2026-08-14	1	0	337	64-30	권
17897	2026-08-14	0	2	556	58-30 클리어 덱	성민성
17878	2026-08-14	0	0	229	39-10 도마뱀	라별
17877	2026-08-14	12	18	5419	소과금 아레나 사기덱 추천드립니당	빠른바람
17875	2026-08-14	2	1	642	46-30 클리어덱	폼생
17871	2026-08-14	0	3	1051	46-20 클리어덱	폼생
17861	2026-08-14	7	3	816	45-30 클리어덱	폼생
17844	2026-08-13	1	0	566	56-30 클리어 덱	성민성
17843	2026-08-13	0	0	457	46스테 원덱	도덕킹
17840	2026-08-13	1	2	846	막히는거 있을때 소액 과금	MH1228
17813	2026-08-13	0	0	304	55-30 난이도 대폭 하향 체감	성민성
17810	2026-08-13	0	0	190	63-30 공략:-)	별이꽁
17799	2026-08-13	6	7	1903	퀘스트 일괄완료 보상 미지급 유저분들을 위한 글	룰루형님
17798	2026-08-13	1	1	565	54-30 클리어 덱	성민성
17791	2026-08-13	7	4	1489	54-20 클리어덱	성민성
17790	2026-08-13	4	19	1122	62-30 공략:-)	별이꽁
17780	2026-08-13	17	13	1502	45-20 클리어덱	폼생
17771	2026-08-13	0	1	24	친구 추천 맞교환 하실 분	데윙
17765	2026-08-13	0	0	168	44,45 스테이지 클리어덱	폼생
17760	2026-08-13	0	2	223	뉴비 스테이지 질문	Xhun
17755	2026-08-13	742	98	20626	뉴비~소과금 유저를 위한 슈가룬 효율표 (8/16 모든 공략 대폭 수정)	밀크흑당버블티
17751	2026-08-13	1	16	748	61-30 공략:-)	별이꽁
17748	2026-08-13	7	4	1759	슈가룬 연구 2일차.	밀크흑당버블티
17747	2026-08-13	1	2	486	53-30 클리어 덱	성민성
17743	2026-08-13	40	11	2237	임플란트타워에 지친 당신을 위한 범위연쇄덱-	데브상폐기원
17730	2026-08-13	10	4	831	61-20 공략:-)	별이꽁
17724	2026-08-13	2	2	954	53-20 클리어 덱	성민성
17718	2026-08-13	1	0	144	45스테 원덱	도덕킹
17688	2026-08-13	0	0	121	60-30 공략:-)	별이꽁
17675	2026-08-13	1	0	489	53-10 클리어덱	성민성
17654	2026-08-13	3	3	1982	38-30 쿨링민트 클리어덱	라별
17650	2026-08-13	6	4	886	51-10 덱공유	싱동11
17646	2026-08-13	1	6	804	59-30 공략:-)	별이꽁
17631	2026-08-13	0	0	505	50-30 덱공유	싱동11
17627	2026-08-13	1	3	314	59-20 공략:-)	별이꽁
17625	2026-08-13	7	2	1475	48-30, 51-30, 56-30, 59-30, 64-30 (비겁한 쿠키) 클덱	여우야
17623	2026-08-13	1	4	381	36-10 클리어덱	팡이팡이
17611	2026-08-13	2	4	676	43-30 클리어덱	폼생
17608	2026-08-13	0	2	580	59-10 공략:-)	별이꽁
17595	2026-08-13	4	12	547	58-30 공략:-)	별이꽁
17583	2026-08-13	0	4	1105	스테이지를 무조건적으로 빨리미는게 정답인가요?	나만의라때
17512	2026-08-13	0	0	223	49-30 클리어덱	싱동11
17499	2026-08-13	1	1	320	61-10 공략	니여친쩔더라
17490	2026-08-13	9	7	1747	34-30 깬 방법	ZI존딸기
17473	2026-08-13	2	4	356	57-30 공략:-)	별이꽁
17461	2026-08-13	2	4	981	최고등급인 오븐방랑자 아레나에서	해앵보옥
17450	2026-08-13	1	1	313	덱좀 봐주세요 ..ㅠㅠ 이정도면 시너지 잘 나올까요	쨔니아빠
17443	2026-08-13	1	1	574	51-30 클리어덱	성민성
17435	2026-08-13	7	4	1452	40-30 클리어덱	뜨거운다람쥐
17388	2026-08-13	7	0	575	56-30 공략:-)	별이꽁
17386	2026-08-13	2	2	272	51-20 클리어 덱	성민성
17381	2026-08-13	110	9	7676	스토리 덱 추천	도미
17374	2026-08-13	13	2	2911	[정보] 아레나 시즌1 랭킹 TOP 100 쿠키 기용 횟수 정리	마망
17364	2026-08-13	6	2	5040	당장 쿨민 아레나 덱에서 빼십쇼	아미노펜
17331	2026-08-13	0	0	96	파티 짜주실분?	린네
17327	2026-08-13	413	34	11782	던전 덱 총 모음집	도미
17326	2026-08-13	2	0	411	51-10 극혐보스	성민성
17318	2026-08-13	1	2	356	48-30 덱공유	싱동11
17302	2026-08-13	1	2	220	55-30 공략:-)	별이꽁
17258	2026-08-13	2	4	1505	35-10 쥐새끼 클리어 덱	팡이팡이
16969	2026-08-13	234	48	15158	점검시간 심심해서 만든 쿠키 티어표 (스테이지/아레나)	밀크흑당버블티
16935	2026-08-13	0	0	847	51-10, 51-20 클리어 덱 공유	도미
16900	2026-08-13	14	8	1974	35-30 공략	MH1228
16896	2026-08-13	12	5	2472	46-20, 54-20, 62-20 (망치공주) 클덱	여우야
16888	2026-08-13	2	8	949	54-30 공략:-)	별이꽁
16875	2026-08-13	2	2	1001	54-20 공략:-)	별이꽁
16874	2026-08-13	606	89	17137	‼️32-30부터 78-30까지 주요 보스 공략‼️	173715519
16862	2026-08-13	2	1	508	46-30 클리어덱	싱동11
16855	2026-08-13	1	3	523	38-10 암살자 클리어덱	라별
16843	2026-08-13	6	10	1635	1.62m 32-30 통곡의벽 클리어덱	Harui
16828	2026-08-13	1	4	597	46-20 클리어덱	싱동11
16815	2026-08-13	8	5	1408	38-30 좌표	커다란망고
16780	2026-08-13	3	2	595	45-10 (독버섯) 클덱	여우야
16778	2026-08-13	1	1	117	37-21 클리어덱 (기록용)	라별
16774	2026-08-13	1	2	714	80-30 비겁이 무난하게 클	쿠키3
16764	2026-08-13	3	5	1105	34-30 클리어덱 공유합니다.	팡이팡이
16756	2026-08-12	2	7	607	35-20 1트 클리어 공략	MH1228
16752	2026-08-12	0	0	701	35-10 쥐잡이	MH1228
16750	2026-08-12	31	19	1854	75-10 폭주단 바이커 마지막 공략글입니다 전투력26.3M	그니그니
16749	2026-08-12	4	1	441	73 초코 왕방울 공략 전투력 23.9M	그니그니
16748	2026-08-12	6	2	996	72-30 비겁한 쿠키 공략 전투력 23.4M	그니그니
16747	2026-08-12	3	0	611	72-20 얼음사탕 골렘 공략 전투력22.5M	그니그니
16746	2026-08-12	4	3	2124	70-20 망치공주 공략 전투력22.6M	그니그니
16743	2026-08-12	0	0	535	10ㅡ30~ 클리어 덱 공유	쫑앙
16739	2026-08-12	12	8	1412	69-20,69-30 오염된 그루터기 정령 공략 전투력22.3M	그니그니
16738	2026-08-12	0	0	190	68 스테이지 3마리 은행강도 폭탄광 공략 전투력22.22M 클리어	그니그니
16737	2026-08-12	1	4	539	68-10 생크림콘 독수리 공략 전투력 21.7M	그니그니
16734	2026-08-12	1	6	493	39-30 클리어덱	뜨거운다람쥐
16731	2026-08-12	1	0	297	75-30 비겁 기록용	바삭
16730	2026-08-12	0	0	128	75-10 쥐돌이 기록용	바삭
16728	2026-08-12	3	2	530	43-20 클리어덱	폼생
16720	2026-08-12	10	6	1587	34-30 클리어 공략 (무소과금 전용)	팔달윤진석
16710	2026-08-12	0	2	318	10-30 공략 찾아요	늅늅늅
16701	2026-08-12	0	0	484	74-30 쫄몹 쿨링민트 기록용	바삭
16700	2026-08-12	0	2	325	70-20	Rose
16683	2026-08-12	13	2	1690	아레나 위치베리덱	김독자
16645	2026-08-12	18	6	1976	43-10, 43-20, 43-30 클리어 덱 공유 및 소소 공략(꿀팁?)📎	제주
16601	2026-08-12	0	1	384	초보 덱짜는법 알려주세요	강하늘같은준영
16600	2026-08-12	29	7	3428	슈가룬 연구 1차 (오늘은 쿠키는 전갈만 다뤄봤습니다.)	밀크흑당버블티
16543	2026-08-12	10	9	2176	37-20, 37-30 클리어덱 나무	라별
16539	2026-08-12	5	2	1594	40-30 5.7M 클리어덱 공유	안녕하세용gg
16534	2026-08-12	1	0	596	34-30 클리어덱	의왕이
16521	2026-08-12	4	2	681	43-10 클리어 덱	폼생
16469	2026-08-12	0	1	413	29-30 도와주십쇼ㅠㅠ	장지훈바보
16465	2026-08-12	8	8	2469	38-20 스테 클리어덱 공유	뜨거운다람쥐
16389	2026-08-12	4	2	733	쿨링민트 보스 체급부족시 고려 할 덱리	데브상폐기원
16380	2026-08-12	0	0	194	80-20 클	쿠키3
16316	2026-08-12	0	0	555	64-30 비겁한 쿠키 클리어 덱	내어어듀
16309	2026-08-12	7	5	1130	67-30 비겁한 쿠키 공략 전투력20.8M	그니그니
16303	2026-08-12	5	0	736	67-20 폭주단 트럭 공략 전투력21.7M	그니그니
16301	2026-08-12	3	1	848	크럼블 40-30 아플때 셋팅(?)	송송송송이
16293	2026-08-12	0	2	71	추천인공유하실분	볼때기소희
16280	2026-08-12	7	2	1123	43ㅡ30	도덕킹
16276	2026-08-12	5	0	1327	35-30 비겁한 쿠키 클리어 덱 공유	지젤
16264	2026-08-12	2	2	1063	48-10, 48-20, 48-30 클리어 덱 공유	도미
16259	2026-08-12	1	1	672	40-30 공략	웈
16253	2026-08-12	3	4	780	78-20 망치 클	쿠키3
16246	2026-08-12	4	0	1540	62-20 망치공주, 62-30 쿨링민트 클리어 덱	내어어듀
16219	2026-08-12	1	0	121	47-30 클리어 영상 공유	지은
16217	2026-08-12	7	2	1548	망치공주 간단히 깨는 팁 및 62-20 덱	lillliiiillliil
16201	2026-08-12	0	1	488	47-10, 47-20, 47-30 원덱 클리어 공유	도미
16196	2026-08-12	0	4	636	37-10 클리어덱	라별
16193	2026-08-12	0	0	74	47-20 클리어 영상 공유	지은
16169	2026-08-12	1	2	413	34-30 관련	MH1228
16168	2026-08-12	8	6	1168	33-30 이것저것해보고 클리어덱	pufff
16160	2026-08-12	0	0	186	36-1~36-30 클리어덱	라별
16138	2026-08-12	12	6	903	40-30 비겁한쿠키 5.88투력 덱부족한 분들 참고영상	하츠
16129	2026-08-12	0	0	214	29-30	하랑핑
16117	2026-08-12	0	1	579	46-30 쿨링민트 클리어 영상 공유	지은
16114	2026-08-12	8	0	3098	숨겨진사기캐	무과금크럼블
16111	2026-08-12	2	9	2619	전갈 슈가룬	낙뢰
16106	2026-08-12	0	0	104	덱좀 짜주실분 있을까요?	달리자피군
16095	2026-08-12	0	0	229	43ㅡ20	도덕킹
16081	2026-08-12	6	22	1259	53-30 공략:-)	별이꽁
16073	2026-08-12	0	7	866	43ㅡ10(쥐돌이####)	도덕킹
16070	2026-08-12	0	0	13	추천인 코트 교환 해요~~	somthing86
16052	2026-08-12	0	0	876	48-30 클리어 덱 (전갈20 + 명량 최대한 버티기)	성민성
16049	2026-08-12	5	3	872	35-30 비겁한쿠키 클리어덱	라별
16018	2026-08-12	2	1	871	43-30 덱공유	싱동11
16017	2026-08-12	1	0	320	56-30 비겁 기록용	권
16015	2026-08-12	0	1	320	75-30 비겁이 클	쿠키3
16011	2026-08-12	1	1	230	추천코드 입력 어디서 찾는지 모르는분들	꼬마혀니
16009	2026-08-12	4	5	873	35-30 클리어덱	누런궁둥짝버섯
16004	2026-08-12	0	0	162	뉴비입니다. 덱 추천 부탁드릴게용	지옥의 심판자
15995	2026-08-12	39	25	3326	공증과 스증 뭐가 더 좋을까?	도미
15974	2026-08-12	0	0	1232	현재 모든 쿠폰 정보 공유/ 추천인 코드	팔달윤진석
15957	2026-08-12	0	0	248	65-30 쿨링	웅스패밀리
15954	2026-08-12	1	2	486	54-30 쿨민	권
15949	2026-08-12	4	10	690	53-20 공략:-)	별이꽁
15948	2026-08-12	0	0	651	54-20 망치공주	권
15941	2026-08-11	2	2	361	64-30 비겁	미서리스
15939	2026-08-11	2	2	386	53-20 53-30그루터기	권
15929	2026-08-11	3	2	617	70-20 망치공주 기록용	바삭
15922	2026-08-11	0	0	129	48-20 클리어덱	성민성
15919	2026-08-11	2	3	544	37-20 (기록용)	크림쿠키
15914	2026-08-11	4	8	935	43-10 덱공유	싱동11
15909	2026-08-11	4	1	770	48-30(비겁한 쿠키) 클리어 기록	안경여우
15907	2026-08-11	0	0	295	47-20, 30(와플 도마뱀) 클리어 기록	안경여우
15906	2026-08-11	0	0	645	46-30(쿨링민트맛 쿠키) 클리어 기록	안경여우
15904	2026-08-11	2	0	695	46-20 망치공주 클리어	wisiwk
15899	2026-08-11	0	0	324	48-18 클리어덱 (극딜조합)	성민성
15892	2026-08-11	0	3	481	10-30 바궁없이 클리어덱	ㅡㅏ
15882	2026-08-11	0	0	204	46 30 쿨민 기록	호이호잏
15875	2026-08-11	1	2	628	40-30	동 자
15869	2026-08-11	5	3	1082	42-30 클리어덱	폼생
15860	2026-08-11	1	0	403	42 스테이지 클리어덱	폼생
15858	2026-08-11	2	1	72	겨우 깼아요	호이호잏
15856	2026-08-11	0	1	134	47-30 얼떨결에 클리어된 자동덱(손컨0)	성민성
15848	2026-08-11	0	1	750	42 스테덱 /42 ㅡ30덱	도덕킹
15845	2026-08-11	4	0	786	일일던전 코인	유촤니
15844	2026-08-11	0	1	78	47-20 클리어덱	성민성
15839	2026-08-11	13	10	2269	일일던전 연구석던전편- 소과금러	데브상폐기원
15830	2026-08-11	6	6	415	53-10 공략:-)	별이꽁
15817	2026-08-11	0	2	32	추천인 안하신분 저랑 교환해요 !!!	데윙
15803	2026-08-11	4	2	1365	아레나 덱 평가 가능할까요?	도형놀이
15797	2026-08-11	5	1	822	41-30 클리어덱	폼생
15795	2026-08-11	0	0	425	41 스테이지 덱	폼생
15789	2026-08-11	3	2	503	46-20 망치공주 클리어 영상 공유	지은
15787	2026-08-11	2	1	1379	34-30 쿨링민트맛쿠키 공략 덱 & 팁	초코칩쿸이
15780	2026-08-11	11	5	1791	38-20 드디어....	우앙구욷
15775	2026-08-11	0	1	329	39-30 클리어 덱 공유	Uugvuyvuuybu
15774	2026-08-11	0	0	303	51-30 비겁이	권
15766	2026-08-11	5	2	856	40-28 스노우볼 설인 노컨 덱	하츠
15764	2026-08-11	1	0	237	46-30 클리어 덱	성민성
15756	2026-08-11	6	1	926	40-30 클리어덱	폼생
15749	2026-08-11	7	1	960	40-30 클리어덱 + 약간의 꿀팁	파문학
15747	2026-08-11	1	7	302	덱좀 짜주세요 ㅠㅠ 영 모르겟네요	쨔니아빠
15728	2026-08-11	2	2	440	52-10 공략:-)	별이꽁
15726	2026-08-11	5	3	572	75-20 클	쿠키3
15710	2026-08-11	0	1	35	코드 교환하실분~	효세나
15707	2026-08-11	4	5	590	51-30 공략:-)	별이꽁
15700	2026-08-11	71	9	3870	크럼블 스테이지 막힐 때 확인해보면 좋은 사이트	도덕킹
15694	2026-08-11	0	1	370	뉴비 도와주세요...	호밀맛쿠키
15691	2026-08-11	2	0	437	45-30 그루터기 클리어 공유	지은
15690	2026-08-11	4	7	1154	45-20 그루터기 클리어 공유	지은
15669	2026-08-11	0	0	423	59-30 비겁	미서리스
15657	2026-08-11	5	16	1548	40-30  무과금 클리어입니다	크루우으즈
15637	2026-08-11	100	23	5985	“한 눈 팔다가 랭킹이 바꼈습니다“ 임플란트 타워 덱 공유	도미
15634	2026-08-11	0	0	153	41스테이지 클리어덱	도덕킹
15627	2026-08-11	7	8	1919	38-30 클리어 덱(5트)	아이러브로드리
15624	2026-08-11	0	1	686	직장인들은 그냥 패스해라.	몽환의숲
15623	2026-08-11	0	0	522	35-20 클리어덱	라별
15615	2026-08-11	1	1	324	72-30 비겁이 클	쿠키3
15612	2026-08-11	0	0	532	45-20, 45-30 그루터기 클리어	wisiwk
15610	2026-08-11	2	2	864	45-10, 45-20, 45-30 클리어덱 공유	도미
15603	2026-08-11	0	1	1151	35-10 쥐 클리어덱	라별
15579	2026-08-11	0	3	906	38-20 망치부인 팁좀 주실분	한이삭
15578	2026-08-11	0	2	27	코드 교환하실분 ~~~	Losmer
15559	2026-08-11	2	10	1208	38-30 클리어덱 공유	명 힌
15558	2026-08-11	10	11	1295	67-10 폭주단 바이커 공략 전투력 23.3M	그니그니
15554	2026-08-11	5	8	1267	66-30 쿨링민트맛 보스 공략 전투력17.8M	그니그니
15552	2026-08-11	0	2	615	34-30 클리어덱	라별
15550	2026-08-11	0	0	134	33-21 클리어 덱(2.45M)	V OCALIST
15545	2026-08-11	5	2	598	65 스테이지 초코 왕방울 공략 가이드 전투력18M	그니그니
15538	2026-08-11	0	0	8	추천인 부탁드려요 (MSLBL7591) 댓글 주시면 복사 갑니당	Somji
15537	2026-08-11	0	0	360	59-30 비겁한 쿠키 클리어덱	내어어듀
15534	2026-08-11	0	3	604	43-30 클리어 영상 공유	지은
15530	2026-08-11	0	6	351	이겜 tssr 풀돌 얼마질러탸되나요?	비둘기는구구구구
15528	2026-08-11	0	0	100	덱 추천좀 어떤거	Somji
15519	2026-08-11	3	4	528	59-20 폭주단 트럭 클리어 덱	내어어듀
15512	2026-08-11	0	0	392	10-30 클리어덱	물렁한홍시
15509	2026-08-11	6	4	433	51-20 공략:-)	별이꽁
15505	2026-08-11	2	0	438	45-20 그루터기	쿠크다스s004
15499	2026-08-11	0	1	586	59-10 쥐 3마리 바이크 클리어덱	내어어듀
15491	2026-08-11	10	9	1392	40ㅡ30 덱(최소 스펙 공유)	도덕킹
15488	2026-08-11	2	10	835	51-10 공략:-)	별이꽁
15485	2026-08-11	3	5	410	43-20 폭주족 트럭 클리어 영상(난이도 하)	지은
15478	2026-08-11	0	6	329	45-10 클리어 덱 & 공략	쿠크다스s004
15454	2026-08-11	0	3	323	쿠키런 크럼블 2일차인 초보자입니다 ㅠㅠ	자탱
15427	2026-08-11	5	3	1715	32 - 30 클리어	박각시
15406	2026-08-11	2	8	786	33-30 클리어덱	라별
15389	2026-08-11	7	4	668	50-30 공략:-)	별이꽁
15349	2026-08-11	0	1	604	38-30 클리어덱	삼각김밥
15321	2026-08-11	1	3	935	32-30 클리어덱	라별
15304	2026-08-11	0	0	641	56-30 비겁한 쿠키 클리어 덱	내어어듀
15303	2026-08-11	9	6	3984	노움연구소 하나씩만 하면서 설탕불꽃 특별연구부터 깨두세요	내어어듀
15301	2026-08-11	1	0	366	41-30 덱공유	싱동11
15281	2026-08-11	5	1	595	62-30 쿨링민트 정석이 아닌 날빌덱	금도끼
15244	2026-08-11	6	6	1281	62-20 망치 5초남기고 컷	금도끼
15219	2026-08-11	1	4	803	44-10, 44-20, 44-30 클리어 덱 공유	도미
15215	2026-08-11	1	6	746	51-10 쥐 3마리	권
15205	2026-08-11	0	0	217	50-30 기록용	권
15204	2026-08-11	5	1	770	34-30 공략	파동Padong
15196	2026-08-11	0	0	320	46-30 쿨민 덱공유	어느새
15191	2026-08-11	1	0	427	49-1 ~ 49-30 쿨민	권
15171	2026-08-11	1	2	238	35-20(기록용)	크림쿠키
15169	2026-08-11	0	2	549	축복 1~7까지 가는데 얼마정도 질러야 하나요??	ysh3905
15168	2026-08-11	0	2	501	48-30 비겁이	권
15161	2026-08-11	1	1	643	신규유저 팁	박세건
15145	2026-08-10	3	0	555	46-20  클리어 덱	성민성
15141	2026-08-10	0	0	63	47-30 기록용	권
15133	2026-08-10	1	0	432	64-30 비겁한쿠키 기록용	바삭
15126	2026-08-10	4	3	783	39-20 팁	동 자
15125	2026-08-10	9	11	1847	32-30 비겁한 쿠키 공략 덱	너자신을코알라
15109	2026-08-10	9	8	1672	43-10, 43-20, 43-30 클리어 덱 공유	도미
15108	2026-08-10	1	1	735	스테이지 덱 추천해주세오	하몽이
15099	2026-08-10	3	0	412	49 스테이지 덱 공유 :-)	별이꽁
15095	2026-08-10	1	10	901	38-30 클리어	동 자
15090	2026-08-10	2	12	1222	40-30 진짜 꿀공략!	김냥
15077	2026-08-10	2	3	401	45-30 클리어 덱	성민성
15075	2026-08-10	2	2	528	38-10 덱 공유합니다	아이러브로드리
15058	2026-08-10	2	3	359	40-25 클리어덱	폼생
15055	2026-08-10	3	8	1383	46-20(망치공주) 클리어 기록	안경여우
15047	2026-08-10	5	5	562	45-20 손컨 필요없는덱	성민성
15045	2026-08-10	1	15	910	48-30 공략:-)	별이꽁
15029	2026-08-10	8	8	503	43-30 비겁한 쿠키 클리어	wisiwk
15027	2026-08-10	5	0	640	빠르게 스테이지 밀때 괜찮은 덱	trinityty
15017	2026-08-10	10	6	786	40-30 덱공유	싱동11
14956	2026-08-10	3	4	1073	38-20 찰스활용 덱	하츠
14949	2026-08-10	2	1	456	67-30 비겁이 클	쿠키3
14931	2026-08-10	10	7	872	45-20, 30(그루터기 정령) 클리어 기록	안경여우
14929	2026-08-10	2	5	425	45-10(독뿔버섯) 클리어 기록	안경여우
14915	2026-08-10	0	0	170	초보 덱 좀 짜주세요..	믹둥이들 내사랑
14914	2026-08-10	2	1	861	54-20 망치공주 클리어 정보	쿸킹
14908	2026-08-10	0	5	503	67-10 클	쿠키3
14896	2026-08-10	0	0	148	55-20	미서리스
14889	2026-08-10	0	0	70	40-26,40-27	오리빵
14887	2026-08-10	1	4	389	66-30 권투35% 클	쿠키3
14880	2026-08-10	1	4	1450	초반 현질 할때 방랑자할돈으로...	감자VV
14873	2026-08-10	0	3	20	추천인 친구 구합니다.	용용이
14868	2026-08-10	20	10	1642	폭주단 바이커 덱 추천 (예시는 67-10)	김냥냥
14861	2026-08-10	0	0	511	54-30 쿨링민트	미서리스
14851	2026-08-10	0	1	85	길드구합니다	김리아
14849	2026-08-10	0	0	107	35-9 드디어...	우앙구욷
14819	2026-08-10	0	12	384	초보입니다ㅠ 덱좀 짜주세요ㅠㅠ	조봉이
14818	2026-08-10	2	0	171	43-20 트럭 클리어	wisiwk
14797	2026-08-10	410	25	9824	(장문) 스텔라링크를 최적으로 잠그는 방법	아도하
14795	2026-08-10	0	0	61	40ㅡ23	도덕킹
14791	2026-08-10	157	36	10118	쿠키 전원 5성달성 기념 쿠키 공략 리뉴얼(26.08.14 추가)	밀크흑당버블티
14789	2026-08-10	0	0	576	40-30 깸 ㅠ	배배라
14783	2026-08-10	4	6	1384	40ㅡ20	도덕킹
14765	2026-08-10	4	2	647	40ㅡ18	도덕킹
14759	2026-08-10	2	11	1018	42-30 딜찍덱 클리어 영상 공유	지은
14735	2026-08-10	3	1	1074	임플란트 타워 원덱 공략 (영상)	서신우
14727	2026-08-10	162	30	9387	아레나 많이 나오는 탐험가카운터덱	그니그니
14710	2026-08-10	1	5	543	51-30 비겁한 쿠키	내어어듀
14669	2026-08-10	1	0	116	전갈맛 쿠키	wisiwk
14663	2026-08-10	3	2	264	41-30 클리어 영상 공유	지은
14649	2026-08-10	0	0	1275	38-20 클리어 덱 공유	Uugvuyvuuybu
14639	2026-08-10	0	0	292	59-20 폭주단 트럭 투력 14M 315K	원항
14627	2026-08-10	57	12	4983	“쓰디 쓴 커피만큼 행복한게 없죠” 에스프레소 아레나 덱 공유	도미
14616	2026-08-10	4	4	1127	40-30 클리어 영상 공유	지은
14603	2026-08-10	10	15	1823	32-30 비겁한쿠키 공략 덱	초코칩쿸이
14595	2026-08-10	4	2	857	42-10, 42-20, 42-30 원덱 클리어 공유	도미
14593	2026-08-10	1	2	383	41-30 쿨민 클리어 덱 & 공략	쿠크다스s004
14578	2026-08-10	3	2	719	41-10, 41-20, 41-30 원덱 클리어 공유	도미
14574	2026-08-10	2	0	126	40ㅡ16	도덕킹
14570	2026-08-10	0	0	527	40-30 비쿠 클덱	비상식량
14553	2026-08-10	2	3	455	40ㅡ10	도덕킹
14552	2026-08-10	2	4	775	54-20 망치	미서리스
14550	2026-08-10	2	1	535	49-30/50-30 공략	으니짱보디가드
14538	2026-08-10	0	0	162	추천덱좀 알려주세요ㅠㅠ	인천G스탄
14536	2026-08-10	0	0	610	43-30(비겁한 쿠키) 클리어 기록	안경여우
14535	2026-08-10	0	0	336	43-20(트럭) 클리어 기록	안경여우
14527	2026-08-10	0	0	340	장비관련질문	잘치고싶은배린이
14515	2026-08-10	0	4	760	요즘 쓰는 덱인데 피드백 부탁드려요	소과금유저
14510	2026-08-10	0	0	469	39ㅡ30덱	도덕킹
14496	2026-08-10	2	11	1173	64-30 비겁한 쿠키 공략덱 전투력 17.22M	그니그니
14493	2026-08-10	1	0	201	46-30 쿨민 기록용	권
14492	2026-08-10	52	12	2792	일일던전 연구석 던전	데브상폐기원
14490	2026-08-10	1	0	314	48-30 클리어덱	니여친쩔더라
14484	2026-08-10	3	12	1370	62-30 쿨링민트맛 쿠키 공략덱 전투력 16.55M	그니그니
14481	2026-08-10	0	2	47	친구 초대 이벤트 해주세요	시잎새
14480	2026-08-10	0	0	278	46-20 찰스 기록용	권
14471	2026-08-10	3	7	1600	62-20 망치공주 공략덱 전투력16.44M	그니그니
14462	2026-08-10	5	3	1124	39ㅡ20 덱 + 그 밑 스테이지 덱	도덕킹
14459	2026-08-10	5	4	884	61-20,61-30 오염된 그루터기 정령 공략덱 전투력14.76M	그니그니
14452	2026-08-10	0	0	17	추천인	진무월이
14434	2026-08-10	1	0	806	40-30 비쿠 클리어덱 & 공략	쿠크다스s004
14428	2026-08-10	0	1	36	추천인 코드 맞교환하실분	새벽1
14427	2026-08-10	4	1	828	40-30 43-30 비겁이 덱 공유	어느새
14422	2026-08-10	1	5	336	60 스테이지 은행강도 폭탄광 공략덱 전투력14.2M	그니그니
14411	2026-08-10	4	2	1049	38-30 클리어덱	파문학
14401	2026-08-10	6	5	765	59-30 비겁한 쿠키 공략덱 전투력 13.72M	그니그니
14399	2026-08-10	3	2	514	30-30 클리어덱	라별
14398	2026-08-10	0	0	400	62-20 클	쿠키3
14391	2026-08-10	0	2	830	43-10 클리어덱	성민성
14387	2026-08-10	3	2	481	59-20 폭주단 트럭 공략덱 전투력14.48M	그니그니
14382	2026-08-10	5	1	996	59-10 폭주단 바이커 공략덱 전투력15.19M	그니그니
14374	2026-08-10	0	0	194	45-20,45-30 기록용	권
14357	2026-08-09	0	0	216	43-30 비겁	권
14356	2026-08-09	3	1	397	조만간 임플타 공략으로 찾아뵙겠습니다	도미
14347	2026-08-09	1	0	264	51-30 비겁	미서리스
14333	2026-08-09	1	0	568	51-10 폭주단	미서리스
14329	2026-08-09	3	2	283	48-18 공략:-)	별이꽁
14328	2026-08-09	21	5	2762	“오래 기다리셨습니다” 역대급으로 어려운 40-30 클리어 덱 공유	도미
14311	2026-08-09	3	2	759	40-20 클리어덱	폼생
14308	2026-08-09	1	2	206	47-30 공략:-)	별이꽁
14295	2026-08-09	1	1	563	54-30 쿨링민트 투력 12M 859K	원항
14292	2026-08-09	6	2	716	37-10 클리어 기록	초코송이맛쿠키
14286	2026-08-09	35	5	2792	임플란트 타워 300층 기념 무난한덱 추천	도덕킹
14273	2026-08-09	0	5	91	코드교환 칼반사 갑니다 3자리 남음	가보자고용
14271	2026-08-09	2	2	504	39ㅡ10(도마뱀)	도덕킹
14270	2026-08-09	5	0	656	62-20(망치공주) 클리어덱	거대해골마법사
14265	2026-08-09	0	6	37	코드 교환하실분~	미니쉘
14248	2026-08-09	2	1	451	40-18 클리어덱	폼생
14222	2026-08-09	5	0	1421	38ㅡ30 덱 / 38스테에 무난한 덱	도덕킹
14200	2026-08-09	6	3	1629	32-30 효과본 캐들만 따로 정리	프로답장러
14194	2026-08-09	0	5	769	32-30 드디어...	우앙구욷
14191	2026-08-09	0	2	31	친구코드 맞교환해요~	청주인간
14189	2026-08-09	0	2	29	추천인 교환 하실분	또치1
14181	2026-08-09	4	2	634	51-30 비겁한 쿠키 클리어 정보	쿸킹
14179	2026-08-09	17	14	1359	32-30 클리어 덱	단언
14170	2026-08-09	6	8	1208	38-20 약간수동덱	멍멍
14141	2026-08-09	5	9	1594	38-20 / 38-30 무과금 클리어	크루우으즈
14108	2026-08-09	0	1	264	길패길드 찾습니다	정성원
14105	2026-08-09	1	1	139	47-20 공략:-)	별이꽁
14098	2026-08-09	1	1	336	40-10 클리어덱	폼생
14095	2026-08-09	0	0	366	40-20 클리어 덱	싱동11
14087	2026-08-09	0	5	407	이제 막 시작한 초보 알려주실분 	난모르휘
14079	2026-08-09	1	0	650	38-10 자동덱	멍멍
14076	2026-08-09	2	0	314	39-30 클리어덱	폼생
14046	2026-08-09	0	0	94	38ㅡ24(꿀벌3형제 ㅡ모두동일)	도덕킹
14028	2026-08-09	2	1	803	38ㅡ20 덱	도덕킹
14026	2026-08-09	0	0	395	39-20 클리어덱	폼생
14015	2026-08-09	0	2	317	곰돌이 친구 초대하는거	히즈찌
13999	2026-08-09	3	12	776	46-30 공략:-)	별이꽁
13994	2026-08-09	6	2	1153	43-10(바이커) 클리어 기록	안경여우
13972	2026-08-09	0	2	37	친구코드 맞교환 원합니다	뭉치치
13964	2026-08-09	4	4	1177	46-20 공략:-)	별이꽁
13958	2026-08-09	5	2	453	29-30 클리어덱	라별
13951	2026-08-09	15	10	2605	37-20 37-30 자동덱	멍멍
13946	2026-08-09	3	2	421	40-20 클리어 영상	지은
13904	2026-08-09	8	7	1414	3.42덱으로 35-30 클 후기(영상)	외계생명체
13898	2026-08-09	2	4	599	37-10 자동덱	멍멍
13871	2026-08-09	0	0	276	46-20	johnheart
13870	2026-08-09	0	1	212	36-30 자동덱	멍멍
13843	2026-08-09	1	0	232	보스전 재시작 기능이 있는 거 알고 계신가요? (영상)	서신우
13835	2026-08-09	0	0	15	추천인 해주실분 	ff0922
13769	2026-08-09	2	6	1376	35-30 자동덱	멍멍
13738	2026-08-09	3	8	1677	40-30 많이들 막히실텐데	성민성
13696	2026-08-09	1	1	475	35-20 컨	외계생명체
13683	2026-08-09	0	4	442	45-30 공략:-)	별이꽁
13652	2026-08-09	0	0	249	39-30 클리어 영상	지은
13616	2026-08-09	1	0	402	38ㅡ10	도덕킹
13595	2026-08-09	27	6	1656	일일던전 반죽던전 편- 	데브상폐기원
13558	2026-08-09	4	2	288	38-19 꿀벌 덱	안녕하셍
13484	2026-08-09	3	4	909	38-20 클리어 기록용	시리엘
13478	2026-08-09	4	2	533	56-30 클리어 	데브상폐기원
13418	2026-08-09	0	0	198	36-25 용병단2랩 쿠키랩61 클리어 공유	초코송이맛쿠키
13358	2026-08-09	47	8	3271	뉴비 소과금 필독 !!!!! 뱀파 전갈 덱(쥐잡이,다수보스덱) -수정1차	데브상폐기원
13350	2026-08-09	1	10	539	45-20 공략:-)	별이꽁
13323	2026-08-09	0	0	29	친구코드 맞교환합니다.	희나리K
13321	2026-08-09	0	0	139	●▅▇█▇▆▅▄▇ 길패 당장 삭제해	붕쯔붕쯔
13292	2026-08-09	4	5	939	27-30 클리어덱	라별
13257	2026-08-09	0	8	367	45-10 공략:-)	별이꽁
13200	2026-08-09	3	3	787	길드패키지 부계를 이용한 편법	도리송
13149	2026-08-09	2	1	477	길드패키지가 문제인 이유	내어어듀
13125	2026-08-09	2	2	698	50-30 쿨링민트 극딜덱 투력 9M 763K	원항
13107	2026-08-09	4	3	695	54-30 공략 쿨링민트	데브상폐기원
13088	2026-08-09	0	3	68	곰돌이 이벤트 서로 초대해주기 해요~	뚝심님
13086	2026-08-09	2	1	826	37-20 그루터기 영상 노컨	하츠
13073	2026-08-09	93	15	6215	일일던전 경험치던전 막히시는 뉴비분들! 조합	데브상폐기원
13023	2026-08-09	0	5	46	추천인 맞교환 하실분!	몽다
13012	2026-08-09	18	5	1960	35-30 /40-30 안정적인 클리어 방법	커다란망고
12998	2026-08-09	0	0	666	37-30 무과금 클리어 입니다	크루우으즈
12996	2026-08-09	5	8	2077	“모든 걸 깨달았습니다” 역대급으로 싫은 40-18 클리어 덱 공유	도미
12989	2026-08-09	2	9	614	43-30 공략:-)	별이꽁
12983	2026-08-09	2	4	903	43-10  오토바이 쥐3마리 기록용	권
12963	2026-08-09	0	0	755	무과금 35-30  클리어 덱 입니다	크루우으즈
12962	2026-08-09	2	1	1358	무과금 34-30 클리어 입니다	크루우으즈
12903	2026-08-08	12	17	1978	56-30 비겁한 쿠키 공략덱 전투력11.79M	그니그니
12901	2026-08-08	6	0	1317	54-20 망치공주 공략덱 전투력11.68M	그니그니
12899	2026-08-08	5	7	933	53-20,53-30 오염된 그루터기 정령 공략덱 전투력11.3M	그니그니
12897	2026-08-08	3	0	590	52-10 생크림콘 독수리 공략덱 전투력10.11M	그니그니
12896	2026-08-08	1	0	623	51-30 비겁한 쿠키 공략덱 전투력9.63M	그니그니
12894	2026-08-08	0	0	99	39-15 클리어덱	폼생
12893	2026-08-08	9	5	1143	51-10 폭주단 바이커 공략덱 전투력 10.74M	그니그니
12890	2026-08-08	3	0	621	현재 47까지 무난하게쓰고있는덱	권
12889	2026-08-08	2	0	448	48-30 비겁	미서리스
12887	2026-08-08	5	6	1210	38-30 클리어 덱	폼생
12884	2026-08-08	1	6	444	43-20 공략:-)	별이꽁
12874	2026-08-08	2	10	976	43-10 공략:-)	별이꽁
12862	2026-08-08	70	2	3451	일일던전 쉽고 빠르게 깨는덱	김독자
12860	2026-08-08	9	6	2381	35-10 용병단2랩 / 쿠키60랩 클리어 공유	초코송이맛쿠키
12854	2026-08-08	4	5	1204	37스테이지 덱(1-30까지)	도덕킹
12818	2026-08-08	6	9	1436	38-20 클리어덱	폼생
12815	2026-08-08	4	0	309	51-30	Hing
12807	2026-08-08	5	2	1106	42-30(쿨링민트맛 쿠키) 클리어 기록	안경여우
12803	2026-08-08	0	2	855	생각보다 덱구성이 큰 의미가 없는 이유	김바보tv
12748	2026-08-08	2	0	2560	쿠키런 키우기 쿠폰 쿠키런 크럼블 조합 티어표	IlIlIlI
12747	2026-08-08	0	4	838	진짜 38-20 죽이고 싶었네	버터 프레첼맛 쿠키
12744	2026-08-08	4	4	662	35-30 비겁한쿠키 오방자를 활용	하츠
12737	2026-08-08	5	8	910	42-30 공략:-)	별이꽁
12725	2026-08-08	0	0	463	무과금이 생각하는 35-30 팁	안녕하셍
12715	2026-08-08	17	7	1442	37-20 노컨 조합	코카인중독
12713	2026-08-08	5	2	1417	32-30 클리어 플레이 영상 (공략)	민들레
12699	2026-08-08	1	0	132	인플란트 277층덱	도덕킹
12684	2026-08-08	1	0	398	임플란트 270층 덱	도덕킹
12678	2026-08-08	1	1	582	43-10 클리어 덱	으니짱보디가드
12675	2026-08-08	0	2	171	화면 줌 인아웃 가능	사계
12667	2026-08-08	4	0	737	임플란트 타워 268(추가)	도덕킹
12657	2026-08-08	1	0	397	41-30 공략:-)	별이꽁
12625	2026-08-08	0	6	35	친구코드맞교한하실분	댐댐
12617	2026-08-08	0	1	83	총투력 5M 849K 길드 데려가주실분!	호랑이섭이
12598	2026-08-08	1	3	57	!!추천인 부탁드려요!!두자리..	친환경개구리
12594	2026-08-08	2	0	539	40-20 클리어 덱	골드사막
12578	2026-08-08	6	10	1914	40-30 공략:-)	별이꽁
12571	2026-08-08	0	2	522	40-30 공략 ~ 안올리는 이유 !	별이꽁
12538	2026-08-08	3	1	938	32-30 제가 클리어한 조합입니다.	허브솥단지
12520	2026-08-08	6	0	722	32-30 클리어 덱 공유	KEsl
12482	2026-08-08	0	0	27	추천인 맞교환	댐댐
12481	2026-08-08	4	0	417	임플란트 타워 공략 (영상)	서신우
12468	2026-08-08	1	1	171	궁금한게 있습니다	도나냐토아
12453	2026-08-08	0	4	333	추천인 딱 한 개 남으신 분	익시드
12436	2026-08-08	0	0	108	5030운빨클 9.83M	쿠키런GM아님
12428	2026-08-08	1	0	405	37ㅡ20 오염된 그루터기	도덕킹
12402	2026-08-08	0	0	218	46-30	미서리스
12390	2026-08-08	1	0	258	37ㅡ17 석류까마귀	도덕킹
12368	2026-08-08	9	6	760	37ㅡ10 독버섯 무리	도덕킹
12338	2026-08-08	0	5	47	추천인 맞교환 하실분~	quart2r
12307	2026-08-08	0	2	144	36ㅡ25덱	뒤숭숭이
12292	2026-08-08	4	1	935	38-30 클리어덱(전투력3.87M)	kms10229
12265	2026-08-08	2	1	642	40-18 클리어 덱 & 공략	쿠크다스s004
12243	2026-08-08	2	1	484	37-10 독버섯 클덱	여우야
12232	2026-08-08	5	3	902	38 스테이지덱	폼생
12207	2026-08-08	7	5	754	37-30 클리어덱	폼생
12180	2026-08-08	7	1	1151	스테이지덱 추천	폼생
12175	2026-08-08	9	4	738	37-20 클리어덱	폼생
12165	2026-08-08	2	1	457	초코크림 늑대 망치공주 공략 (영상)	서신우
12162	2026-08-08	0	0	186	10-30 덱 추천 부탁드립니당	Dp3pe
12147	2026-08-08	3	4	535	41-30(쿨링민트맛 쿠키) 클리어 기록	안경여우
12130	2026-08-08	2	0	282	37-10 클리어 덱	폼생
12127	2026-08-08	3	1	1015	38-20 클리어덱 공유	튜브1919
12124	2026-08-08	0	1	214	6-30 추천 좀 해주세요	빵글쓰
12116	2026-08-08	2	4	616	40-10 클리어 덱 & 공략	쿠크다스s004
12107	2026-08-08	7	8	883	36-10 덱(탐험가 활용)	뒤숭숭이
12048	2026-08-08	3	3	904	38-30 쿨링민트 소소 공략📎	제주
12035	2026-08-08	4	3	736	39-20 클리어 덱	쿠크다스s004
12034	2026-08-08	0	0	153	덱 추천 부탁드립니다!!!	Dony
11935	2026-08-08	9	10	1557	50-30 쿨링민트맛 쿠키 공략덱 전투력8.48M	그니그니
11931	2026-08-08	0	0	66	29-30 어케 깨나요	취업하고싶다
11928	2026-08-08	2	1	505	49-10 초코 왕방울 공략덱 전투력 7.85M	그니그니
11919	2026-08-08	2	1	354	36-20,25,30 클리어덱	폼생
11915	2026-08-08	0	0	232	37-10 클리어덱 공유	싱동11
11914	2026-08-08	10	4	1220	48-30 비겁한 쿠키 공략덱 전투력 7.77M	그니그니
11905	2026-08-07	0	0	374	36-10 클리어덱	폼생
11904	2026-08-07	3	2	569	48-20 얼음 사탕골렘 공략덱 전투력 7.81M	그니그니
11903	2026-08-07	6	6	2160	정글전사 사용하는 이유	도미
11895	2026-08-07	4	0	722	48 스테이지 설인거인 2마리 공략덱 48-28 클리어 전투력 7.97M	그니그니
11890	2026-08-07	14	12	980	35-20 클리어 팁	qwertyasdfg
11878	2026-08-07	0	0	135	타락한 그루터기 정령 공략 (영상)	서신우
11877	2026-08-07	6	1	972	[팁] 스테이지 전투력컷 권장전투력 확인 사이트	똥쿠키
11875	2026-08-07	5	5	1156	35-30 클리어덱	폼생
11872	2026-08-07	15	11	1876	전투력 2.87m 35-10 클리어 공유	qwertyasdfg
11864	2026-08-07	5	7	2261	40-30(비겁한 쿠키) 클리어 기록	안경여우
11852	2026-08-07	2	10	1355	안녕하세요 약팔이입니다 (38-20)	ZF
11840	2026-08-07	4	10	1424	35-20 /35ㅡ30클리어 덱	뒤숭숭이
11826	2026-08-07	3	1	1128	“망치공주를 클리어하니 더 쉬웠습니다” 38-30 클리어덱 공유	도미
11806	2026-08-07	11	3	2245	34-30 클리어덱	삼각김밥
11805	2026-08-07	0	0	155	자꾸 어이없는 구간에서 막혀요	choo8858
11804	2026-08-07	4	2	697	35-30 클리어 덱	쿠키204
11800	2026-08-07	8	5	2003	“역대급으로 오래걸렸습니다“ 38-20 클리어덱 공유	도미
11798	2026-08-07	1	0	1614	35-10 폭주족 바이커 클덱 공유	ㅈㅇ
11785	2026-08-07	0	1	231	길드 운영 팁	사기꾼224
11759	2026-08-07	0	0	1058	(난이도 중상) 38-20 망치공주 덱 클리어 공유	지은
11735	2026-08-07	6	2	652	32-28공략(스노우볼 설인 클리어 요령)	파동Padong
11720	2026-08-07	5	3	836	1일차 광제 10-30 클리어덱	shj3368
11719	2026-08-07	0	0	221	35-20 클리어덱	폼생
11715	2026-08-07	0	0	828	30- 30 클리어	박각시
11714	2026-08-07	0	0	260	41-30 쿨링민트 손컨 참고영상(조이스틱 나옴)+덱 포함	Lilw
11712	2026-08-07	0	0	500	43-10	미서리스
11707	2026-08-07	19	11	1921	35-10 클리어덱	폼생
11692	2026-08-07	2	1	890	34-30 클리어덱	폼생
11681	2026-08-07	6	2	3135	아레나 방어+공격덱 추천	폼생
11678	2026-08-07	49	16	2596	슈가룬 정보 공유 및 추천	김냥냥
11670	2026-08-07	0	2	619	뉴비 무과금입니다 덱추천좀해주세요	둥이아빠
11663	2026-08-07	4	6	1235	35-10 폭주단 바이커 클덱 공유 + 약간의 공략법	사일런트솔트
11661	2026-08-07	0	3	499	30-30 공략 방법이요ㅠㅠ	딸크냠냠
11635	2026-08-07	0	0	40	도와주세요 ㅠㅠ	금방구
11628	2026-08-07	0	0	372	35-10 클리어덱 메모	싱동11
11599	2026-08-07	349	34	10770	“일일던전 총 공략“ 모든 덱 모음집	도미
11596	2026-08-07	6	2	1828	40-18, 22, 25, 28(설인) 클리어 기록	안경여우
11595	2026-08-07	1	4	851	40-20(사탕골렘) 클리어 기록	안경여우
11594	2026-08-07	0	0	437	40-10(아이스콘) 클리어 기록	안경여우
11582	2026-08-07	3	5	1003	46-30 쿨링민트맛 쿠키 공략덱 전투력7.76M	그니그니
11578	2026-08-07	7	8	894	(난이도 중하)38-30 쿨링민트 클리어 공약법	지은
11575	2026-08-07	30	22	2461	32-30  용병단2랩 / 55랩덱 클리어 공유	초코송이맛쿠키
11544	2026-08-07	0	0	143	조합추천 부탁드립니다	노쫄
11539	2026-08-07	3	0	448	47-20,47-30 용암 슈가 와플 도마뱀 공략덱 전투력 7.96M	그니그니
11537	2026-08-07	11	11	1754	33-30 노컨트롤덱 공유	안녕하세용gg
11536	2026-08-07	1	0	219	47-10 용암 와플 도마뱀 공략덱 전투력7.96M	그니그니
11531	2026-08-07	2	1	559	42-30 클덱	미서리스
11518	2026-08-07	8	6	1377	46-20 망치공주 공략덱 전투력 7.09M	그니그니
11509	2026-08-07	0	2	319	10마리만 키운다면 뭘 키우죠?	레이지
11505	2026-08-07	3	1	791	46-10 레드베리 암살자 공략덱 전투력7.47M	그니그니
11498	2026-08-07	27	12	5943	스텔라링크 꿀팁	이지직
11492	2026-08-07	7	10	1046	45-20,45-30 그루터기 정령 공략덱 자동전투 전투력 7.05M	그니그니
11490	2026-08-07	0	0	88	19-30 깨는법 알려주세요	켄타우루스
11464	2026-08-07	9	6	1030	38-30 쿨민 클리어 덱 & 공략	쿠크다스s004
11449	2026-08-07	3	4	341	32-10 / 아이스콘 듀얼 나이트 막히시는 분이 있다면...	커다란망고
11425	2026-08-07	1	1	194	수동컨은 D지게 못하게 만들어 놨네	몽환의숲
11419	2026-08-07	0	0	103	덱 추천 부탁드립니다	히야
11414	2026-08-07	0	3	438	40-20 덱공유	어느새
11412	2026-08-07	9	12	2124	40-30 비겁한쿠키 클리어	빤스런
11408	2026-08-07	0	1	184	덱 추천 부탁드립니다!	노홍철
11369	2026-08-07	3	5	1208	34-30 꾸역꾸역 클리어덱 공유	S메타몽2
11327	2026-08-07	3	9	1018	43-30 최소투력 컷	Hing
11313	2026-08-07	3	0	761	33-30 클리어덱 공유	trinityty
11299	2026-08-07	8	9	1496	35-10 클리어덱공유 	이병
11253	2026-08-07	1	1	528	10-30 제발 도와주세여	빙수
11227	2026-08-07	18	14	1953	32-30 클리어덱 공유	trinityty
11218	2026-08-07	4	3	1603	38-20 클리어 덱 & 공략	쿠크다스s004
11182	2026-08-07	0	0	170	독수리덱	쿠키런GM
11157	2026-08-07	25	20	2174	30-30 쉽게 클리어하는 전갈 컨트롤 방법	커다란 망고
11120	2026-08-07	1	0	129	42-24 	미서리스
11110	2026-08-07	0	4	270	혹시 덱 구원해주실... 고수분들 있을까여?	choas0356
11108	2026-08-07	0	1	804	30- 20 클리어	박각시
11106	2026-08-07	3	7	687	40-18 클리어 조합 공유 (동영상o)	음머양
11103	2026-08-07	2	12	2935	막힘없이 진행하고 바궁 구하고 싶다면 리세하세요.	천하무적고고씽
11070	2026-08-07	0	0	1201	쿠럼블 꿀팁 쿠폰 모음	종안1
11054	2026-08-06	1	1	238	폭주단 바이커 공략 (영상)	서신우
11042	2026-08-06	6	1	1274	40-30 클덱	미서리스
11028	2026-08-06	3	2	793	43-20 폭주단 트럭 공략덱 전투력 6.61M	그니그니
11027	2026-08-06	5	2	1112	43-10 폭주단 바이커 클리어 덱 전투력 6.54M	그니그니
11019	2026-08-06	13	8	1732	35-30 클리어덱	kms10229
11004	2026-08-06	0	0	229	43-20클 6.71M	쿠키런GM
10990	2026-08-06	1	3	530	39-29(용암 도마뱀) 클리어 기록	안경여우
10985	2026-08-06	0	0	75	4310공략	쿠키런GM
10984	2026-08-06	112	19	6605	“탐험가의 반란” 고초월도 잡는 탐험가덱 공유	도미
10966	2026-08-06	11	9	1257	37-20 클리어 덱 공유	도미
10963	2026-08-06	5	8	1556	39-20, 30(와플 도마뱀) 클리어 기록	안경여우
10953	2026-08-06	6	12	1332	32-30 클리어 조합	삼각김밥
10938	2026-08-06	0	4	388	40-25 공략:-)	별이꽁
10933	2026-08-06	9	4	1548	35-30 클리어 공략&팁(영상o)	식객노움
10895	2026-08-06	2	0	736	32-18 공략	파동Padong
10853	2026-08-06	5	0	962	33-30 클리어덱 공유	S메타몽2
10831	2026-08-06	1	3	841	29-20공략&덱추천	히트다히트a
10825	2026-08-06	2	4	1174	38-30(쿨링민트맛 쿠키) 클리어 기록	안경여우
10823	2026-08-06	11	6	2060	38-20(망치공주) 클리어 기록	안경여우
10813	2026-08-06	36	9	3320	보스 잘 잡히는 덱 공유	사일런트솔트
10792	2026-08-06	0	2	553	40-28 클덱 공유	미서리스
10753	2026-08-06	0	0	116	덱 짜주실 분들 구합니다 ㅠㅠ	KJH0406
10752	2026-08-06	0	0	474	안녕하세요 크럼블 즐기고 있는 4일차 뉴비입니다 아레나 덱 추천 부탁드려요	두근두근네근여덟근
10711	2026-08-06	5	1	449	3230 50레벨 클리어 	융숑
10710	2026-08-06	2	0	524	40-22 공략:-)	별이꽁
10707	2026-08-06	0	2	389	고수형님들 제발 도와주십쇼...	ㅋㄹㅋㄹㅋㄹㅋㄹ
10685	2026-08-06	2	2	1077	34-30 공략사용덱입니다	공포
10681	2026-08-06	2	5	628	40-20 공략:-)	별이꽁
10651	2026-08-06	46	10	2905	쿨링민트 세상에서 가장 쉽게 깨는 덱! (33-30, 34-30)	코카인중독
10621	2026-08-06	6	8	1019	33-20 딜부족으로 못깨시는분들	코카인중독
10611	2026-08-06	1	0	571	26 - 30 클리어	박각시
10610	2026-08-06	0	0	172	고수님들 덱 좀 짜주세요!!	콩옹두
10599	2026-08-06	2	8	760	40-22 40-25 40-18 클리어덱 공유(골렘 2마리)	으니짱보디가드
10579	2026-08-06	10	13	1295	30-20 전갈 컨트롤 방법	커다란 망고
10575	2026-08-06	1	1	323	40-20 클리어 댁 공유	으니짱보디가드
10573	2026-08-06	0	2	192	둘중 뭐껴야하는지좀 알려주세요	국충이
10569	2026-08-06	72	3	4772	심심해서 작성하는 뉴비들 대상 덱구성 쿠키 공략	밀크흑당버블티
10557	2026-08-06	2	5	877	덱 짜주실분 구합니다	최고멋쟁이
10553	2026-08-06	1	0	523	플레이트 및 돌파 관련 정보	김바보tv
10552	2026-08-06	10	6	1203	27-30 깬 방법	ZI존딸기
10551	2026-08-06	0	1	767	38-10 공략	쿠크다스s004
10545	2026-08-06	0	2	818	크럼블던전 왜 딜이 계속 다를까요…	츄로로
10519	2026-08-06	0	0	111	34-30 알려주시면 감사합니다	구미 한라산
10514	2026-08-06	7	11	1766	42-30 쿨링민트맛 쿠키 공략 클리어 전투력 5.82M	그니그니
10490	2026-08-06	1	6	423	40-18 공략:-)	별이꽁
10456	2026-08-06	13	17	1248	37-20 그루터기 공략	쿠크다스s004
10453	2026-08-06	8	28	2034	32-30 너무 안깨지네요 한번만 도와주세요(아까32-20으로 잘못 올려 다시 올립니다)	부산G하니우주
10424	2026-08-06	0	9	530	10-30 편성 부탁드립니다	김민떵
10410	2026-08-06	0	4	273	펫 보유효과질문입니다.	광안리사나이
10388	2026-08-06	2	2	841	39-20 39-30 덱공유	어느새
10381	2026-08-06	0	2	304	10-30이 막혔어요	린네
10360	2026-08-06	0	0	114	조합좀	최고멋쟁이
10349	2026-08-06	3	8	364	39-30 공략:-)	별이꽁
10276	2026-08-06	61	3	7077	주관적 PVE(보스 스테이지) 전용 티어표 (ver.2)	불머
10273	2026-08-06	0	0	186	30-30 덱좀 부탁드립니다.	APT
10247	2026-08-06	2	1	393	36챕 클리어 덱 공유	도미
10241	2026-08-06	0	5	1604	38-20 덱공유	어느새
10236	2026-08-06	0	0	247	일던덱좀 알려주세요..4개다..	호똥론
10226	2026-08-06	61	7	16059	쿠키런 크럼블 티어표(2026.08.06)	낭만맛쿠키
10198	2026-08-06	3	1	1274	34-30, 46-30, 54-30, 57-30, 58-30 (쿨링민트) 클덱 조합 공유	여우야
10185	2026-08-06	9	9	1428	32-30 꾸역꾸역 클리어 덱 공유	S메타몽2
10179	2026-08-06	10	2	2179	스텔라 요청이있어서 올림	으니짱보디가드
10155	2026-08-05	7	4	771	40-18 클리어 덱	으니짱보디가드
10124	2026-08-05	11	11	2358	“전갈 1성” 35-30 클리어 공유	도미
10119	2026-08-05	2	0	526	33-30 클리어덱	폼생
10112	2026-08-05	0	0	267	27-30 조합 좀 짜주실 고수분들 부탁드립니다...	주스짱
10105	2026-08-05	8	23	1220	38-30 공략 :-)	별이꽁
10098	2026-08-05	13	8	3183	아레나 방어덱 추천	폼생
10095	2026-08-05	1	2	527	39-30 새로운덱(화력)	으니짱보디가드
10094	2026-08-05	4	23	1615	38-20 공략 :-)	별이꽁
10076	2026-08-05	5	0	1587	“No 전갈” 35-10 클리어 덱 공유	도미
10063	2026-08-05	7	12	1497	34-30 클리어 덱 공유	리안
10058	2026-08-05	0	4	126	새콤달콤교환꼭하실분만	산이
10033	2026-08-05	2	11	533	40-22 고군분투덱(feat.3성전갈&위치베리)	김애옹
10020	2026-08-05	0	1	1089	온라인vs오프라인 보상 종결	줘쑨
10010	2026-08-05	0	0	468	40-28 설인덱 공유 노컨클 5.01m	쿠키런GM
10008	2026-08-05	1	0	431	타워에서도 사용하기 좋은 관통 다발 위치덱 공략 (영상)	서신우
10004	2026-08-05	17	7	4308	현시점 내 마음대로 만든 티어표	김독자
10001	2026-08-05	19	20	2625	40-30 비겁한쿠키 공략덱 클리어 전투력4.96M	그니그니
9993	2026-08-05	0	4	516	10-30이 안 깨져요	린네
9987	2026-08-05	3	3	1120	32-30 클리어덱	폼생
9986	2026-08-05	2	6	666	30-20 어떻게 깨나요..	choo8858
9954	2026-08-05	4	3	809	32-30 클리어 덱	kms10229
9942	2026-08-05	5	5	867	38-16, 38-19(왕꿀벌) 클리어 기록	안경여우
9932	2026-08-05	0	0	152	10-30 어케깨나여..	우낫
9922	2026-08-05	10	3	885	32-30 (비겁한 쿠키) 클덱	여우야
9897	2026-08-05	5	6	783	38-10(암살자) 클리어 기록	안경여우
9896	2026-08-05	2	5	1345	37-30(그루터기) 클리어 기록	안경여우
9895	2026-08-05	12	7	1046	37-20(그루터기) 클리어 기록	안경여우
9886	2026-08-05	2	0	453	38-30 클리어 덱 공유	으니짱보디가드
9885	2026-08-05	17	4	3053	폭주단 바이커 (35-10, 43-10 스테이지) 공략	불머
9877	2026-08-05	0	4	1008	27-30 전갈덱 클	두리두
9825	2026-08-05	0	0	378	오븐 장비뽑기 등급이 레벨보다 더 중요한가요	크럼블맛 다크체리
9661	2026-08-05	0	9	153	[길드모집] 황금길드 6레벨 총투력 312M	쿠키런GM
9608	2026-08-05	1	3	1400	아니 이 겜 4주단위 업뎃이라는데요?	내어어듀
9604	2026-08-05	0	2	219	새콤달콤제발 꼭하실분만	산이
9601	2026-08-05	1	1	382	40-20 아슬클 5m	쿠키런GM
9599	2026-08-05	1	1	967	35-30 비쿠 클리어 덱 공유합니다~	비상식량
9537	2026-08-05	12	18	2016	32-20 꾸역꾸역 클리어 공유	S메타몽2
9487	2026-08-05	10	11	1570	32-30 클리어 공략&팁(영상o)	아는개산책
9463	2026-08-05	0	0	44	친구 초대 이벤트 부탁합니다	시잎새
9446	2026-08-05	11	10	980	35-30 클리어 조합 공유 (동영상o)	음머양
9405	2026-08-05	99	14	8742	크럼블 소소한 팁	희당맛쿠키
9392	2026-08-05	2	5	916	37-10(독뿔버섯) 클리어 기록	안경여우
9389	2026-08-05	1	0	554	10-30 덱 공유	첼링
9352	2026-08-05	3	15	907	37-30 공략 :-)	별이꽁
9350	2026-08-05	5	3	618	3.64m 37-20 클리어	종결대마도사
9327	2026-08-05	2	4	562	38-10 덱공유	어느새
9326	2026-08-05	0	0	428	37-30 덱공유	어느새
9309	2026-08-05	0	2	832	새로 시작하시는 분들...	오가네
9301	2026-08-05	0	4	304	37-30 클리어덱 공유	으니짱보디가드
9245	2026-08-05	3	4	768	37-20 1.4s 덱공유	어느새
9236	2026-08-05	14	3	2852	&lt;크럼블헬퍼&gt; 스텔라링크 계산기 개선 :쿠키런 크럼블 시너지/조합/티어표	다니엘123
9230	2026-08-05	2	3	626	37-10 공략 :-)	별이꽁
9213	2026-08-05	3	2	727	다발 시너지에 대하여	해태
9199	2026-08-04	5	3	1654	별자리 1~5  95퍼 이상 찍음	쏘퐁
9194	2026-08-04	252	37	11359	대충 무과금인 분들을 위해(10-30부터 31-30까지)	코카인중독
9188	2026-08-04	1	10	672	시작한지 이틀된 뉴비질문드립니다!!	시온산아빠
9181	2026-08-04	8	5	884	31-20 클리어덱	코카인중독
9179	2026-08-04	34	13	4134	아레나 덱 추천2	김독자
9172	2026-08-04	9	9	1411	39-20,39-30 클리어덱  전투력39-20 4.36M 39-30 4.61	그니그니
9155	2026-08-04	23	4	1496	보스 막혔을때 쓰기 좋은 덱	김독자
9152	2026-08-04	838	95	36343	슈가슈가룬 총 정리본(26.08.12.)	도미
9144	2026-08-04	4	3	972	우없찐의 30-30 조합 공유	여우야
9137	2026-08-04	1	3	686	38-30 널널클 4.56m	쿠키런GM
9128	2026-08-04	4	2	1107	35-30(비겁한 쿠키) 클리어 기록	안경여우
9127	2026-08-04	15	9	2061	”전갈 0성“ 34-30 클리어 덱 공유	도미
9111	2026-08-04	3	4	879	35-20(자동차) 바궁, 밀키없이 클리어 기록	안경여우
9103	2026-08-04	9	12	2157	29-20, 29-30 공략에 대해...	S메타몽2
9093	2026-08-04	0	0	44	뉴비)힐러 추천받아요	소잃고뇌약간고친다
9055	2026-08-04	0	0	58	새콤달콤하실분....제발하실분만..	산이
9043	2026-08-04	1	2	352	10-30 도와주세요 ㅠㅠ	네푸들맘
9018	2026-08-04	0	0	266	36-30 공략 :-)	별이꽁
9003	2026-08-04	5	2	809	임플란트 타워 황금 에어본 로봇 팁?	종결대마도사
8999	2026-08-04	7	9	1519	35-10 드뎌 깼다 10시간걸렸나..	카스
8983	2026-08-04	4	14	2214	35-10(폭주단 바이커) 클리어 기록	안경여우
8960	2026-08-04	0	0	144	덱 한번 짜주실 고수님들 부탁드립니다	청주QM도갱
8923	2026-08-04	3	4	924	36-10 덱공유	어느새
8915	2026-08-04	4	7	619	혹시라도 37-10	종결대마도사
8909	2026-08-04	0	0	211	10-30	앙꼬
8907	2026-08-04	161	23	8511	스테이지 클리어 조합 목록 (26~40스테)	드카
8897	2026-08-04	6	3	1660	10 30 너무 쉬운 공략덱 있습니다 TSSR 등급 필요 없어요	아미
8862	2026-08-04	2	1	835	27-30 클리어 덱	폼생
8844	2026-08-04	0	5	693	35-30 0.433s 클리어 덱공유	어느새
8843	2026-08-04	0	4	331	10-30 조합 추천해주실 수 있나요ㅠㅠ	월쥬
8835	2026-08-04	3	6	553	35-30 공략 :-)	별이꽁
8828	2026-08-04	0	0	623	30-20	Kank
8811	2026-08-04	1	12	505	10-30 막혀서 질문드려요	별갓
8789	2026-08-04	6	2	648	35-30 클리어 덱 공유합니다	모모카
8782	2026-08-04	11	0	1285	[정보] 크럼블 덱 공유, 계산기 사이트 공유	똥쿠키
8763	2026-08-04	0	2	204	10-30 도와주세요 ㅠㅠ	공언
8759	2026-08-04	1	0	474	35-30 비겁 덱 공유	바사삭
8734	2026-08-04	2	1	464	게임할 때 발열 너무 심하면 이렇게 설정 ㄱㄱ	리센느
8722	2026-08-04	0	1	68	친구 추가 이벤트 입니다	시잎새
8719	2026-08-04	4	24	1375	40-20 클리어덱 전투력 4.6M	그니그니
8710	2026-08-04	3	6	736	40 스테이지 2마리씩 나오는 설인거인 클리어 영상	그니그니
8674	2026-08-04	6	24	1368	35-10 공략 :-)	별이꽁
8668	2026-08-04	0	1	461	장비 보조옵	카피
8661	2026-08-04	0	0	130	10 30 깨는것도와주세요..	kiroro112
8658	2026-08-04	0	2	545	Tssr성능은 과연 좋을까?	김바보tv
8634	2026-08-04	12	5	1073	32-25 설인 클리어 덱 공유	리안
8610	2026-08-04	0	4	134	친추 이벤트 입니다 (두명 남았어요)	손수 만든 돌맹이
8607	2026-08-04	0	2	403	덱 추천 좀 해주세여	AhisCream
8594	2026-08-04	0	3	766	추천인펫이 지금펫들중에 제일 능력치가 ㄱㅊ은건가요?	포비돈요오드
8592	2026-08-04	19	26	2228	38-30 쿨링민트맛 쿠키 공략글 클리어 전투력 4.28M	그니그니
8589	2026-08-04	12	14	2138	38-20 망치공주 클리어덱	그니그니
8580	2026-08-04	2	6	1407	32-20 클리어 덱 공유(무과금, 바궁x)	덕춘
8565	2026-08-04	4	14	1327	38-20 4.13m이지클	쿠키런GM
8550	2026-08-04	53	38	5805	32-30 꿀팁	도미
8519	2026-08-04	4	6	791	35-20 클리어 덱 공유합니다	모모카
8512	2026-08-04	1	0	415	35-10 클리어	어느새
8505	2026-08-04	5	2	1170	34-30(쿨링민트맛 쿠키) 바궁, 밀키없이 클리어 기록	안경여우
8498	2026-08-04	2	4	275	ㅠㅠ맞교환 5명 구하니어쩌니 다 사기입니다	음머양
8478	2026-08-04	1	0	523	우없찐의 19-30 조합	여우야
8476	2026-08-04	0	2	45	추천인코드 교환합니다	cdh0721
8466	2026-08-04	0	0	28	추천인 코드 교환합니다!!	고위슬람
8435	2026-08-04	1	6	1938	32-30 클리어 덱 공유	도미
8423	2026-08-04	0	2	34	추천인교환합니다	산이
8417	2026-08-04	1	0	135	5렙을 향해 달리는 1TOP 길드원 모집중!!	포켓몬좋아합니당
8400	2026-08-04	1	1	578	누가 전갈덱좀 올려 주십쇼	방국봉
8398	2026-08-04	7	3	864	35-10 패턴 안좋아도 깨는법	김독자
8345	2026-08-04	181	23	7852	NEW 아레나 힐러덱	도미
8331	2026-08-03	4	1	927	35-30 덱 공유	나무정령
8321	2026-08-03	99	7	4009	쿨링민트, 비겁한 쿠키, 아레나 덱 추천	김독자
8313	2026-08-03	1	2	676	2.8m 35-10 클	종결대마도사
8282	2026-08-03	3	2	458	뉴비의 희망 명랑덱 공략 (영상)	서신우
8275	2026-08-03	0	1	368	퀘스트는 무조건 해야 됩니다 (영상)	서신우
8259	2026-08-03	0	1	766	35-10 클리어 덱 공유합니다	모모카
8240	2026-08-03	3	3	777	10- 30 클리어 !!!!!!!!	박각시
8231	2026-08-03	7	16	1451	34-30 공략 :-)	별이꽁
8221	2026-08-03	3	2	671	34-30 클리어 작은 팁	모모카
8209	2026-08-03	1	5	1285	32-30 (비겁한 쿠키) 클리어 기록	안경여우
8203	2026-08-03	1	10	430	고수님들 덱 평가 부탁드립니당	명량한망고
8201	2026-08-03	0	1	41	맞교환 하실분	발트하자르
8200	2026-08-03	0	2	199	둘 중에 쓸 딜러 한마리만 골라주세요	MARPIK
8181	2026-08-03	0	5	307	10-30 덱 봐주세요!ㅠ	쿠키런리센느
8125	2026-08-03	1	0	443	11-30 깬 조합 공유	여우야
8110	2026-08-03	0	2	1244	광고스킵만한 무과금초보유저입니다. 덱추천이랑. 슈가룬 머해야하는지 시너지어케하는지 알려주세요ㅜ	광안리사나이
8108	2026-08-03	0	1	36	추천인 링크 같이해여	아바라맛나
8035	2026-08-03	0	1	268	29-30	Ffh
8026	2026-08-03	1	6	574	34-30 0.4s 온몸비틀기덱	어느새
8018	2026-08-03	4	0	1432	모든 스테이지 공략(10-30...)+ 숨겨진 꿀캐 추천 재업	희당맛쿠키
8004	2026-08-03	274	49	11943	더 이상 아레나에서 꿀리지 않는 덱 추천	그니그니
7993	2026-08-03	45	35	3310	32-30 비겁한 쿠키 공략 & 컨트롤 꿀팁	초이헌
7983	2026-08-03	5	1	281	길드장이라면 필요한 길드원 관리 프롬포트(제미나이)	쿠키런GM
7979	2026-08-03	0	3	966	24-30 공략	포르쉐gts
7973	2026-08-03	0	3	375	10-30 깨는 조합 위치베리 악마맛쿠키 두마리면 다 해치움	캐슬
7968	2026-08-03	0	2	703	30-30 덱 어케짜야하나요?	오리빵
7956	2026-08-03	0	2	1363	크럼블 신규쿠폰 모음집	seonhong712
7896	2026-08-03	0	3	49	추천인 링크 같이 나눠요!!!	슈슉슈슉
7891	2026-08-03	0	0	11	추천인 부탁드림다	청주에스파
7879	2026-08-03	0	2	122	추천인 코드 입력하는곳 어디있나요?	방사능고양이
7851	2026-08-03	0	12	559	10 30 좀 도와주세요	아미
7848	2026-08-03	16	34	2324	37-20,37-30 클리어덱	그니그니
7843	2026-08-03	1	1	436	27-20공략	파동Padong
7827	2026-08-03	0	1	35	친추 이벤트 입니다	손수 만든 돌맹이
7793	2026-08-03	0	1	220	공포거는 보스몹 컨트롤 영상	하츠
7790	2026-08-03	1	3	1764	게임 체감이 100프로 달라지는 패키지 추천	슈슈
7774	2026-08-03	7	1	1135	27-30 Tssr 없이 클리어 공략 (다른 비겁한 쿠키 스테이지도 ㄱㄴ)	엉엉재수는안돼
7770	2026-08-03	6	7	1300	친구추가 이벤트 혼자서 하는 법.	뽀미포미
7753	2026-08-03	0	1	21	추천인코드 가능하신분 한번씩만 부탁드립니다!!	산이
7747	2026-08-03	7	17	2031	33-30 클리어 덱 공유합니다	모모카
7714	2026-08-03	18	13	2687	무과금 ㄱㅊ은 조합	뽀미포미
7687	2026-08-03	0	0	250	덱 추천	여름바다
7657	2026-08-03	0	0	85	덱조합좀 부탁해요	인천G스탄
7644	2026-08-03	0	3	264	10-30 헬프ㅠㅠㅠㅠㅠㅠ	파람쥐
7631	2026-08-03	0	0	430	26-30공략(트즐X)	파동Padong
7598	2026-08-03	8	10	1873	32-30 클리어 덱 공유합니다	모모카
7577	2026-08-03	0	1	275	비겁이 잡는 뱀파덱 공략 (영상)	서신우
7547	2026-08-03	0	0	119	덱 어케 짤지 도와주세요 ㅠㅠㅠ	Lua
7538	2026-08-03	6	6	1305	33-30 공략 :-)	별이꽁
7499	2026-08-03	19	37	2035	32-20 얼음 사탕골렘 공략덱	선민
7483	2026-08-03	15	21	1755	32-30 공략 :-)	별이꽁
7463	2026-08-03	8	11	1174	32-18 설인 공략덱	선민
7439	2026-08-03	3	13	1031	35-30 2.79m 클리어 	우다다
7431	2026-08-03	0	0	102	덱 추천좀 부탁드릴게요	여름바다
7424	2026-08-03	39	9	2892	상황별 저스펙 덱공유	lillliiiillliil
7417	2026-08-03	2	2	844	27-30 덱공유	야삐티렁
7416	2026-08-03	4	1	576	쿠키런크럼블 능력치 정리	사계
7410	2026-08-03	0	1	206	뉴비 입니다ㅜ 임플란트 어떻게 여나요?	Mainoo
7405	2026-08-03	5	1	306	쿨링민트맛 쿠키 보스전 공략 (영상)	서신우
7400	2026-08-03	0	0	90	32-18 덱공유좀요	울라팔라
7373	2026-08-02	3	4	613	'부스러기 쟁탈전' 추측	쿠쿠루핑퐁
7363	2026-08-02	5	13	1069	35-10 2.79m 클리어 (동영상 O)	우다다
7331	2026-08-02	0	0	720	막힌 스테이지를 쉽게! 시너지 완벽 가이드	김바보tv
7324	2026-08-02	0	1	47	추천 링크 교환해요	니와꾸실화냐
7318	2026-08-02	0	3	737	조금전 32-20 클리어덱 조합하시는데 참고하시라고 공유드립니다	쿠키도도
7312	2026-08-02	0	0	110	덱짜주세요 ㅠ	Veyron
7310	2026-08-02	0	0	138	[품격] 우상향 길드 ! 상위권 지향 ! 길드원 모집 !	나의군주
7296	2026-08-02	0	2	214	제발 한번만 도와주세요	도나냐토아
7273	2026-08-02	1	3	762	32-30 2M 73K 클리어 조합	ppppqqqq
7270	2026-08-02	1	23	645	10-30덱 짜주실분 ㅠㅠ	애기토끼녕
7220	2026-08-02	110	10	7855	[꿀팁사이트] 쿠키런크럼블 시너지/조합/스텔라링크/티어표/쿠폰	다니엘123
7215	2026-08-02	0	0	239	8-30덱 추천받습니다ㅜㅜ	구우우울
7156	2026-08-02	5	1	1037	30-20 클리어한 덱입니다.. 전갈 중첩을 잘 쌓아야하더군요.. 참고하실분은 하세여...	쿠키도도
7117	2026-08-02	0	0	51	룬결정은 어디서 쓰나요?	나쁜말양파
7091	2026-08-02	11	8	1331	35-10 공략법 전투력 2.98M	그니그니
7053	2026-08-02	0	1	32	추천코드 맞교하실분	츄로로
7042	2026-08-02	0	2	779	30-20 ~~ 	johnheart
7012	2026-08-02	19	17	1982	35-30 공략법 2.96M 클리어덱	그니그니
6973	2026-08-02	0	6	326	완전 뉴비입니다	나쁜말양파
6944	2026-08-02	0	3	36	친구초대 맞교 해요	도레미
6926	2026-08-02	4	3	677	10-30 공략	럭시
6920	2026-08-02	0	1	147	추천인코드 입력하고 새콤달곰 받아가세용!	남남수수학학원
6897	2026-08-02	0	1	108	친구추천 코드 맞교환 게스트 계정 5개 있음	굴착기인천
6884	2026-08-02	0	2	683	스토리 미는덱, 32-20에서 막혔습니다	바이올렛
6862	2026-08-02	6	4	1661	🔥10-30 못깬분들을 위한 공략법	쿠키런과 살아가기
6859	2026-08-02	0	0	83	32 10 도와주세요	울라팔라
6824	2026-08-02	2	4	2426	오븐방랑자&lt;&lt;구리니까 뽑지마시고 파티에서 빼세요	내어어듀
6823	2026-08-02	7	9	1332	1.933s 32-30 덱 공유	어느새
6761	2026-08-02	6	3	1084	스테이지+ 쿠키 공략 재업	희당맛쿠키
6754	2026-08-02	1	0	489	10-30 클리어 후기	verywise
6744	2026-08-02	2	21	2327	34-30 2.5m클리어 조합 다시올림	kjh
6720	2026-08-02	0	1	44	친추 이벤트	손수 만든 돌맹이
6694	2026-08-02	2	1	558	32-30 (2.05m) 클	아스라Asra
6693	2026-08-02	0	2	426	뽑으면 좋은 쿠키 있나요?	앙미녁띠
6691	2026-08-02	4	11	514	32-10 아이스콘 듀얼 나이트 공략덱	선민
6675	2026-08-02	0	0	610	11-30(정답은 연타)	집밖으로ㅔ
6659	2026-08-02	2	2	849	19-30 공략!	파동Padong
6612	2026-08-02	0	2	45	맞교환 하실분 1분 인증 가능합니다	윤채ㅇㅇ
6579	2026-08-02	0	1	428	쿠키런 크럼블 이벤트 코드 및 추천인 등록방법	쿠키맛똥
6541	2026-08-02	45	19	2854	32-30 2.02m 클리어 덱 (29,30,31스테 클리어 덱 포함)	우다다
6523	2026-08-02	0	0	248	29-20 도와주세요 ㅠㅠ	FooGoo
6431	2026-08-02	54	17	3459	비겁한 맛 쿠키 공략 (32-30 35-30 등)	불머
6427	2026-08-02	85	6	4215	숨겨진 모험 꿀캐(쿠키) 소개	희당맛쿠키
6406	2026-08-02	6	4	774	31-30 보스 기억 안남	선민
6383	2026-08-02	0	4	31	친구 초대 맞교환합니다	IKEVL
6347	2026-08-02	4	0	548	32-30 전투력 2m 188k 저스팩 클리어 공략	크럼블키런
6334	2026-08-02	0	4	506	32-30에서 막혔어요,,, 	쿠럼츄
6299	2026-08-02	7	5	932	24-30 Tssr 없는 클리어 조합	엉엉재수는안돼
6277	2026-08-02	2	0	260	친구초대 개꿀팁 드려요	미미미미비지디기리티
6260	2026-08-02	1	6	997	어떻게덱을짜야할까요?	Namjaa
6249	2026-08-02	0	0	51	치명타 지원 시트러스	정애준
6188	2026-08-02	2	10	897	31-20 보스 기억안남	묘월
6105	2026-08-02	0	6	838	32-30 클리어덱	김애옹
6092	2026-08-02	5	5	1069	30-30 쿨링민트 공략덱	묘월
6062	2026-08-01	5	1	521	U등급의 희망 악마덱 공략 (영상)	서신우
6032	2026-08-01	3	2	608	9-30 덱 추천	모찌성
6024	2026-08-01	0	0	668	전투력 179k 뉴비의 10-30 클리어덱 공유	힐데베르트
6005	2026-08-01	0	0	446	현재 마지막 168-21 스테이지 보상	태훈
5967	2026-08-01	0	1	275	덱 괜찮은지 평가 부탁드립니다~	명량한망고
5962	2026-08-01	1	0	721	10-30 클리어덱 + 덱추천	열무
5956	2026-08-01	0	5	103	친구초대 이벤트입니다 한번씩만 해주세요..	노련한겜돌이
5934	2026-08-01	1	4	309	8-30 어떻게 깨나요??ㅠㅠㅠㅠ	얌얌삐
5930	2026-08-01	35	17	2550	32-30 비겁한 쿠키 보스 공략법	그니그니
5902	2026-08-01	2	0	643	tssr,컨트롤 없이 10-30 깬 조합	야삐티렁
5899	2026-08-01	0	1	121	길드 같이 오래 하실분 구해요! 방치겜 좋아하는분 환영	구글
5890	2026-08-01	13	0	726	길드 기여도 운영에 대한 정리글	담담
5875	2026-08-01	30	33	2275	혼자서 친구 이벤트 올클 하는 법	태윤
5873	2026-08-01	0	0	458	10-30 TSSR 없이 깨는 공략 재업	쿠키38
5815	2026-08-01	4	1	572	11-30 조합 공유합니다	어라라라
5762	2026-08-01	0	0	556	혹시 티어표 나온거 잇나요	가든
5761	2026-08-01	0	1	255	&lt;모집마감&gt;길드 평균 전투력 3.2M 길드원 모집합니다	ROYAL
5741	2026-08-01	0	0	231	32-30 투력 얼마에깨지나요..? 2.3M인데 원콤나는데 ㅋㅋ	오이시에
5693	2026-08-01	78	2	4842	스텔라 링크(별자리)	백산
5684	2026-08-01	6	7	1108	바궁 방랑자 아예 없는 24-30 공략	ghoti
5679	2026-08-01	0	0	127	크럼블 방치 중이라면 무한 달리기 버그 꼭 체크하세요 (영상)	서신우
5674	2026-08-01	3	1	387	11 20 깬 조합	가오리임
5584	2026-08-01	0	2	465	덱을 어떻게 짜야할지 도와주세요ㅠㅠ	송송핑
5582	2026-08-01	0	4	129	친구 이벤트 해주세요 아직도 0명이에요	손수 만든 돌맹이
5577	2026-08-01	0	4	74	추천인입력해주시고 댓글달면 바로 해드릴께요!	dnc
5575	2026-08-01	1	2	1344	사용 가능한 쿠폰 & 등록 방법	bjt
5557	2026-08-01	0	0	467	10-30 약간 공략?	퓨어바닐라 쿠키
5552	2026-08-01	106	24	7149	주관적 PVE(보스 스테이지) 전용 티어표	불머
5547	2026-08-01	0	1	474	쿠키 일반뽑기에서도 TSSR 등급 쿠키 나옵니다	지금몇십니까
5470	2026-08-01	5	1	623	24-30 공략	트리스타나
5467	2026-08-01	0	3	515	덱 추천해주세요!	촐초이
5453	2026-08-01	34	6	3837	티어표	쿠키런이 닉네임이다
5452	2026-08-01	0	0	29	친구 링크입니다	손수 만든 돌맹이
5448	2026-08-01	0	0	580	SR 위치베리 은근 괜찮은듯	갯강구
5442	2026-08-01	1	2	47	친구 초대 이벤트 입니다	손수 만든 돌맹이
5433	2026-08-01	0	3	326	10-30공략좀.	쿠키런이 닉네임이다
5430	2026-08-01	0	7	49	친구 코드 맞교 하실분 한분만	5486147
5337	2026-08-01	0	5	40	친구추천 해주시면 저도 해드릴게요!	jimmy0821
5219	2026-08-01	3	0	1041	(팁) 10-30, 11-20 클리어 조합	지은
5211	2026-08-01	0	0	668	쿠폰 코드입니다~	BENJI
5201	2026-08-01	3	0	499	10-30 전투력 148K로 깬 방법	추억
5182	2026-08-01	1	4	1853	(뉴비 필독!) 10-30에 막혀있는 뉴비들을 위한 10-30 공략법 및 자잘한 팁들	쿠럼블 하루 16시간
5167	2026-08-01	0	0	67	길드원 구합니다~	기우2
5137	2026-08-01	0	0	231	상대 친추 이벤트권 강탈하는법	카일라
5117	2026-08-01	3	9	1051	[팁] 30-30 쿨링민트 탈출 미세 팁	사계
5068	2026-08-01	78	12	4775	[공략] 스테이지가 막혔다? 이렇게 해보세요	큐푸
5061	2026-08-01	0	0	158	&lt;마감&gt;길드 전투력 평균 2.4M 길드원 모집합니다	ROYAL
5060	2026-08-01	0	0	31	길드원 구합니다	기우2
5002	2026-08-01	154	38	8036	크럼블 "모든 스테이지+21허브 공략" 저스팩 공략	희당맛쿠키
4986	2026-08-01	145	19	6699	&lt;크럼블헬퍼&gt; 스텔라링크 계산기 개선 :쿠키런 크럼블 시너지/조합/티어표	다니엘123
4975	2026-08-01	0	2	69	링크타고 댓글하시면 반사갑니다! 사기ㅈㅅ	DWS91
4968	2026-08-01	14	9	2099	10-30 공략법	s050에피
4956	2026-08-01	0	6	824	27-30 비겁한 쿠키 보스덱 짜주세요 	묘월
4928	2026-08-01	0	2	16	맞교 하실분	굥이남편
4913	2026-08-01	26	1	1334	■ 진짜 공략과 정보가 필요할 때 도움되는 링크모음 (친추링크X)	CrazyCat
4886	2026-08-01	2	0	287	석류+우유 공중첩 	도가빈
4868	2026-08-01	0	4	32	코드 교환하실분	츄로로
4791	2026-08-01	0	2	18	맞교	코기로이
4786	2026-08-01	8	0	524	공격력 버프 쿠키들 실험	카스라나
4747	2026-08-01	11	2	1305	[꿀팁] 시너지 / 스텔라링크 / 쿠폰 / 뽑기시뮬레이터	다니엘123
4734	2026-08-01	0	5	277	길드 평균 2M Lv.2 길드원 모집합니다	ROYAL
4707	2026-08-01	0	0	797	원덱으로 사용하기 좋은 전갈덱 공략 (영상)	서신우
4701	2026-08-01	3	4	623	19-30 클리어 덱	초코칩쿠키
4683	2026-08-01	0	0	311	11-30 조합	뽀미포미
4648	2026-08-01	0	0	487	10-30 빠르게 깨는 덱	뽀미포미
4635	2026-08-01	0	0	317	꿀팁 쿠폰 모음!!	케케케케케
4595	2026-07-31	3	5	692	10-30 꿀팁 	별공룡쿠키
4581	2026-07-31	5	1	793	32-30	로얄이
4570	2026-07-31	0	0	460	11-30 깬 조합	으앇
4560	2026-07-31	2	0	623	도움이 되셨음하고 올려 봅니다	야당남
4532	2026-07-31	1	0	453	오븐 10렙 패키지	김냥냥
4515	2026-07-31	0	0	149	고수님들 살려주십쇼	로얄이
4498	2026-07-31	0	9	84	친구초대 이벤트 하실분!!	낭만츠교
4493	2026-07-31	0	1	466	10-30 탈출	푸르팁스
4441	2026-07-31	12	11	1089	10-30 / 11-30 조합 공유 + 팁	트리스타나
4423	2026-07-31	1	5	404	10-30 안깨집니다 덱 좀 만들어주세요	인서울대학갈테야테야
4410	2026-07-31	0	5	339	10-30에 갇혔습니다 덱구합니다	쉐밀김볶밥
4408	2026-07-31	1	1	295	막히는구간 10-30 등등 성공방법	길드
4406	2026-07-31	4	0	722	쿠폰 떳네요!!! 등록하세요!!	가라도스
4328	2026-07-31	1	1	890	쿠키 레벨 초기화 및 경험치 반환	파동Padong
4285	2026-07-31	0	1	30	친구초대 이벤트 해용	써율
4239	2026-07-31	0	2	207	덱 좀 짜주세요ㅠㅠ	계
4184	2026-07-31	0	0	18	추천인 지금 실시간 맞교환 하실분	기파니
4167	2026-07-31	0	0	82	랭커길드	로얄이
4145	2026-07-31	0	2	56	친구 0명입니다 펫 같이 얻어요	12315546321
4087	2026-07-31	0	0	165	덱 짜주실분......	IHeaveni
4076	2026-07-31	0	1	461	24-30 도와주세요	안용감한쿠키
4057	2026-07-31	0	2	408	10-30 수동 조작도 하고 왼쪽 위로 몰아서도 해봤는데 못 깨겠습니다 덱 좀 추천 해주실 분 ㅠ	치킨좋다
4036	2026-07-31	5	0	334	171.73k로 10-30 스탯	아카이온
3935	2026-07-31	0	5	30	친추 이벤트 참여해요	호호하핳ㅎ
3933	2026-07-31	0	0	27	크럼블 친추 하실분!! 코드:GTBZV9398	st비비
3897	2026-07-31	2	3	946	11-10 드디어 깼네요	통새우
3892	2026-07-31	0	3	181	진행하다 막히시는 분들은 와보세요 (영상)	서신우
3857	2026-07-31	0	0	29	친구 추가 맞팔	빵이
3815	2026-07-31	8	4	984	■ 친구초대 맞교 제대로 하는 방법: 사기 안당하는 방법 ■	CrazyCat
3757	2026-07-31	0	10	413	친구초대 확인법	경기ll무지
3743	2026-07-31	3	0	355	15-1이 목표인 분들을 위한 뉴비 가이드 (영상)	서신우
3740	2026-07-31	0	6	23	친구 교환해요!	경기ll무지
3734	2026-07-31	0	0	136	쿠폰입력 사이트	가라도스
3714	2026-07-31	0	12	32	친구추가 맞교해요~	sk나나
3701	2026-07-31	1	1	334	11-30 깨신분들 조언좀요 ㅜ	커하1
3692	2026-07-31	1	2	548	11-30 클리어 조합	도넛빵
3681	2026-07-31	0	6	33	맞교 실시간 바로갑니다. 친추이벤트!	미후락
3657	2026-07-31	0	1	156	덱 추천 해주세요	오이당근수박
3622	2026-07-31	0	1	444	19-30 클	델엔
3549	2026-07-31	0	3	473	8-30 어케깨나요??	헷
3537	2026-07-31	0	3	21	친구추천 맞교환 하실분	문브릿지
3504	2026-07-31	0	7	34	추천코드 맞교환합니다	문브릿지
3498	2026-07-31	0	1	8	친구교환해요	37아재
3477	2026-07-31	0	1	13	친구초대 맞교환 해요	문브릿지
3432	2026-07-31	0	0	110	유저코드가 검열을 당하는게 맞아..?	엄청난초보자
3431	2026-07-31	0	2	28	친구초대	쿠우키
3392	2026-07-31	46	26	3438	10-30 스테이지 공략법 찾음 ( 방랑자X , 바궁X 없이 깨는 법)	네모안에공을느
3380	2026-07-31	0	3	29	친구초대 맞교환해요	글릿
3373	2026-07-31	0	4	21	친추 맞교환하실분	mkip15
3339	2026-07-31	0	3	14	친구 링크교환.	최은율
3297	2026-07-31	9	4	1079	11-30 깨달음을 얻어서 공유하러 왔습니다	음머양
3181	2026-07-31	0	1	20	친구초대	아몬드봉봉봉
3179	2026-07-31	0	1	10	친구초대	Yujc
3170	2026-07-31	0	1	9	친구초대	Yujc
3169	2026-07-31	0	2	24	친구초대 맞교환해요~	희희희
3127	2026-07-31	0	1	11	친구 맞교환해요	코재
3126	2026-07-31	2	0	485	스텔라 링크 최적화 계산기 공유합니다	2134nd
3113	2026-07-31	0	4	28	추천인 맞교환 1명!	츄츄멀린
3095	2026-07-31	0	11	85	크럼블 링크 타고 와주실 분 구합니다 저도 해드려요	크럼블하는닝겐
3069	2026-07-31	0	4	14	친구 교환 하실분	수린나
2986	2026-07-31	0	1	16	친구추가이벤트 맞교환하실분	영호
2965	2026-07-31	1	3	25	친구 맞교환 하실붘	홈런왕김도영
2957	2026-07-31	0	0	10	친구초대. HVMGP5101	수원왕갈비통닭
2952	2026-07-31	10	2	1042	10 - 30 TSSR 없이 클	시리얼
2923	2026-07-31	0	1	7	친구 교환 하실붐	홈런왕김도영
2905	2026-07-31	0	0	14	친구 초대 이벤트 	개굴이
2810	2026-07-31	0	1	14	추천인 GXQDX2661	마따따비
2681	2026-07-30	93	22	3953	쿠키런 크럼블 시너지 / 스텔라링크 사이트	다니엘123
2663	2026-07-30	0	2	49	친추이벤 	플랫b
2573	2026-07-30	0	1	16	맞추천하실분	Zx44
2558	2026-07-30	47	6	2409	스텔라링크 (별자리) 효율적으로 찍는법	다니엘123
2551	2026-07-30	1	0	444	스테이지 11-30 공략 (영상)	서신우
2535	2026-07-30	0	4	17	친구초대	오만가지사자
2502	2026-07-30	2	3	572	한시간만 기다리면 난이도 조정이 돼요!!!!!!!!!!!!!	단순한 시금치
2493	2026-07-30	31	2	1619	스텔라 핑크 별자리 설정 미세팁	용사맛 쿠키
2469	2026-07-30	0	0	188	단 한시간만 지나면 난이도 조정이 되요? ?	단순한 시금치
2453	2026-07-30	0	1	28	맞추천바로갑니다	Zx44
2418	2026-07-30	0	1	14	친구 초대 이벤트 해주세요~	손수 만든 돌맹이
2245	2026-07-30	0	2	21	친구이벤트 교환해요~	aas223451ss
2223	2026-07-30	0	4	49	친추 이벤트 해요! 1-30 완료	Vocalise
2210	2026-07-30	0	4	18	친구초대 이벤트 하실분	dbswhdgn29
2200	2026-07-30	0	2	56	친추이벤트 1-30 넘었어요 댓글 ㄱ	KG33
2168	2026-07-30	1	0	64	한번 먹어볼게요	나사실김리호
1966	2026-07-30	33	8	3327	과금 효율표 공유	똥쿠키
1949	2026-07-30	0	4	28	친추이벤트	호호하핳ㅎ
1911	2026-07-30	0	4	54	친추해요!! 1-30 돌파한 상태	정해
1840	2026-07-30	0	1	27	친초 이벤트 !  다같이 성장해요 !!	음끼끼
1830	2026-07-30	0	1	33	이벤트 참여하세요	란히잉
1813	2026-07-30	0	1	25	친구추천 보상받아가세요 링크있어요	란히잉
1789	2026-07-30	0	1	19	친추 이벤트 ㄱㄱ	L3en
1733	2026-07-30	0	1	15	친구초댜	나나나나난난
1674	2026-07-30	0	1	4	DQLSK5149 친추 맞교요	sdfazsdf
1570	2026-07-30	0	0	13	친추 맞교환 하실분~	둘리
1558	2026-07-30	0	1	11	MXQRB3228 맞교용	만용
1543	2026-07-30	0	2	20	친추 후 댓글 주세요 QCFNT3796	식추
1507	2026-07-30	0	0	13	KFNLT7873 추천인 맞교환해요	킹어킹
1496	2026-07-30	1	0	415	과금효율	김바보tv
1475	2026-07-30	0	3	21	추천인 맞교환 하실분 댓글 남겨주세요 	한걸음부터
1455	2026-07-30	1	0	88	다들 다운받으시고 SSR펫 받아가셔요~	닥터G
1434	2026-07-30	3	1	608	시작하는 분들을 위한 기초 진행가이드	김바보tv
1397	2026-07-30	0	0	413	6-30 공략 팁 부탁	고분자
1374	2026-07-30	0	4	17	추천인 맞교환해요 XYJFN3878	mint
1347	2026-07-30	0	8	49	펫 친구이벤트 제꺼 확인후 해드릴게요	동주놈
1321	2026-07-30	1	1	231	친구 초대/코드 어디에 입력 하는지 헷갈리시는분들 꿀 팁	나다
1311	2026-07-30	1	5	27	친구초대 맞교할사람	Wweew332
1258	2026-07-30	0	4	257	3ㅡ10 깰수있기는하나요???	사과
1223	2026-07-30	0	1	15	오래하실분 XKTVD0055	악랄한비둘기
1202	2026-07-30	0	2	43	친구 초대 펫 받기 같이해요~	진진저라
1093	2026-07-30	0	3	33	친추초대 이벤트	음끼끼
1081	2026-07-30	0	4	519	3-30 공략 좀 도와주세요	버느나무 해파리
1079	2026-07-30	0	0	21	친추초대 이벤트 !!	음끼끼
1072	2026-07-30	0	0	50	ssr 펫 받아서 같이 잘 커봅시다 QLSDH4159	201동주민
1071	2026-07-30	0	0	16	친구초대이벤트	음끼끼
1059	2026-07-30	1	2	553	🔥🔥🔥미드쿠폰 1200 !! 사진 첨부!! 	신카닷
1022	2026-07-30	0	1	169	3-30 깨는 법 알려주실분...	원투밍
1009	2026-07-30	2	2	546	임플란트 타워 21층 공략	신유나
990	2026-07-30	1	1	633	🔥🔥미드쿠폰 1200!! 사진 첨부!	신카닷
979	2026-07-30	0	0	47	추천인코드 쉽게 링크 누르시고 SSR펫 받아가세요~~~(2자리남음☆)https://crumble.onelink.me/cfu9/gh3vzc2g?deep_link_action=invite&deep_link_value=MPLTN1707	용섹
962	2026-07-30	0	0	15	추천코드 쉽게 링크누르고 SSR펫 받아가세요!!(3자리남음)https://crumble.onelink.me/cfu9/gh3vzc2g?deep_link_action=invite&deep_link_value=MPLTN1707	용섹
960	2026-07-30	0	0	7	FNFVV0664 추천인코드	도도
957	2026-07-30	0	0	16	추천인코드 링크 누르고 SSR펫 받아가세요☆https://crumble.onelink.me/cfu9/gh3vzc2g?deep_link_action=invite&deep_link_value=MPLTN1707	용섹
925	2026-07-30	0	0	8	FNFVV0664 추천인코드	도도
923	2026-07-30	0	0	355	할인받아서 광고제거 2500원에 구매하기	김바보tv
907	2026-07-30	0	0	11	MPLTN1707     추천친구등록하고 SSR선물받으세요☆☆☆	용섹
901	2026-07-30	0	0	3	@@@ 추천인코드 WLWCH5373 @@@	용갈스
878	2026-07-30	2	0	374	혼자서 친추 이벤트 하는 방법	ㅇㅅㅇ
877	2026-07-30	0	0	5	추천인 교환해요 XYJFN3878	mint
865	2026-07-30	0	0	4	FNFVV0664 추천인코드	도도
842	2026-07-30	0	0	6	FNFVV0664 추천인코드	도도
827	2026-07-30	0	0	5	VYQJW5686 입력하고 SSR 받아요!!	신선
822	2026-07-30	0	0	7	MPLTN1707 추천친구등록하고 선물받으세요☆☆☆	용섹
817	2026-07-30	0	0	10	FNFVV0664 추천인 코드	도도
808	2026-07-30	0	0	11	친구 초대 이벤트로 ssr 펫 받아 가세요 mid-PDSNQ5659	전설
805	2026-07-30	0	0	2	FNFVV0664 추천인 코드 입력하세용	도도
801	2026-07-30	0	0	0	MPLTN1707 추천친구등록하고 선물받으세요☆☆☆	용섹
795	2026-07-30	0	1	33	칼반사	한강물
751	2026-07-30	0	0	7	친구구해요	한강물
732	2026-07-30	0	0	7	친구구해요 바로 해드립니다.	한강물
730	2026-07-30	3	3	850	사전예약 보상 해금 조건 관련해서	보라도리
681	2026-07-30	1	1	636	a17로 1시간 방치 돌려본 결과	계란찜0827
659	2026-07-30	0	5	146	3-10 어캐밀어요?? 3-9랑 너무달라요	신나윤율
658	2026-07-30	0	0	21	친구 초대 이벤트로 ssr 펫 받아 가세요 mid-PDSNQ5659	전설
654	2026-07-30	0	0	3	친구추가 해주세요	효자동12
581	2026-07-30	0	0	17	링크타고 친구초대로 시작하시면 SSR펫 줍니다!!!!	데뎁더
580	2026-07-30	0	0	6	친구 초대 이벤트로 ssr 펫 받아 가세요 mid-PDSNQ5659	전설
560	2026-07-30	0	0	4	BMJYT3540 서로 친구추천 하실분 한분~	도노반
532	2026-07-30	0	0	16	링크타고 친구초대로 시작하시면 SSR펫 줍니다!!!!	데뎁더
506	2026-07-30	0	0	14	추천하면 펫준데요~~ mid-PDSNQ5659	전설
504	2026-07-30	0	3	46	친구초대 RNTSD6665 하시고 SSR 서로 받고 시작해요!! 	wuwj
479	2026-07-30	0	0	9	추천코드 SNFDC8248 // 입력하고 ssr 펫 받아가세요~!!	빛으로머리깨기
474	2026-07-30	0	0	17	링크타고 친구초대로 시작하시면 SSR펫 줍니다!!!!	데뎁더
394	2026-07-30	0	0	22	링크타고 친구초대로 시작하시면 SSR펫 줍니다!!!!	데뎁더
382	2026-07-30	0	0	24	친구 초대 이벤트 참여하고 SSR 펫 무료로 받자!!	우훙
378	2026-07-30	0	0	52	링크타고 친구초대로 시작하시면 SSR펫 줍니다!!!!	데뎁더
68	2026-06-29	7	5	809	초코왕방울의 잃어버린 보물 지도 암호 공략	석류
